[2026/01/18 12:35:56]--------------------------------------------------
server:Array
(
    [SHELL] => /bin/bash
    [HISTCONTROL] => ignoredups
    [HOSTNAME] => kn-macbookair
    [HISTSIZE] => 1000
    [LC_ADDRESS] => ja_JP.utf8
    [LC_NAME] => ja_JP.utf8
    [LC_MONETARY] => ja_JP.utf8
    [GPG_TTY] => /dev/pts/1
    [EDITOR] => /usr/bin/nano
    [PWD] => /var/www/cgi-bin
    [LOGNAME] => kn
    [XDG_SESSION_TYPE] => tty
    [_] => /usr/bin/nohup
    [MOTD_SHOWN] => pam
    [HOME] => /home/kn
    [SSH_ASKPASS] => /usr/bin/ksshaskpass
    [LANG] => ja_JP.utf8
    [LC_PAPER] => ja_JP.utf8
    [LS_COLORS] => rs=0:di=01;34:ln=01;36:mh=00:pi=40;33:so=01;35:do=01;35:bd=40;33;01:cd=40;33;01:or=40;31;01:mi=01;37;41:su=37;41:sg=30;43:ca=00:tw=30;42:ow=34;42:st=37;44:ex=01;32:*.7z=01;31:*.ace=01;31:*.alz=01;31:*.apk=01;31:*.arc=01;31:*.arj=01;31:*.bz=01;31:*.bz2=01;31:*.cab=01;31:*.cpio=01;31:*.crate=01;31:*.deb=01;31:*.drpm=01;31:*.dwm=01;31:*.dz=01;31:*.ear=01;31:*.egg=01;31:*.esd=01;31:*.gz=01;31:*.jar=01;31:*.lha=01;31:*.lrz=01;31:*.lz=01;31:*.lz4=01;31:*.lzh=01;31:*.lzma=01;31:*.lzo=01;31:*.pyz=01;31:*.rar=01;31:*.rpm=01;31:*.rz=01;31:*.sar=01;31:*.swm=01;31:*.t7z=01;31:*.tar=01;31:*.taz=01;31:*.tbz=01;31:*.tbz2=01;31:*.tgz=01;31:*.tlz=01;31:*.txz=01;31:*.tz=01;31:*.tzo=01;31:*.tzst=01;31:*.udeb=01;31:*.war=01;31:*.whl=01;31:*.wim=01;31:*.xz=01;31:*.z=01;31:*.zip=01;31:*.zoo=01;31:*.zst=01;31:*.avif=01;35:*.jpg=01;35:*.jpeg=01;35:*.mjpg=01;35:*.mjpeg=01;35:*.gif=01;35:*.bmp=01;35:*.pbm=01;35:*.pgm=01;35:*.ppm=01;35:*.tga=01;35:*.xbm=01;35:*.xpm=01;35:*.tif=01;35:*.tiff=01;35:*.png=01;35:*.svg=01;35:*.svgz=01;35:*.mng=01;35:*.pcx=01;35:*.mov=01;35:*.mpg=01;35:*.mpeg=01;35:*.m2v=01;35:*.mkv=01;35:*.webm=01;35:*.webp=01;35:*.ogm=01;35:*.mp4=01;35:*.m4v=01;35:*.mp4v=01;35:*.vob=01;35:*.qt=01;35:*.nuv=01;35:*.wmv=01;35:*.asf=01;35:*.rm=01;35:*.rmvb=01;35:*.flc=01;35:*.avi=01;35:*.fli=01;35:*.flv=01;35:*.gl=01;35:*.dl=01;35:*.xcf=01;35:*.xwd=01;35:*.yuv=01;35:*.cgm=01;35:*.emf=01;35:*.ogv=01;35:*.ogx=01;35:*.aac=01;36:*.au=01;36:*.flac=01;36:*.m4a=01;36:*.mid=01;36:*.midi=01;36:*.mka=01;36:*.mp3=01;36:*.mpc=01;36:*.ogg=01;36:*.ra=01;36:*.wav=01;36:*.oga=01;36:*.opus=01;36:*.spx=01;36:*.xspf=01;36:*~=00;90:*#=00;90:*.bak=00;90:*.crdownload=00;90:*.dpkg-dist=00;90:*.dpkg-new=00;90:*.dpkg-old=00;90:*.dpkg-tmp=00;90:*.old=00;90:*.orig=00;90:*.part=00;90:*.rej=00;90:*.rpmnew=00;90:*.rpmorig=00;90:*.rpmsave=00;90:*.swp=00;90:*.tmp=00;90:*.ucf-dist=00;90:*.ucf-new=00;90:*.ucf-old=00;90:
    [SSH_CONNECTION] => 192.168.1.79 51368 192.168.1.126 22
    [MOZ_GMP_PATH] => /usr/lib64/mozilla/plugins/gmp-gmpopenh264/system-installed:/var/lib/widevine/gmp-widevinecdm/system-installed
    [XDG_SESSION_CLASS] => user
    [SELINUX_ROLE_REQUESTED] => 
    [TERM] => xterm-256color
    [LC_IDENTIFICATION] => ja_JP.utf8
    [LESSOPEN] => ||/usr/bin/lesspipe.sh %s
    [USER] => kn
    [SELINUX_USE_CURRENT_RANGE] => 
    [SHLVL] => 1
    [LC_TELEPHONE] => ja_JP.utf8
    [LC_MEASUREMENT] => ja_JP.utf8
    [XDG_SESSION_ID] => 15
    [XDG_RUNTIME_DIR] => /run/user/1000
    [SSH_CLIENT] => 192.168.1.79 51368 22
    [DEBUGINFOD_URLS] => https://debuginfod.fedoraproject.org/ 
    [LC_TIME] => ja_JP.utf8
    [DEBUGINFOD_IMA_CERT_PATH] => /etc/keys/ima:
    [KDEDIRS] => /usr
    [XDG_DATA_DIRS] => /home/kn/.local/share/flatpak/exports/share:/var/lib/flatpak/exports/share:/usr/local/share:/usr/share
    [PATH] => /home/kn/.local/bin:/home/kn/bin:/usr/local/bin:/usr/bin
    [SELINUX_LEVEL_REQUESTED] => 
    [DBUS_SESSION_BUS_ADDRESS] => unix:path=/run/user/1000/bus
    [MAIL] => /var/spool/mail/kn
    [SSH_TTY] => /dev/pts/1
    [LC_NUMERIC] => ja_JP.utf8
    [OLDPWD] => /var/www/html/result
    [PHP_SELF] => /var/www/cgi-bin/kendo-realtime/src/wsServer.php
    [SCRIPT_NAME] => /var/www/cgi-bin/kendo-realtime/src/wsServer.php
    [SCRIPT_FILENAME] => /var/www/cgi-bin/kendo-realtime/src/wsServer.php
    [PATH_TRANSLATED] => /var/www/cgi-bin/kendo-realtime/src/wsServer.php
    [DOCUMENT_ROOT] => 
    [REQUEST_TIME_FLOAT] => 1768686442.0477
    [REQUEST_TIME] => 1768686442
    [argv] => Array
        (
            [0] => /var/www/cgi-bin/kendo-realtime/src/wsServer.php
        )

    [argc] => 1
)

msg:New Connection (145:0)

[2026/01/18 12:35:56]--------------------------------------------------
server:Array
(
    [SHELL] => /bin/bash
    [HISTCONTROL] => ignoredups
    [HOSTNAME] => kn-macbookair
    [HISTSIZE] => 1000
    [LC_ADDRESS] => ja_JP.utf8
    [LC_NAME] => ja_JP.utf8
    [LC_MONETARY] => ja_JP.utf8
    [GPG_TTY] => /dev/pts/1
    [EDITOR] => /usr/bin/nano
    [PWD] => /var/www/cgi-bin
    [LOGNAME] => kn
    [XDG_SESSION_TYPE] => tty
    [_] => /usr/bin/nohup
    [MOTD_SHOWN] => pam
    [HOME] => /home/kn
    [SSH_ASKPASS] => /usr/bin/ksshaskpass
    [LANG] => ja_JP.utf8
    [LC_PAPER] => ja_JP.utf8
    [LS_COLORS] => rs=0:di=01;34:ln=01;36:mh=00:pi=40;33:so=01;35:do=01;35:bd=40;33;01:cd=40;33;01:or=40;31;01:mi=01;37;41:su=37;41:sg=30;43:ca=00:tw=30;42:ow=34;42:st=37;44:ex=01;32:*.7z=01;31:*.ace=01;31:*.alz=01;31:*.apk=01;31:*.arc=01;31:*.arj=01;31:*.bz=01;31:*.bz2=01;31:*.cab=01;31:*.cpio=01;31:*.crate=01;31:*.deb=01;31:*.drpm=01;31:*.dwm=01;31:*.dz=01;31:*.ear=01;31:*.egg=01;31:*.esd=01;31:*.gz=01;31:*.jar=01;31:*.lha=01;31:*.lrz=01;31:*.lz=01;31:*.lz4=01;31:*.lzh=01;31:*.lzma=01;31:*.lzo=01;31:*.pyz=01;31:*.rar=01;31:*.rpm=01;31:*.rz=01;31:*.sar=01;31:*.swm=01;31:*.t7z=01;31:*.tar=01;31:*.taz=01;31:*.tbz=01;31:*.tbz2=01;31:*.tgz=01;31:*.tlz=01;31:*.txz=01;31:*.tz=01;31:*.tzo=01;31:*.tzst=01;31:*.udeb=01;31:*.war=01;31:*.whl=01;31:*.wim=01;31:*.xz=01;31:*.z=01;31:*.zip=01;31:*.zoo=01;31:*.zst=01;31:*.avif=01;35:*.jpg=01;35:*.jpeg=01;35:*.mjpg=01;35:*.mjpeg=01;35:*.gif=01;35:*.bmp=01;35:*.pbm=01;35:*.pgm=01;35:*.ppm=01;35:*.tga=01;35:*.xbm=01;35:*.xpm=01;35:*.tif=01;35:*.tiff=01;35:*.png=01;35:*.svg=01;35:*.svgz=01;35:*.mng=01;35:*.pcx=01;35:*.mov=01;35:*.mpg=01;35:*.mpeg=01;35:*.m2v=01;35:*.mkv=01;35:*.webm=01;35:*.webp=01;35:*.ogm=01;35:*.mp4=01;35:*.m4v=01;35:*.mp4v=01;35:*.vob=01;35:*.qt=01;35:*.nuv=01;35:*.wmv=01;35:*.asf=01;35:*.rm=01;35:*.rmvb=01;35:*.flc=01;35:*.avi=01;35:*.fli=01;35:*.flv=01;35:*.gl=01;35:*.dl=01;35:*.xcf=01;35:*.xwd=01;35:*.yuv=01;35:*.cgm=01;35:*.emf=01;35:*.ogv=01;35:*.ogx=01;35:*.aac=01;36:*.au=01;36:*.flac=01;36:*.m4a=01;36:*.mid=01;36:*.midi=01;36:*.mka=01;36:*.mp3=01;36:*.mpc=01;36:*.ogg=01;36:*.ra=01;36:*.wav=01;36:*.oga=01;36:*.opus=01;36:*.spx=01;36:*.xspf=01;36:*~=00;90:*#=00;90:*.bak=00;90:*.crdownload=00;90:*.dpkg-dist=00;90:*.dpkg-new=00;90:*.dpkg-old=00;90:*.dpkg-tmp=00;90:*.old=00;90:*.orig=00;90:*.part=00;90:*.rej=00;90:*.rpmnew=00;90:*.rpmorig=00;90:*.rpmsave=00;90:*.swp=00;90:*.tmp=00;90:*.ucf-dist=00;90:*.ucf-new=00;90:*.ucf-old=00;90:
    [SSH_CONNECTION] => 192.168.1.79 51368 192.168.1.126 22
    [MOZ_GMP_PATH] => /usr/lib64/mozilla/plugins/gmp-gmpopenh264/system-installed:/var/lib/widevine/gmp-widevinecdm/system-installed
    [XDG_SESSION_CLASS] => user
    [SELINUX_ROLE_REQUESTED] => 
    [TERM] => xterm-256color
    [LC_IDENTIFICATION] => ja_JP.utf8
    [LESSOPEN] => ||/usr/bin/lesspipe.sh %s
    [USER] => kn
    [SELINUX_USE_CURRENT_RANGE] => 
    [SHLVL] => 1
    [LC_TELEPHONE] => ja_JP.utf8
    [LC_MEASUREMENT] => ja_JP.utf8
    [XDG_SESSION_ID] => 15
    [XDG_RUNTIME_DIR] => /run/user/1000
    [SSH_CLIENT] => 192.168.1.79 51368 22
    [DEBUGINFOD_URLS] => https://debuginfod.fedoraproject.org/ 
    [LC_TIME] => ja_JP.utf8
    [DEBUGINFOD_IMA_CERT_PATH] => /etc/keys/ima:
    [KDEDIRS] => /usr
    [XDG_DATA_DIRS] => /home/kn/.local/share/flatpak/exports/share:/var/lib/flatpak/exports/share:/usr/local/share:/usr/share
    [PATH] => /home/kn/.local/bin:/home/kn/bin:/usr/local/bin:/usr/bin
    [SELINUX_LEVEL_REQUESTED] => 
    [DBUS_SESSION_BUS_ADDRESS] => unix:path=/run/user/1000/bus
    [MAIL] => /var/spool/mail/kn
    [SSH_TTY] => /dev/pts/1
    [LC_NUMERIC] => ja_JP.utf8
    [OLDPWD] => /var/www/html/result
    [PHP_SELF] => /var/www/cgi-bin/kendo-realtime/src/wsServer.php
    [SCRIPT_NAME] => /var/www/cgi-bin/kendo-realtime/src/wsServer.php
    [SCRIPT_FILENAME] => /var/www/cgi-bin/kendo-realtime/src/wsServer.php
    [PATH_TRANSLATED] => /var/www/cgi-bin/kendo-realtime/src/wsServer.php
    [DOCUMENT_ROOT] => 
    [REQUEST_TIME_FLOAT] => 1768686442.0477
    [REQUEST_TIME] => 1768686442
    [argv] => Array
        (
            [0] => /var/www/cgi-bin/kendo-realtime/src/wsServer.php
        )

    [argc] => 1
)

msg:onMessage: {"mode":1,"navi":1004,"places":["1"]}

[2026/01/18 12:37:54]--------------------------------------------------
server:Array
(
    [SHELL] => /bin/bash
    [HISTCONTROL] => ignoredups
    [HOSTNAME] => kn-macbookair
    [HISTSIZE] => 1000
    [LC_ADDRESS] => ja_JP.utf8
    [LC_NAME] => ja_JP.utf8
    [LC_MONETARY] => ja_JP.utf8
    [GPG_TTY] => /dev/pts/1
    [EDITOR] => /usr/bin/nano
    [PWD] => /var/www/cgi-bin
    [LOGNAME] => kn
    [XDG_SESSION_TYPE] => tty
    [_] => /usr/bin/nohup
    [MOTD_SHOWN] => pam
    [HOME] => /home/kn
    [SSH_ASKPASS] => /usr/bin/ksshaskpass
    [LANG] => ja_JP.utf8
    [LC_PAPER] => ja_JP.utf8
    [LS_COLORS] => rs=0:di=01;34:ln=01;36:mh=00:pi=40;33:so=01;35:do=01;35:bd=40;33;01:cd=40;33;01:or=40;31;01:mi=01;37;41:su=37;41:sg=30;43:ca=00:tw=30;42:ow=34;42:st=37;44:ex=01;32:*.7z=01;31:*.ace=01;31:*.alz=01;31:*.apk=01;31:*.arc=01;31:*.arj=01;31:*.bz=01;31:*.bz2=01;31:*.cab=01;31:*.cpio=01;31:*.crate=01;31:*.deb=01;31:*.drpm=01;31:*.dwm=01;31:*.dz=01;31:*.ear=01;31:*.egg=01;31:*.esd=01;31:*.gz=01;31:*.jar=01;31:*.lha=01;31:*.lrz=01;31:*.lz=01;31:*.lz4=01;31:*.lzh=01;31:*.lzma=01;31:*.lzo=01;31:*.pyz=01;31:*.rar=01;31:*.rpm=01;31:*.rz=01;31:*.sar=01;31:*.swm=01;31:*.t7z=01;31:*.tar=01;31:*.taz=01;31:*.tbz=01;31:*.tbz2=01;31:*.tgz=01;31:*.tlz=01;31:*.txz=01;31:*.tz=01;31:*.tzo=01;31:*.tzst=01;31:*.udeb=01;31:*.war=01;31:*.whl=01;31:*.wim=01;31:*.xz=01;31:*.z=01;31:*.zip=01;31:*.zoo=01;31:*.zst=01;31:*.avif=01;35:*.jpg=01;35:*.jpeg=01;35:*.mjpg=01;35:*.mjpeg=01;35:*.gif=01;35:*.bmp=01;35:*.pbm=01;35:*.pgm=01;35:*.ppm=01;35:*.tga=01;35:*.xbm=01;35:*.xpm=01;35:*.tif=01;35:*.tiff=01;35:*.png=01;35:*.svg=01;35:*.svgz=01;35:*.mng=01;35:*.pcx=01;35:*.mov=01;35:*.mpg=01;35:*.mpeg=01;35:*.m2v=01;35:*.mkv=01;35:*.webm=01;35:*.webp=01;35:*.ogm=01;35:*.mp4=01;35:*.m4v=01;35:*.mp4v=01;35:*.vob=01;35:*.qt=01;35:*.nuv=01;35:*.wmv=01;35:*.asf=01;35:*.rm=01;35:*.rmvb=01;35:*.flc=01;35:*.avi=01;35:*.fli=01;35:*.flv=01;35:*.gl=01;35:*.dl=01;35:*.xcf=01;35:*.xwd=01;35:*.yuv=01;35:*.cgm=01;35:*.emf=01;35:*.ogv=01;35:*.ogx=01;35:*.aac=01;36:*.au=01;36:*.flac=01;36:*.m4a=01;36:*.mid=01;36:*.midi=01;36:*.mka=01;36:*.mp3=01;36:*.mpc=01;36:*.ogg=01;36:*.ra=01;36:*.wav=01;36:*.oga=01;36:*.opus=01;36:*.spx=01;36:*.xspf=01;36:*~=00;90:*#=00;90:*.bak=00;90:*.crdownload=00;90:*.dpkg-dist=00;90:*.dpkg-new=00;90:*.dpkg-old=00;90:*.dpkg-tmp=00;90:*.old=00;90:*.orig=00;90:*.part=00;90:*.rej=00;90:*.rpmnew=00;90:*.rpmorig=00;90:*.rpmsave=00;90:*.swp=00;90:*.tmp=00;90:*.ucf-dist=00;90:*.ucf-new=00;90:*.ucf-old=00;90:
    [SSH_CONNECTION] => 192.168.1.79 51368 192.168.1.126 22
    [MOZ_GMP_PATH] => /usr/lib64/mozilla/plugins/gmp-gmpopenh264/system-installed:/var/lib/widevine/gmp-widevinecdm/system-installed
    [XDG_SESSION_CLASS] => user
    [SELINUX_ROLE_REQUESTED] => 
    [TERM] => xterm-256color
    [LC_IDENTIFICATION] => ja_JP.utf8
    [LESSOPEN] => ||/usr/bin/lesspipe.sh %s
    [USER] => kn
    [SELINUX_USE_CURRENT_RANGE] => 
    [SHLVL] => 1
    [LC_TELEPHONE] => ja_JP.utf8
    [LC_MEASUREMENT] => ja_JP.utf8
    [XDG_SESSION_ID] => 15
    [XDG_RUNTIME_DIR] => /run/user/1000
    [SSH_CLIENT] => 192.168.1.79 51368 22
    [DEBUGINFOD_URLS] => https://debuginfod.fedoraproject.org/ 
    [LC_TIME] => ja_JP.utf8
    [DEBUGINFOD_IMA_CERT_PATH] => /etc/keys/ima:
    [KDEDIRS] => /usr
    [XDG_DATA_DIRS] => /home/kn/.local/share/flatpak/exports/share:/var/lib/flatpak/exports/share:/usr/local/share:/usr/share
    [PATH] => /home/kn/.local/bin:/home/kn/bin:/usr/local/bin:/usr/bin
    [SELINUX_LEVEL_REQUESTED] => 
    [DBUS_SESSION_BUS_ADDRESS] => unix:path=/run/user/1000/bus
    [MAIL] => /var/spool/mail/kn
    [SSH_TTY] => /dev/pts/1
    [LC_NUMERIC] => ja_JP.utf8
    [OLDPWD] => /var/www/html/result
    [PHP_SELF] => /var/www/cgi-bin/kendo-realtime/src/wsServer.php
    [SCRIPT_NAME] => /var/www/cgi-bin/kendo-realtime/src/wsServer.php
    [SCRIPT_FILENAME] => /var/www/cgi-bin/kendo-realtime/src/wsServer.php
    [PATH_TRANSLATED] => /var/www/cgi-bin/kendo-realtime/src/wsServer.php
    [DOCUMENT_ROOT] => 
    [REQUEST_TIME_FLOAT] => 1768686442.0477
    [REQUEST_TIME] => 1768686442
    [argv] => Array
        (
            [0] => /var/www/cgi-bin/kendo-realtime/src/wsServer.php
        )

    [argc] => 1
)

msg:New Connection (151:1)

[2026/01/18 12:37:54]--------------------------------------------------
server:Array
(
    [SHELL] => /bin/bash
    [HISTCONTROL] => ignoredups
    [HOSTNAME] => kn-macbookair
    [HISTSIZE] => 1000
    [LC_ADDRESS] => ja_JP.utf8
    [LC_NAME] => ja_JP.utf8
    [LC_MONETARY] => ja_JP.utf8
    [GPG_TTY] => /dev/pts/1
    [EDITOR] => /usr/bin/nano
    [PWD] => /var/www/cgi-bin
    [LOGNAME] => kn
    [XDG_SESSION_TYPE] => tty
    [_] => /usr/bin/nohup
    [MOTD_SHOWN] => pam
    [HOME] => /home/kn
    [SSH_ASKPASS] => /usr/bin/ksshaskpass
    [LANG] => ja_JP.utf8
    [LC_PAPER] => ja_JP.utf8
    [LS_COLORS] => rs=0:di=01;34:ln=01;36:mh=00:pi=40;33:so=01;35:do=01;35:bd=40;33;01:cd=40;33;01:or=40;31;01:mi=01;37;41:su=37;41:sg=30;43:ca=00:tw=30;42:ow=34;42:st=37;44:ex=01;32:*.7z=01;31:*.ace=01;31:*.alz=01;31:*.apk=01;31:*.arc=01;31:*.arj=01;31:*.bz=01;31:*.bz2=01;31:*.cab=01;31:*.cpio=01;31:*.crate=01;31:*.deb=01;31:*.drpm=01;31:*.dwm=01;31:*.dz=01;31:*.ear=01;31:*.egg=01;31:*.esd=01;31:*.gz=01;31:*.jar=01;31:*.lha=01;31:*.lrz=01;31:*.lz=01;31:*.lz4=01;31:*.lzh=01;31:*.lzma=01;31:*.lzo=01;31:*.pyz=01;31:*.rar=01;31:*.rpm=01;31:*.rz=01;31:*.sar=01;31:*.swm=01;31:*.t7z=01;31:*.tar=01;31:*.taz=01;31:*.tbz=01;31:*.tbz2=01;31:*.tgz=01;31:*.tlz=01;31:*.txz=01;31:*.tz=01;31:*.tzo=01;31:*.tzst=01;31:*.udeb=01;31:*.war=01;31:*.whl=01;31:*.wim=01;31:*.xz=01;31:*.z=01;31:*.zip=01;31:*.zoo=01;31:*.zst=01;31:*.avif=01;35:*.jpg=01;35:*.jpeg=01;35:*.mjpg=01;35:*.mjpeg=01;35:*.gif=01;35:*.bmp=01;35:*.pbm=01;35:*.pgm=01;35:*.ppm=01;35:*.tga=01;35:*.xbm=01;35:*.xpm=01;35:*.tif=01;35:*.tiff=01;35:*.png=01;35:*.svg=01;35:*.svgz=01;35:*.mng=01;35:*.pcx=01;35:*.mov=01;35:*.mpg=01;35:*.mpeg=01;35:*.m2v=01;35:*.mkv=01;35:*.webm=01;35:*.webp=01;35:*.ogm=01;35:*.mp4=01;35:*.m4v=01;35:*.mp4v=01;35:*.vob=01;35:*.qt=01;35:*.nuv=01;35:*.wmv=01;35:*.asf=01;35:*.rm=01;35:*.rmvb=01;35:*.flc=01;35:*.avi=01;35:*.fli=01;35:*.flv=01;35:*.gl=01;35:*.dl=01;35:*.xcf=01;35:*.xwd=01;35:*.yuv=01;35:*.cgm=01;35:*.emf=01;35:*.ogv=01;35:*.ogx=01;35:*.aac=01;36:*.au=01;36:*.flac=01;36:*.m4a=01;36:*.mid=01;36:*.midi=01;36:*.mka=01;36:*.mp3=01;36:*.mpc=01;36:*.ogg=01;36:*.ra=01;36:*.wav=01;36:*.oga=01;36:*.opus=01;36:*.spx=01;36:*.xspf=01;36:*~=00;90:*#=00;90:*.bak=00;90:*.crdownload=00;90:*.dpkg-dist=00;90:*.dpkg-new=00;90:*.dpkg-old=00;90:*.dpkg-tmp=00;90:*.old=00;90:*.orig=00;90:*.part=00;90:*.rej=00;90:*.rpmnew=00;90:*.rpmorig=00;90:*.rpmsave=00;90:*.swp=00;90:*.tmp=00;90:*.ucf-dist=00;90:*.ucf-new=00;90:*.ucf-old=00;90:
    [SSH_CONNECTION] => 192.168.1.79 51368 192.168.1.126 22
    [MOZ_GMP_PATH] => /usr/lib64/mozilla/plugins/gmp-gmpopenh264/system-installed:/var/lib/widevine/gmp-widevinecdm/system-installed
    [XDG_SESSION_CLASS] => user
    [SELINUX_ROLE_REQUESTED] => 
    [TERM] => xterm-256color
    [LC_IDENTIFICATION] => ja_JP.utf8
    [LESSOPEN] => ||/usr/bin/lesspipe.sh %s
    [USER] => kn
    [SELINUX_USE_CURRENT_RANGE] => 
    [SHLVL] => 1
    [LC_TELEPHONE] => ja_JP.utf8
    [LC_MEASUREMENT] => ja_JP.utf8
    [XDG_SESSION_ID] => 15
    [XDG_RUNTIME_DIR] => /run/user/1000
    [SSH_CLIENT] => 192.168.1.79 51368 22
    [DEBUGINFOD_URLS] => https://debuginfod.fedoraproject.org/ 
    [LC_TIME] => ja_JP.utf8
    [DEBUGINFOD_IMA_CERT_PATH] => /etc/keys/ima:
    [KDEDIRS] => /usr
    [XDG_DATA_DIRS] => /home/kn/.local/share/flatpak/exports/share:/var/lib/flatpak/exports/share:/usr/local/share:/usr/share
    [PATH] => /home/kn/.local/bin:/home/kn/bin:/usr/local/bin:/usr/bin
    [SELINUX_LEVEL_REQUESTED] => 
    [DBUS_SESSION_BUS_ADDRESS] => unix:path=/run/user/1000/bus
    [MAIL] => /var/spool/mail/kn
    [SSH_TTY] => /dev/pts/1
    [LC_NUMERIC] => ja_JP.utf8
    [OLDPWD] => /var/www/html/result
    [PHP_SELF] => /var/www/cgi-bin/kendo-realtime/src/wsServer.php
    [SCRIPT_NAME] => /var/www/cgi-bin/kendo-realtime/src/wsServer.php
    [SCRIPT_FILENAME] => /var/www/cgi-bin/kendo-realtime/src/wsServer.php
    [PATH_TRANSLATED] => /var/www/cgi-bin/kendo-realtime/src/wsServer.php
    [DOCUMENT_ROOT] => 
    [REQUEST_TIME_FLOAT] => 1768686442.0477
    [REQUEST_TIME] => 1768686442
    [argv] => Array
        (
            [0] => /var/www/cgi-bin/kendo-realtime/src/wsServer.php
        )

    [argc] => 1
)

msg:onMessage: {"mode":1,"navi":1004,"places":["1"]}

[2026/01/18 12:57:39]--------------------------------------------------
server:Array
(
    [SHELL] => /bin/bash
    [HISTCONTROL] => ignoredups
    [HOSTNAME] => kn-macbookair
    [HISTSIZE] => 1000
    [LC_ADDRESS] => ja_JP.utf8
    [LC_NAME] => ja_JP.utf8
    [LC_MONETARY] => ja_JP.utf8
    [GPG_TTY] => /dev/pts/1
    [EDITOR] => /usr/bin/nano
    [PWD] => /var/www/cgi-bin
    [LOGNAME] => kn
    [XDG_SESSION_TYPE] => tty
    [_] => /usr/bin/nohup
    [MOTD_SHOWN] => pam
    [HOME] => /home/kn
    [SSH_ASKPASS] => /usr/bin/ksshaskpass
    [LANG] => ja_JP.utf8
    [LC_PAPER] => ja_JP.utf8
    [LS_COLORS] => rs=0:di=01;34:ln=01;36:mh=00:pi=40;33:so=01;35:do=01;35:bd=40;33;01:cd=40;33;01:or=40;31;01:mi=01;37;41:su=37;41:sg=30;43:ca=00:tw=30;42:ow=34;42:st=37;44:ex=01;32:*.7z=01;31:*.ace=01;31:*.alz=01;31:*.apk=01;31:*.arc=01;31:*.arj=01;31:*.bz=01;31:*.bz2=01;31:*.cab=01;31:*.cpio=01;31:*.crate=01;31:*.deb=01;31:*.drpm=01;31:*.dwm=01;31:*.dz=01;31:*.ear=01;31:*.egg=01;31:*.esd=01;31:*.gz=01;31:*.jar=01;31:*.lha=01;31:*.lrz=01;31:*.lz=01;31:*.lz4=01;31:*.lzh=01;31:*.lzma=01;31:*.lzo=01;31:*.pyz=01;31:*.rar=01;31:*.rpm=01;31:*.rz=01;31:*.sar=01;31:*.swm=01;31:*.t7z=01;31:*.tar=01;31:*.taz=01;31:*.tbz=01;31:*.tbz2=01;31:*.tgz=01;31:*.tlz=01;31:*.txz=01;31:*.tz=01;31:*.tzo=01;31:*.tzst=01;31:*.udeb=01;31:*.war=01;31:*.whl=01;31:*.wim=01;31:*.xz=01;31:*.z=01;31:*.zip=01;31:*.zoo=01;31:*.zst=01;31:*.avif=01;35:*.jpg=01;35:*.jpeg=01;35:*.mjpg=01;35:*.mjpeg=01;35:*.gif=01;35:*.bmp=01;35:*.pbm=01;35:*.pgm=01;35:*.ppm=01;35:*.tga=01;35:*.xbm=01;35:*.xpm=01;35:*.tif=01;35:*.tiff=01;35:*.png=01;35:*.svg=01;35:*.svgz=01;35:*.mng=01;35:*.pcx=01;35:*.mov=01;35:*.mpg=01;35:*.mpeg=01;35:*.m2v=01;35:*.mkv=01;35:*.webm=01;35:*.webp=01;35:*.ogm=01;35:*.mp4=01;35:*.m4v=01;35:*.mp4v=01;35:*.vob=01;35:*.qt=01;35:*.nuv=01;35:*.wmv=01;35:*.asf=01;35:*.rm=01;35:*.rmvb=01;35:*.flc=01;35:*.avi=01;35:*.fli=01;35:*.flv=01;35:*.gl=01;35:*.dl=01;35:*.xcf=01;35:*.xwd=01;35:*.yuv=01;35:*.cgm=01;35:*.emf=01;35:*.ogv=01;35:*.ogx=01;35:*.aac=01;36:*.au=01;36:*.flac=01;36:*.m4a=01;36:*.mid=01;36:*.midi=01;36:*.mka=01;36:*.mp3=01;36:*.mpc=01;36:*.ogg=01;36:*.ra=01;36:*.wav=01;36:*.oga=01;36:*.opus=01;36:*.spx=01;36:*.xspf=01;36:*~=00;90:*#=00;90:*.bak=00;90:*.crdownload=00;90:*.dpkg-dist=00;90:*.dpkg-new=00;90:*.dpkg-old=00;90:*.dpkg-tmp=00;90:*.old=00;90:*.orig=00;90:*.part=00;90:*.rej=00;90:*.rpmnew=00;90:*.rpmorig=00;90:*.rpmsave=00;90:*.swp=00;90:*.tmp=00;90:*.ucf-dist=00;90:*.ucf-new=00;90:*.ucf-old=00;90:
    [SSH_CONNECTION] => 192.168.1.79 51368 192.168.1.126 22
    [MOZ_GMP_PATH] => /usr/lib64/mozilla/plugins/gmp-gmpopenh264/system-installed:/var/lib/widevine/gmp-widevinecdm/system-installed
    [XDG_SESSION_CLASS] => user
    [SELINUX_ROLE_REQUESTED] => 
    [TERM] => xterm-256color
    [LC_IDENTIFICATION] => ja_JP.utf8
    [LESSOPEN] => ||/usr/bin/lesspipe.sh %s
    [USER] => kn
    [SELINUX_USE_CURRENT_RANGE] => 
    [SHLVL] => 1
    [LC_TELEPHONE] => ja_JP.utf8
    [LC_MEASUREMENT] => ja_JP.utf8
    [XDG_SESSION_ID] => 15
    [XDG_RUNTIME_DIR] => /run/user/1000
    [SSH_CLIENT] => 192.168.1.79 51368 22
    [DEBUGINFOD_URLS] => https://debuginfod.fedoraproject.org/ 
    [LC_TIME] => ja_JP.utf8
    [DEBUGINFOD_IMA_CERT_PATH] => /etc/keys/ima:
    [KDEDIRS] => /usr
    [XDG_DATA_DIRS] => /home/kn/.local/share/flatpak/exports/share:/var/lib/flatpak/exports/share:/usr/local/share:/usr/share
    [PATH] => /home/kn/.local/bin:/home/kn/bin:/usr/local/bin:/usr/bin
    [SELINUX_LEVEL_REQUESTED] => 
    [DBUS_SESSION_BUS_ADDRESS] => unix:path=/run/user/1000/bus
    [MAIL] => /var/spool/mail/kn
    [SSH_TTY] => /dev/pts/1
    [LC_NUMERIC] => ja_JP.utf8
    [OLDPWD] => /var/www/html/result
    [PHP_SELF] => /var/www/cgi-bin/kendo-realtime/src/wsServer.php
    [SCRIPT_NAME] => /var/www/cgi-bin/kendo-realtime/src/wsServer.php
    [SCRIPT_FILENAME] => /var/www/cgi-bin/kendo-realtime/src/wsServer.php
    [PATH_TRANSLATED] => /var/www/cgi-bin/kendo-realtime/src/wsServer.php
    [DOCUMENT_ROOT] => 
    [REQUEST_TIME_FLOAT] => 1768686442.0477
    [REQUEST_TIME] => 1768686442
    [argv] => Array
        (
            [0] => /var/www/cgi-bin/kendo-realtime/src/wsServer.php
        )

    [argc] => 1
)

msg:New Connection (157:1)

[2026/01/18 12:57:39]--------------------------------------------------
server:Array
(
    [SHELL] => /bin/bash
    [HISTCONTROL] => ignoredups
    [HOSTNAME] => kn-macbookair
    [HISTSIZE] => 1000
    [LC_ADDRESS] => ja_JP.utf8
    [LC_NAME] => ja_JP.utf8
    [LC_MONETARY] => ja_JP.utf8
    [GPG_TTY] => /dev/pts/1
    [EDITOR] => /usr/bin/nano
    [PWD] => /var/www/cgi-bin
    [LOGNAME] => kn
    [XDG_SESSION_TYPE] => tty
    [_] => /usr/bin/nohup
    [MOTD_SHOWN] => pam
    [HOME] => /home/kn
    [SSH_ASKPASS] => /usr/bin/ksshaskpass
    [LANG] => ja_JP.utf8
    [LC_PAPER] => ja_JP.utf8
    [LS_COLORS] => rs=0:di=01;34:ln=01;36:mh=00:pi=40;33:so=01;35:do=01;35:bd=40;33;01:cd=40;33;01:or=40;31;01:mi=01;37;41:su=37;41:sg=30;43:ca=00:tw=30;42:ow=34;42:st=37;44:ex=01;32:*.7z=01;31:*.ace=01;31:*.alz=01;31:*.apk=01;31:*.arc=01;31:*.arj=01;31:*.bz=01;31:*.bz2=01;31:*.cab=01;31:*.cpio=01;31:*.crate=01;31:*.deb=01;31:*.drpm=01;31:*.dwm=01;31:*.dz=01;31:*.ear=01;31:*.egg=01;31:*.esd=01;31:*.gz=01;31:*.jar=01;31:*.lha=01;31:*.lrz=01;31:*.lz=01;31:*.lz4=01;31:*.lzh=01;31:*.lzma=01;31:*.lzo=01;31:*.pyz=01;31:*.rar=01;31:*.rpm=01;31:*.rz=01;31:*.sar=01;31:*.swm=01;31:*.t7z=01;31:*.tar=01;31:*.taz=01;31:*.tbz=01;31:*.tbz2=01;31:*.tgz=01;31:*.tlz=01;31:*.txz=01;31:*.tz=01;31:*.tzo=01;31:*.tzst=01;31:*.udeb=01;31:*.war=01;31:*.whl=01;31:*.wim=01;31:*.xz=01;31:*.z=01;31:*.zip=01;31:*.zoo=01;31:*.zst=01;31:*.avif=01;35:*.jpg=01;35:*.jpeg=01;35:*.mjpg=01;35:*.mjpeg=01;35:*.gif=01;35:*.bmp=01;35:*.pbm=01;35:*.pgm=01;35:*.ppm=01;35:*.tga=01;35:*.xbm=01;35:*.xpm=01;35:*.tif=01;35:*.tiff=01;35:*.png=01;35:*.svg=01;35:*.svgz=01;35:*.mng=01;35:*.pcx=01;35:*.mov=01;35:*.mpg=01;35:*.mpeg=01;35:*.m2v=01;35:*.mkv=01;35:*.webm=01;35:*.webp=01;35:*.ogm=01;35:*.mp4=01;35:*.m4v=01;35:*.mp4v=01;35:*.vob=01;35:*.qt=01;35:*.nuv=01;35:*.wmv=01;35:*.asf=01;35:*.rm=01;35:*.rmvb=01;35:*.flc=01;35:*.avi=01;35:*.fli=01;35:*.flv=01;35:*.gl=01;35:*.dl=01;35:*.xcf=01;35:*.xwd=01;35:*.yuv=01;35:*.cgm=01;35:*.emf=01;35:*.ogv=01;35:*.ogx=01;35:*.aac=01;36:*.au=01;36:*.flac=01;36:*.m4a=01;36:*.mid=01;36:*.midi=01;36:*.mka=01;36:*.mp3=01;36:*.mpc=01;36:*.ogg=01;36:*.ra=01;36:*.wav=01;36:*.oga=01;36:*.opus=01;36:*.spx=01;36:*.xspf=01;36:*~=00;90:*#=00;90:*.bak=00;90:*.crdownload=00;90:*.dpkg-dist=00;90:*.dpkg-new=00;90:*.dpkg-old=00;90:*.dpkg-tmp=00;90:*.old=00;90:*.orig=00;90:*.part=00;90:*.rej=00;90:*.rpmnew=00;90:*.rpmorig=00;90:*.rpmsave=00;90:*.swp=00;90:*.tmp=00;90:*.ucf-dist=00;90:*.ucf-new=00;90:*.ucf-old=00;90:
    [SSH_CONNECTION] => 192.168.1.79 51368 192.168.1.126 22
    [MOZ_GMP_PATH] => /usr/lib64/mozilla/plugins/gmp-gmpopenh264/system-installed:/var/lib/widevine/gmp-widevinecdm/system-installed
    [XDG_SESSION_CLASS] => user
    [SELINUX_ROLE_REQUESTED] => 
    [TERM] => xterm-256color
    [LC_IDENTIFICATION] => ja_JP.utf8
    [LESSOPEN] => ||/usr/bin/lesspipe.sh %s
    [USER] => kn
    [SELINUX_USE_CURRENT_RANGE] => 
    [SHLVL] => 1
    [LC_TELEPHONE] => ja_JP.utf8
    [LC_MEASUREMENT] => ja_JP.utf8
    [XDG_SESSION_ID] => 15
    [XDG_RUNTIME_DIR] => /run/user/1000
    [SSH_CLIENT] => 192.168.1.79 51368 22
    [DEBUGINFOD_URLS] => https://debuginfod.fedoraproject.org/ 
    [LC_TIME] => ja_JP.utf8
    [DEBUGINFOD_IMA_CERT_PATH] => /etc/keys/ima:
    [KDEDIRS] => /usr
    [XDG_DATA_DIRS] => /home/kn/.local/share/flatpak/exports/share:/var/lib/flatpak/exports/share:/usr/local/share:/usr/share
    [PATH] => /home/kn/.local/bin:/home/kn/bin:/usr/local/bin:/usr/bin
    [SELINUX_LEVEL_REQUESTED] => 
    [DBUS_SESSION_BUS_ADDRESS] => unix:path=/run/user/1000/bus
    [MAIL] => /var/spool/mail/kn
    [SSH_TTY] => /dev/pts/1
    [LC_NUMERIC] => ja_JP.utf8
    [OLDPWD] => /var/www/html/result
    [PHP_SELF] => /var/www/cgi-bin/kendo-realtime/src/wsServer.php
    [SCRIPT_NAME] => /var/www/cgi-bin/kendo-realtime/src/wsServer.php
    [SCRIPT_FILENAME] => /var/www/cgi-bin/kendo-realtime/src/wsServer.php
    [PATH_TRANSLATED] => /var/www/cgi-bin/kendo-realtime/src/wsServer.php
    [DOCUMENT_ROOT] => 
    [REQUEST_TIME_FLOAT] => 1768686442.0477
    [REQUEST_TIME] => 1768686442
    [argv] => Array
        (
            [0] => /var/www/cgi-bin/kendo-realtime/src/wsServer.php
        )

    [argc] => 1
)

msg:onMessage: {"mode":1,"navi":1004,"places":["1"]}

[2026/01/18 12:57:41]--------------------------------------------------
server:Array
(
    [SHELL] => /bin/bash
    [HISTCONTROL] => ignoredups
    [HOSTNAME] => kn-macbookair
    [HISTSIZE] => 1000
    [LC_ADDRESS] => ja_JP.utf8
    [LC_NAME] => ja_JP.utf8
    [LC_MONETARY] => ja_JP.utf8
    [GPG_TTY] => /dev/pts/1
    [EDITOR] => /usr/bin/nano
    [PWD] => /var/www/cgi-bin
    [LOGNAME] => kn
    [XDG_SESSION_TYPE] => tty
    [_] => /usr/bin/nohup
    [MOTD_SHOWN] => pam
    [HOME] => /home/kn
    [SSH_ASKPASS] => /usr/bin/ksshaskpass
    [LANG] => ja_JP.utf8
    [LC_PAPER] => ja_JP.utf8
    [LS_COLORS] => rs=0:di=01;34:ln=01;36:mh=00:pi=40;33:so=01;35:do=01;35:bd=40;33;01:cd=40;33;01:or=40;31;01:mi=01;37;41:su=37;41:sg=30;43:ca=00:tw=30;42:ow=34;42:st=37;44:ex=01;32:*.7z=01;31:*.ace=01;31:*.alz=01;31:*.apk=01;31:*.arc=01;31:*.arj=01;31:*.bz=01;31:*.bz2=01;31:*.cab=01;31:*.cpio=01;31:*.crate=01;31:*.deb=01;31:*.drpm=01;31:*.dwm=01;31:*.dz=01;31:*.ear=01;31:*.egg=01;31:*.esd=01;31:*.gz=01;31:*.jar=01;31:*.lha=01;31:*.lrz=01;31:*.lz=01;31:*.lz4=01;31:*.lzh=01;31:*.lzma=01;31:*.lzo=01;31:*.pyz=01;31:*.rar=01;31:*.rpm=01;31:*.rz=01;31:*.sar=01;31:*.swm=01;31:*.t7z=01;31:*.tar=01;31:*.taz=01;31:*.tbz=01;31:*.tbz2=01;31:*.tgz=01;31:*.tlz=01;31:*.txz=01;31:*.tz=01;31:*.tzo=01;31:*.tzst=01;31:*.udeb=01;31:*.war=01;31:*.whl=01;31:*.wim=01;31:*.xz=01;31:*.z=01;31:*.zip=01;31:*.zoo=01;31:*.zst=01;31:*.avif=01;35:*.jpg=01;35:*.jpeg=01;35:*.mjpg=01;35:*.mjpeg=01;35:*.gif=01;35:*.bmp=01;35:*.pbm=01;35:*.pgm=01;35:*.ppm=01;35:*.tga=01;35:*.xbm=01;35:*.xpm=01;35:*.tif=01;35:*.tiff=01;35:*.png=01;35:*.svg=01;35:*.svgz=01;35:*.mng=01;35:*.pcx=01;35:*.mov=01;35:*.mpg=01;35:*.mpeg=01;35:*.m2v=01;35:*.mkv=01;35:*.webm=01;35:*.webp=01;35:*.ogm=01;35:*.mp4=01;35:*.m4v=01;35:*.mp4v=01;35:*.vob=01;35:*.qt=01;35:*.nuv=01;35:*.wmv=01;35:*.asf=01;35:*.rm=01;35:*.rmvb=01;35:*.flc=01;35:*.avi=01;35:*.fli=01;35:*.flv=01;35:*.gl=01;35:*.dl=01;35:*.xcf=01;35:*.xwd=01;35:*.yuv=01;35:*.cgm=01;35:*.emf=01;35:*.ogv=01;35:*.ogx=01;35:*.aac=01;36:*.au=01;36:*.flac=01;36:*.m4a=01;36:*.mid=01;36:*.midi=01;36:*.mka=01;36:*.mp3=01;36:*.mpc=01;36:*.ogg=01;36:*.ra=01;36:*.wav=01;36:*.oga=01;36:*.opus=01;36:*.spx=01;36:*.xspf=01;36:*~=00;90:*#=00;90:*.bak=00;90:*.crdownload=00;90:*.dpkg-dist=00;90:*.dpkg-new=00;90:*.dpkg-old=00;90:*.dpkg-tmp=00;90:*.old=00;90:*.orig=00;90:*.part=00;90:*.rej=00;90:*.rpmnew=00;90:*.rpmorig=00;90:*.rpmsave=00;90:*.swp=00;90:*.tmp=00;90:*.ucf-dist=00;90:*.ucf-new=00;90:*.ucf-old=00;90:
    [SSH_CONNECTION] => 192.168.1.79 51368 192.168.1.126 22
    [MOZ_GMP_PATH] => /usr/lib64/mozilla/plugins/gmp-gmpopenh264/system-installed:/var/lib/widevine/gmp-widevinecdm/system-installed
    [XDG_SESSION_CLASS] => user
    [SELINUX_ROLE_REQUESTED] => 
    [TERM] => xterm-256color
    [LC_IDENTIFICATION] => ja_JP.utf8
    [LESSOPEN] => ||/usr/bin/lesspipe.sh %s
    [USER] => kn
    [SELINUX_USE_CURRENT_RANGE] => 
    [SHLVL] => 1
    [LC_TELEPHONE] => ja_JP.utf8
    [LC_MEASUREMENT] => ja_JP.utf8
    [XDG_SESSION_ID] => 15
    [XDG_RUNTIME_DIR] => /run/user/1000
    [SSH_CLIENT] => 192.168.1.79 51368 22
    [DEBUGINFOD_URLS] => https://debuginfod.fedoraproject.org/ 
    [LC_TIME] => ja_JP.utf8
    [DEBUGINFOD_IMA_CERT_PATH] => /etc/keys/ima:
    [KDEDIRS] => /usr
    [XDG_DATA_DIRS] => /home/kn/.local/share/flatpak/exports/share:/var/lib/flatpak/exports/share:/usr/local/share:/usr/share
    [PATH] => /home/kn/.local/bin:/home/kn/bin:/usr/local/bin:/usr/bin
    [SELINUX_LEVEL_REQUESTED] => 
    [DBUS_SESSION_BUS_ADDRESS] => unix:path=/run/user/1000/bus
    [MAIL] => /var/spool/mail/kn
    [SSH_TTY] => /dev/pts/1
    [LC_NUMERIC] => ja_JP.utf8
    [OLDPWD] => /var/www/html/result
    [PHP_SELF] => /var/www/cgi-bin/kendo-realtime/src/wsServer.php
    [SCRIPT_NAME] => /var/www/cgi-bin/kendo-realtime/src/wsServer.php
    [SCRIPT_FILENAME] => /var/www/cgi-bin/kendo-realtime/src/wsServer.php
    [PATH_TRANSLATED] => /var/www/cgi-bin/kendo-realtime/src/wsServer.php
    [DOCUMENT_ROOT] => 
    [REQUEST_TIME_FLOAT] => 1768686442.0477
    [REQUEST_TIME] => 1768686442
    [argv] => Array
        (
            [0] => /var/www/cgi-bin/kendo-realtime/src/wsServer.php
        )

    [argc] => 1
)

msg:New Connection (163:1)

[2026/01/18 12:57:41]--------------------------------------------------
server:Array
(
    [SHELL] => /bin/bash
    [HISTCONTROL] => ignoredups
    [HOSTNAME] => kn-macbookair
    [HISTSIZE] => 1000
    [LC_ADDRESS] => ja_JP.utf8
    [LC_NAME] => ja_JP.utf8
    [LC_MONETARY] => ja_JP.utf8
    [GPG_TTY] => /dev/pts/1
    [EDITOR] => /usr/bin/nano
    [PWD] => /var/www/cgi-bin
    [LOGNAME] => kn
    [XDG_SESSION_TYPE] => tty
    [_] => /usr/bin/nohup
    [MOTD_SHOWN] => pam
    [HOME] => /home/kn
    [SSH_ASKPASS] => /usr/bin/ksshaskpass
    [LANG] => ja_JP.utf8
    [LC_PAPER] => ja_JP.utf8
    [LS_COLORS] => rs=0:di=01;34:ln=01;36:mh=00:pi=40;33:so=01;35:do=01;35:bd=40;33;01:cd=40;33;01:or=40;31;01:mi=01;37;41:su=37;41:sg=30;43:ca=00:tw=30;42:ow=34;42:st=37;44:ex=01;32:*.7z=01;31:*.ace=01;31:*.alz=01;31:*.apk=01;31:*.arc=01;31:*.arj=01;31:*.bz=01;31:*.bz2=01;31:*.cab=01;31:*.cpio=01;31:*.crate=01;31:*.deb=01;31:*.drpm=01;31:*.dwm=01;31:*.dz=01;31:*.ear=01;31:*.egg=01;31:*.esd=01;31:*.gz=01;31:*.jar=01;31:*.lha=01;31:*.lrz=01;31:*.lz=01;31:*.lz4=01;31:*.lzh=01;31:*.lzma=01;31:*.lzo=01;31:*.pyz=01;31:*.rar=01;31:*.rpm=01;31:*.rz=01;31:*.sar=01;31:*.swm=01;31:*.t7z=01;31:*.tar=01;31:*.taz=01;31:*.tbz=01;31:*.tbz2=01;31:*.tgz=01;31:*.tlz=01;31:*.txz=01;31:*.tz=01;31:*.tzo=01;31:*.tzst=01;31:*.udeb=01;31:*.war=01;31:*.whl=01;31:*.wim=01;31:*.xz=01;31:*.z=01;31:*.zip=01;31:*.zoo=01;31:*.zst=01;31:*.avif=01;35:*.jpg=01;35:*.jpeg=01;35:*.mjpg=01;35:*.mjpeg=01;35:*.gif=01;35:*.bmp=01;35:*.pbm=01;35:*.pgm=01;35:*.ppm=01;35:*.tga=01;35:*.xbm=01;35:*.xpm=01;35:*.tif=01;35:*.tiff=01;35:*.png=01;35:*.svg=01;35:*.svgz=01;35:*.mng=01;35:*.pcx=01;35:*.mov=01;35:*.mpg=01;35:*.mpeg=01;35:*.m2v=01;35:*.mkv=01;35:*.webm=01;35:*.webp=01;35:*.ogm=01;35:*.mp4=01;35:*.m4v=01;35:*.mp4v=01;35:*.vob=01;35:*.qt=01;35:*.nuv=01;35:*.wmv=01;35:*.asf=01;35:*.rm=01;35:*.rmvb=01;35:*.flc=01;35:*.avi=01;35:*.fli=01;35:*.flv=01;35:*.gl=01;35:*.dl=01;35:*.xcf=01;35:*.xwd=01;35:*.yuv=01;35:*.cgm=01;35:*.emf=01;35:*.ogv=01;35:*.ogx=01;35:*.aac=01;36:*.au=01;36:*.flac=01;36:*.m4a=01;36:*.mid=01;36:*.midi=01;36:*.mka=01;36:*.mp3=01;36:*.mpc=01;36:*.ogg=01;36:*.ra=01;36:*.wav=01;36:*.oga=01;36:*.opus=01;36:*.spx=01;36:*.xspf=01;36:*~=00;90:*#=00;90:*.bak=00;90:*.crdownload=00;90:*.dpkg-dist=00;90:*.dpkg-new=00;90:*.dpkg-old=00;90:*.dpkg-tmp=00;90:*.old=00;90:*.orig=00;90:*.part=00;90:*.rej=00;90:*.rpmnew=00;90:*.rpmorig=00;90:*.rpmsave=00;90:*.swp=00;90:*.tmp=00;90:*.ucf-dist=00;90:*.ucf-new=00;90:*.ucf-old=00;90:
    [SSH_CONNECTION] => 192.168.1.79 51368 192.168.1.126 22
    [MOZ_GMP_PATH] => /usr/lib64/mozilla/plugins/gmp-gmpopenh264/system-installed:/var/lib/widevine/gmp-widevinecdm/system-installed
    [XDG_SESSION_CLASS] => user
    [SELINUX_ROLE_REQUESTED] => 
    [TERM] => xterm-256color
    [LC_IDENTIFICATION] => ja_JP.utf8
    [LESSOPEN] => ||/usr/bin/lesspipe.sh %s
    [USER] => kn
    [SELINUX_USE_CURRENT_RANGE] => 
    [SHLVL] => 1
    [LC_TELEPHONE] => ja_JP.utf8
    [LC_MEASUREMENT] => ja_JP.utf8
    [XDG_SESSION_ID] => 15
    [XDG_RUNTIME_DIR] => /run/user/1000
    [SSH_CLIENT] => 192.168.1.79 51368 22
    [DEBUGINFOD_URLS] => https://debuginfod.fedoraproject.org/ 
    [LC_TIME] => ja_JP.utf8
    [DEBUGINFOD_IMA_CERT_PATH] => /etc/keys/ima:
    [KDEDIRS] => /usr
    [XDG_DATA_DIRS] => /home/kn/.local/share/flatpak/exports/share:/var/lib/flatpak/exports/share:/usr/local/share:/usr/share
    [PATH] => /home/kn/.local/bin:/home/kn/bin:/usr/local/bin:/usr/bin
    [SELINUX_LEVEL_REQUESTED] => 
    [DBUS_SESSION_BUS_ADDRESS] => unix:path=/run/user/1000/bus
    [MAIL] => /var/spool/mail/kn
    [SSH_TTY] => /dev/pts/1
    [LC_NUMERIC] => ja_JP.utf8
    [OLDPWD] => /var/www/html/result
    [PHP_SELF] => /var/www/cgi-bin/kendo-realtime/src/wsServer.php
    [SCRIPT_NAME] => /var/www/cgi-bin/kendo-realtime/src/wsServer.php
    [SCRIPT_FILENAME] => /var/www/cgi-bin/kendo-realtime/src/wsServer.php
    [PATH_TRANSLATED] => /var/www/cgi-bin/kendo-realtime/src/wsServer.php
    [DOCUMENT_ROOT] => 
    [REQUEST_TIME_FLOAT] => 1768686442.0477
    [REQUEST_TIME] => 1768686442
    [argv] => Array
        (
            [0] => /var/www/cgi-bin/kendo-realtime/src/wsServer.php
        )

    [argc] => 1
)

msg:onMessage: {"mode":1,"navi":1004,"places":["1"]}

[2026/01/18 12:58:00]--------------------------------------------------
server:Array
(
    [SHELL] => /bin/bash
    [HISTCONTROL] => ignoredups
    [HOSTNAME] => kn-macbookair
    [HISTSIZE] => 1000
    [LC_ADDRESS] => ja_JP.utf8
    [LC_NAME] => ja_JP.utf8
    [LC_MONETARY] => ja_JP.utf8
    [GPG_TTY] => /dev/pts/1
    [EDITOR] => /usr/bin/nano
    [PWD] => /var/www/cgi-bin
    [LOGNAME] => kn
    [XDG_SESSION_TYPE] => tty
    [_] => /usr/bin/nohup
    [MOTD_SHOWN] => pam
    [HOME] => /home/kn
    [SSH_ASKPASS] => /usr/bin/ksshaskpass
    [LANG] => ja_JP.utf8
    [LC_PAPER] => ja_JP.utf8
    [LS_COLORS] => rs=0:di=01;34:ln=01;36:mh=00:pi=40;33:so=01;35:do=01;35:bd=40;33;01:cd=40;33;01:or=40;31;01:mi=01;37;41:su=37;41:sg=30;43:ca=00:tw=30;42:ow=34;42:st=37;44:ex=01;32:*.7z=01;31:*.ace=01;31:*.alz=01;31:*.apk=01;31:*.arc=01;31:*.arj=01;31:*.bz=01;31:*.bz2=01;31:*.cab=01;31:*.cpio=01;31:*.crate=01;31:*.deb=01;31:*.drpm=01;31:*.dwm=01;31:*.dz=01;31:*.ear=01;31:*.egg=01;31:*.esd=01;31:*.gz=01;31:*.jar=01;31:*.lha=01;31:*.lrz=01;31:*.lz=01;31:*.lz4=01;31:*.lzh=01;31:*.lzma=01;31:*.lzo=01;31:*.pyz=01;31:*.rar=01;31:*.rpm=01;31:*.rz=01;31:*.sar=01;31:*.swm=01;31:*.t7z=01;31:*.tar=01;31:*.taz=01;31:*.tbz=01;31:*.tbz2=01;31:*.tgz=01;31:*.tlz=01;31:*.txz=01;31:*.tz=01;31:*.tzo=01;31:*.tzst=01;31:*.udeb=01;31:*.war=01;31:*.whl=01;31:*.wim=01;31:*.xz=01;31:*.z=01;31:*.zip=01;31:*.zoo=01;31:*.zst=01;31:*.avif=01;35:*.jpg=01;35:*.jpeg=01;35:*.mjpg=01;35:*.mjpeg=01;35:*.gif=01;35:*.bmp=01;35:*.pbm=01;35:*.pgm=01;35:*.ppm=01;35:*.tga=01;35:*.xbm=01;35:*.xpm=01;35:*.tif=01;35:*.tiff=01;35:*.png=01;35:*.svg=01;35:*.svgz=01;35:*.mng=01;35:*.pcx=01;35:*.mov=01;35:*.mpg=01;35:*.mpeg=01;35:*.m2v=01;35:*.mkv=01;35:*.webm=01;35:*.webp=01;35:*.ogm=01;35:*.mp4=01;35:*.m4v=01;35:*.mp4v=01;35:*.vob=01;35:*.qt=01;35:*.nuv=01;35:*.wmv=01;35:*.asf=01;35:*.rm=01;35:*.rmvb=01;35:*.flc=01;35:*.avi=01;35:*.fli=01;35:*.flv=01;35:*.gl=01;35:*.dl=01;35:*.xcf=01;35:*.xwd=01;35:*.yuv=01;35:*.cgm=01;35:*.emf=01;35:*.ogv=01;35:*.ogx=01;35:*.aac=01;36:*.au=01;36:*.flac=01;36:*.m4a=01;36:*.mid=01;36:*.midi=01;36:*.mka=01;36:*.mp3=01;36:*.mpc=01;36:*.ogg=01;36:*.ra=01;36:*.wav=01;36:*.oga=01;36:*.opus=01;36:*.spx=01;36:*.xspf=01;36:*~=00;90:*#=00;90:*.bak=00;90:*.crdownload=00;90:*.dpkg-dist=00;90:*.dpkg-new=00;90:*.dpkg-old=00;90:*.dpkg-tmp=00;90:*.old=00;90:*.orig=00;90:*.part=00;90:*.rej=00;90:*.rpmnew=00;90:*.rpmorig=00;90:*.rpmsave=00;90:*.swp=00;90:*.tmp=00;90:*.ucf-dist=00;90:*.ucf-new=00;90:*.ucf-old=00;90:
    [SSH_CONNECTION] => 192.168.1.79 51368 192.168.1.126 22
    [MOZ_GMP_PATH] => /usr/lib64/mozilla/plugins/gmp-gmpopenh264/system-installed:/var/lib/widevine/gmp-widevinecdm/system-installed
    [XDG_SESSION_CLASS] => user
    [SELINUX_ROLE_REQUESTED] => 
    [TERM] => xterm-256color
    [LC_IDENTIFICATION] => ja_JP.utf8
    [LESSOPEN] => ||/usr/bin/lesspipe.sh %s
    [USER] => kn
    [SELINUX_USE_CURRENT_RANGE] => 
    [SHLVL] => 1
    [LC_TELEPHONE] => ja_JP.utf8
    [LC_MEASUREMENT] => ja_JP.utf8
    [XDG_SESSION_ID] => 15
    [XDG_RUNTIME_DIR] => /run/user/1000
    [SSH_CLIENT] => 192.168.1.79 51368 22
    [DEBUGINFOD_URLS] => https://debuginfod.fedoraproject.org/ 
    [LC_TIME] => ja_JP.utf8
    [DEBUGINFOD_IMA_CERT_PATH] => /etc/keys/ima:
    [KDEDIRS] => /usr
    [XDG_DATA_DIRS] => /home/kn/.local/share/flatpak/exports/share:/var/lib/flatpak/exports/share:/usr/local/share:/usr/share
    [PATH] => /home/kn/.local/bin:/home/kn/bin:/usr/local/bin:/usr/bin
    [SELINUX_LEVEL_REQUESTED] => 
    [DBUS_SESSION_BUS_ADDRESS] => unix:path=/run/user/1000/bus
    [MAIL] => /var/spool/mail/kn
    [SSH_TTY] => /dev/pts/1
    [LC_NUMERIC] => ja_JP.utf8
    [OLDPWD] => /var/www/html/result
    [PHP_SELF] => /var/www/cgi-bin/kendo-realtime/src/wsServer.php
    [SCRIPT_NAME] => /var/www/cgi-bin/kendo-realtime/src/wsServer.php
    [SCRIPT_FILENAME] => /var/www/cgi-bin/kendo-realtime/src/wsServer.php
    [PATH_TRANSLATED] => /var/www/cgi-bin/kendo-realtime/src/wsServer.php
    [DOCUMENT_ROOT] => 
    [REQUEST_TIME_FLOAT] => 1768686442.0477
    [REQUEST_TIME] => 1768686442
    [argv] => Array
        (
            [0] => /var/www/cgi-bin/kendo-realtime/src/wsServer.php
        )

    [argc] => 1
)

msg:New Connection (169:0)

[2026/01/18 12:58:00]--------------------------------------------------
server:Array
(
    [SHELL] => /bin/bash
    [HISTCONTROL] => ignoredups
    [HOSTNAME] => kn-macbookair
    [HISTSIZE] => 1000
    [LC_ADDRESS] => ja_JP.utf8
    [LC_NAME] => ja_JP.utf8
    [LC_MONETARY] => ja_JP.utf8
    [GPG_TTY] => /dev/pts/1
    [EDITOR] => /usr/bin/nano
    [PWD] => /var/www/cgi-bin
    [LOGNAME] => kn
    [XDG_SESSION_TYPE] => tty
    [_] => /usr/bin/nohup
    [MOTD_SHOWN] => pam
    [HOME] => /home/kn
    [SSH_ASKPASS] => /usr/bin/ksshaskpass
    [LANG] => ja_JP.utf8
    [LC_PAPER] => ja_JP.utf8
    [LS_COLORS] => rs=0:di=01;34:ln=01;36:mh=00:pi=40;33:so=01;35:do=01;35:bd=40;33;01:cd=40;33;01:or=40;31;01:mi=01;37;41:su=37;41:sg=30;43:ca=00:tw=30;42:ow=34;42:st=37;44:ex=01;32:*.7z=01;31:*.ace=01;31:*.alz=01;31:*.apk=01;31:*.arc=01;31:*.arj=01;31:*.bz=01;31:*.bz2=01;31:*.cab=01;31:*.cpio=01;31:*.crate=01;31:*.deb=01;31:*.drpm=01;31:*.dwm=01;31:*.dz=01;31:*.ear=01;31:*.egg=01;31:*.esd=01;31:*.gz=01;31:*.jar=01;31:*.lha=01;31:*.lrz=01;31:*.lz=01;31:*.lz4=01;31:*.lzh=01;31:*.lzma=01;31:*.lzo=01;31:*.pyz=01;31:*.rar=01;31:*.rpm=01;31:*.rz=01;31:*.sar=01;31:*.swm=01;31:*.t7z=01;31:*.tar=01;31:*.taz=01;31:*.tbz=01;31:*.tbz2=01;31:*.tgz=01;31:*.tlz=01;31:*.txz=01;31:*.tz=01;31:*.tzo=01;31:*.tzst=01;31:*.udeb=01;31:*.war=01;31:*.whl=01;31:*.wim=01;31:*.xz=01;31:*.z=01;31:*.zip=01;31:*.zoo=01;31:*.zst=01;31:*.avif=01;35:*.jpg=01;35:*.jpeg=01;35:*.mjpg=01;35:*.mjpeg=01;35:*.gif=01;35:*.bmp=01;35:*.pbm=01;35:*.pgm=01;35:*.ppm=01;35:*.tga=01;35:*.xbm=01;35:*.xpm=01;35:*.tif=01;35:*.tiff=01;35:*.png=01;35:*.svg=01;35:*.svgz=01;35:*.mng=01;35:*.pcx=01;35:*.mov=01;35:*.mpg=01;35:*.mpeg=01;35:*.m2v=01;35:*.mkv=01;35:*.webm=01;35:*.webp=01;35:*.ogm=01;35:*.mp4=01;35:*.m4v=01;35:*.mp4v=01;35:*.vob=01;35:*.qt=01;35:*.nuv=01;35:*.wmv=01;35:*.asf=01;35:*.rm=01;35:*.rmvb=01;35:*.flc=01;35:*.avi=01;35:*.fli=01;35:*.flv=01;35:*.gl=01;35:*.dl=01;35:*.xcf=01;35:*.xwd=01;35:*.yuv=01;35:*.cgm=01;35:*.emf=01;35:*.ogv=01;35:*.ogx=01;35:*.aac=01;36:*.au=01;36:*.flac=01;36:*.m4a=01;36:*.mid=01;36:*.midi=01;36:*.mka=01;36:*.mp3=01;36:*.mpc=01;36:*.ogg=01;36:*.ra=01;36:*.wav=01;36:*.oga=01;36:*.opus=01;36:*.spx=01;36:*.xspf=01;36:*~=00;90:*#=00;90:*.bak=00;90:*.crdownload=00;90:*.dpkg-dist=00;90:*.dpkg-new=00;90:*.dpkg-old=00;90:*.dpkg-tmp=00;90:*.old=00;90:*.orig=00;90:*.part=00;90:*.rej=00;90:*.rpmnew=00;90:*.rpmorig=00;90:*.rpmsave=00;90:*.swp=00;90:*.tmp=00;90:*.ucf-dist=00;90:*.ucf-new=00;90:*.ucf-old=00;90:
    [SSH_CONNECTION] => 192.168.1.79 51368 192.168.1.126 22
    [MOZ_GMP_PATH] => /usr/lib64/mozilla/plugins/gmp-gmpopenh264/system-installed:/var/lib/widevine/gmp-widevinecdm/system-installed
    [XDG_SESSION_CLASS] => user
    [SELINUX_ROLE_REQUESTED] => 
    [TERM] => xterm-256color
    [LC_IDENTIFICATION] => ja_JP.utf8
    [LESSOPEN] => ||/usr/bin/lesspipe.sh %s
    [USER] => kn
    [SELINUX_USE_CURRENT_RANGE] => 
    [SHLVL] => 1
    [LC_TELEPHONE] => ja_JP.utf8
    [LC_MEASUREMENT] => ja_JP.utf8
    [XDG_SESSION_ID] => 15
    [XDG_RUNTIME_DIR] => /run/user/1000
    [SSH_CLIENT] => 192.168.1.79 51368 22
    [DEBUGINFOD_URLS] => https://debuginfod.fedoraproject.org/ 
    [LC_TIME] => ja_JP.utf8
    [DEBUGINFOD_IMA_CERT_PATH] => /etc/keys/ima:
    [KDEDIRS] => /usr
    [XDG_DATA_DIRS] => /home/kn/.local/share/flatpak/exports/share:/var/lib/flatpak/exports/share:/usr/local/share:/usr/share
    [PATH] => /home/kn/.local/bin:/home/kn/bin:/usr/local/bin:/usr/bin
    [SELINUX_LEVEL_REQUESTED] => 
    [DBUS_SESSION_BUS_ADDRESS] => unix:path=/run/user/1000/bus
    [MAIL] => /var/spool/mail/kn
    [SSH_TTY] => /dev/pts/1
    [LC_NUMERIC] => ja_JP.utf8
    [OLDPWD] => /var/www/html/result
    [PHP_SELF] => /var/www/cgi-bin/kendo-realtime/src/wsServer.php
    [SCRIPT_NAME] => /var/www/cgi-bin/kendo-realtime/src/wsServer.php
    [SCRIPT_FILENAME] => /var/www/cgi-bin/kendo-realtime/src/wsServer.php
    [PATH_TRANSLATED] => /var/www/cgi-bin/kendo-realtime/src/wsServer.php
    [DOCUMENT_ROOT] => 
    [REQUEST_TIME_FLOAT] => 1768686442.0477
    [REQUEST_TIME] => 1768686442
    [argv] => Array
        (
            [0] => /var/www/cgi-bin/kendo-realtime/src/wsServer.php
        )

    [argc] => 1
)

msg:onMessage: {"mode":1,"navi":1004,"places":["1"]}

[2026/01/18 12:58:01]--------------------------------------------------
server:Array
(
    [SHELL] => /bin/bash
    [HISTCONTROL] => ignoredups
    [HOSTNAME] => kn-macbookair
    [HISTSIZE] => 1000
    [LC_ADDRESS] => ja_JP.utf8
    [LC_NAME] => ja_JP.utf8
    [LC_MONETARY] => ja_JP.utf8
    [GPG_TTY] => /dev/pts/1
    [EDITOR] => /usr/bin/nano
    [PWD] => /var/www/cgi-bin
    [LOGNAME] => kn
    [XDG_SESSION_TYPE] => tty
    [_] => /usr/bin/nohup
    [MOTD_SHOWN] => pam
    [HOME] => /home/kn
    [SSH_ASKPASS] => /usr/bin/ksshaskpass
    [LANG] => ja_JP.utf8
    [LC_PAPER] => ja_JP.utf8
    [LS_COLORS] => rs=0:di=01;34:ln=01;36:mh=00:pi=40;33:so=01;35:do=01;35:bd=40;33;01:cd=40;33;01:or=40;31;01:mi=01;37;41:su=37;41:sg=30;43:ca=00:tw=30;42:ow=34;42:st=37;44:ex=01;32:*.7z=01;31:*.ace=01;31:*.alz=01;31:*.apk=01;31:*.arc=01;31:*.arj=01;31:*.bz=01;31:*.bz2=01;31:*.cab=01;31:*.cpio=01;31:*.crate=01;31:*.deb=01;31:*.drpm=01;31:*.dwm=01;31:*.dz=01;31:*.ear=01;31:*.egg=01;31:*.esd=01;31:*.gz=01;31:*.jar=01;31:*.lha=01;31:*.lrz=01;31:*.lz=01;31:*.lz4=01;31:*.lzh=01;31:*.lzma=01;31:*.lzo=01;31:*.pyz=01;31:*.rar=01;31:*.rpm=01;31:*.rz=01;31:*.sar=01;31:*.swm=01;31:*.t7z=01;31:*.tar=01;31:*.taz=01;31:*.tbz=01;31:*.tbz2=01;31:*.tgz=01;31:*.tlz=01;31:*.txz=01;31:*.tz=01;31:*.tzo=01;31:*.tzst=01;31:*.udeb=01;31:*.war=01;31:*.whl=01;31:*.wim=01;31:*.xz=01;31:*.z=01;31:*.zip=01;31:*.zoo=01;31:*.zst=01;31:*.avif=01;35:*.jpg=01;35:*.jpeg=01;35:*.mjpg=01;35:*.mjpeg=01;35:*.gif=01;35:*.bmp=01;35:*.pbm=01;35:*.pgm=01;35:*.ppm=01;35:*.tga=01;35:*.xbm=01;35:*.xpm=01;35:*.tif=01;35:*.tiff=01;35:*.png=01;35:*.svg=01;35:*.svgz=01;35:*.mng=01;35:*.pcx=01;35:*.mov=01;35:*.mpg=01;35:*.mpeg=01;35:*.m2v=01;35:*.mkv=01;35:*.webm=01;35:*.webp=01;35:*.ogm=01;35:*.mp4=01;35:*.m4v=01;35:*.mp4v=01;35:*.vob=01;35:*.qt=01;35:*.nuv=01;35:*.wmv=01;35:*.asf=01;35:*.rm=01;35:*.rmvb=01;35:*.flc=01;35:*.avi=01;35:*.fli=01;35:*.flv=01;35:*.gl=01;35:*.dl=01;35:*.xcf=01;35:*.xwd=01;35:*.yuv=01;35:*.cgm=01;35:*.emf=01;35:*.ogv=01;35:*.ogx=01;35:*.aac=01;36:*.au=01;36:*.flac=01;36:*.m4a=01;36:*.mid=01;36:*.midi=01;36:*.mka=01;36:*.mp3=01;36:*.mpc=01;36:*.ogg=01;36:*.ra=01;36:*.wav=01;36:*.oga=01;36:*.opus=01;36:*.spx=01;36:*.xspf=01;36:*~=00;90:*#=00;90:*.bak=00;90:*.crdownload=00;90:*.dpkg-dist=00;90:*.dpkg-new=00;90:*.dpkg-old=00;90:*.dpkg-tmp=00;90:*.old=00;90:*.orig=00;90:*.part=00;90:*.rej=00;90:*.rpmnew=00;90:*.rpmorig=00;90:*.rpmsave=00;90:*.swp=00;90:*.tmp=00;90:*.ucf-dist=00;90:*.ucf-new=00;90:*.ucf-old=00;90:
    [SSH_CONNECTION] => 192.168.1.79 51368 192.168.1.126 22
    [MOZ_GMP_PATH] => /usr/lib64/mozilla/plugins/gmp-gmpopenh264/system-installed:/var/lib/widevine/gmp-widevinecdm/system-installed
    [XDG_SESSION_CLASS] => user
    [SELINUX_ROLE_REQUESTED] => 
    [TERM] => xterm-256color
    [LC_IDENTIFICATION] => ja_JP.utf8
    [LESSOPEN] => ||/usr/bin/lesspipe.sh %s
    [USER] => kn
    [SELINUX_USE_CURRENT_RANGE] => 
    [SHLVL] => 1
    [LC_TELEPHONE] => ja_JP.utf8
    [LC_MEASUREMENT] => ja_JP.utf8
    [XDG_SESSION_ID] => 15
    [XDG_RUNTIME_DIR] => /run/user/1000
    [SSH_CLIENT] => 192.168.1.79 51368 22
    [DEBUGINFOD_URLS] => https://debuginfod.fedoraproject.org/ 
    [LC_TIME] => ja_JP.utf8
    [DEBUGINFOD_IMA_CERT_PATH] => /etc/keys/ima:
    [KDEDIRS] => /usr
    [XDG_DATA_DIRS] => /home/kn/.local/share/flatpak/exports/share:/var/lib/flatpak/exports/share:/usr/local/share:/usr/share
    [PATH] => /home/kn/.local/bin:/home/kn/bin:/usr/local/bin:/usr/bin
    [SELINUX_LEVEL_REQUESTED] => 
    [DBUS_SESSION_BUS_ADDRESS] => unix:path=/run/user/1000/bus
    [MAIL] => /var/spool/mail/kn
    [SSH_TTY] => /dev/pts/1
    [LC_NUMERIC] => ja_JP.utf8
    [OLDPWD] => /var/www/html/result
    [PHP_SELF] => /var/www/cgi-bin/kendo-realtime/src/wsServer.php
    [SCRIPT_NAME] => /var/www/cgi-bin/kendo-realtime/src/wsServer.php
    [SCRIPT_FILENAME] => /var/www/cgi-bin/kendo-realtime/src/wsServer.php
    [PATH_TRANSLATED] => /var/www/cgi-bin/kendo-realtime/src/wsServer.php
    [DOCUMENT_ROOT] => 
    [REQUEST_TIME_FLOAT] => 1768686442.0477
    [REQUEST_TIME] => 1768686442
    [argv] => Array
        (
            [0] => /var/www/cgi-bin/kendo-realtime/src/wsServer.php
        )

    [argc] => 1
)

msg:New Connection (175:0)

[2026/01/18 12:58:01]--------------------------------------------------
server:Array
(
    [SHELL] => /bin/bash
    [HISTCONTROL] => ignoredups
    [HOSTNAME] => kn-macbookair
    [HISTSIZE] => 1000
    [LC_ADDRESS] => ja_JP.utf8
    [LC_NAME] => ja_JP.utf8
    [LC_MONETARY] => ja_JP.utf8
    [GPG_TTY] => /dev/pts/1
    [EDITOR] => /usr/bin/nano
    [PWD] => /var/www/cgi-bin
    [LOGNAME] => kn
    [XDG_SESSION_TYPE] => tty
    [_] => /usr/bin/nohup
    [MOTD_SHOWN] => pam
    [HOME] => /home/kn
    [SSH_ASKPASS] => /usr/bin/ksshaskpass
    [LANG] => ja_JP.utf8
    [LC_PAPER] => ja_JP.utf8
    [LS_COLORS] => rs=0:di=01;34:ln=01;36:mh=00:pi=40;33:so=01;35:do=01;35:bd=40;33;01:cd=40;33;01:or=40;31;01:mi=01;37;41:su=37;41:sg=30;43:ca=00:tw=30;42:ow=34;42:st=37;44:ex=01;32:*.7z=01;31:*.ace=01;31:*.alz=01;31:*.apk=01;31:*.arc=01;31:*.arj=01;31:*.bz=01;31:*.bz2=01;31:*.cab=01;31:*.cpio=01;31:*.crate=01;31:*.deb=01;31:*.drpm=01;31:*.dwm=01;31:*.dz=01;31:*.ear=01;31:*.egg=01;31:*.esd=01;31:*.gz=01;31:*.jar=01;31:*.lha=01;31:*.lrz=01;31:*.lz=01;31:*.lz4=01;31:*.lzh=01;31:*.lzma=01;31:*.lzo=01;31:*.pyz=01;31:*.rar=01;31:*.rpm=01;31:*.rz=01;31:*.sar=01;31:*.swm=01;31:*.t7z=01;31:*.tar=01;31:*.taz=01;31:*.tbz=01;31:*.tbz2=01;31:*.tgz=01;31:*.tlz=01;31:*.txz=01;31:*.tz=01;31:*.tzo=01;31:*.tzst=01;31:*.udeb=01;31:*.war=01;31:*.whl=01;31:*.wim=01;31:*.xz=01;31:*.z=01;31:*.zip=01;31:*.zoo=01;31:*.zst=01;31:*.avif=01;35:*.jpg=01;35:*.jpeg=01;35:*.mjpg=01;35:*.mjpeg=01;35:*.gif=01;35:*.bmp=01;35:*.pbm=01;35:*.pgm=01;35:*.ppm=01;35:*.tga=01;35:*.xbm=01;35:*.xpm=01;35:*.tif=01;35:*.tiff=01;35:*.png=01;35:*.svg=01;35:*.svgz=01;35:*.mng=01;35:*.pcx=01;35:*.mov=01;35:*.mpg=01;35:*.mpeg=01;35:*.m2v=01;35:*.mkv=01;35:*.webm=01;35:*.webp=01;35:*.ogm=01;35:*.mp4=01;35:*.m4v=01;35:*.mp4v=01;35:*.vob=01;35:*.qt=01;35:*.nuv=01;35:*.wmv=01;35:*.asf=01;35:*.rm=01;35:*.rmvb=01;35:*.flc=01;35:*.avi=01;35:*.fli=01;35:*.flv=01;35:*.gl=01;35:*.dl=01;35:*.xcf=01;35:*.xwd=01;35:*.yuv=01;35:*.cgm=01;35:*.emf=01;35:*.ogv=01;35:*.ogx=01;35:*.aac=01;36:*.au=01;36:*.flac=01;36:*.m4a=01;36:*.mid=01;36:*.midi=01;36:*.mka=01;36:*.mp3=01;36:*.mpc=01;36:*.ogg=01;36:*.ra=01;36:*.wav=01;36:*.oga=01;36:*.opus=01;36:*.spx=01;36:*.xspf=01;36:*~=00;90:*#=00;90:*.bak=00;90:*.crdownload=00;90:*.dpkg-dist=00;90:*.dpkg-new=00;90:*.dpkg-old=00;90:*.dpkg-tmp=00;90:*.old=00;90:*.orig=00;90:*.part=00;90:*.rej=00;90:*.rpmnew=00;90:*.rpmorig=00;90:*.rpmsave=00;90:*.swp=00;90:*.tmp=00;90:*.ucf-dist=00;90:*.ucf-new=00;90:*.ucf-old=00;90:
    [SSH_CONNECTION] => 192.168.1.79 51368 192.168.1.126 22
    [MOZ_GMP_PATH] => /usr/lib64/mozilla/plugins/gmp-gmpopenh264/system-installed:/var/lib/widevine/gmp-widevinecdm/system-installed
    [XDG_SESSION_CLASS] => user
    [SELINUX_ROLE_REQUESTED] => 
    [TERM] => xterm-256color
    [LC_IDENTIFICATION] => ja_JP.utf8
    [LESSOPEN] => ||/usr/bin/lesspipe.sh %s
    [USER] => kn
    [SELINUX_USE_CURRENT_RANGE] => 
    [SHLVL] => 1
    [LC_TELEPHONE] => ja_JP.utf8
    [LC_MEASUREMENT] => ja_JP.utf8
    [XDG_SESSION_ID] => 15
    [XDG_RUNTIME_DIR] => /run/user/1000
    [SSH_CLIENT] => 192.168.1.79 51368 22
    [DEBUGINFOD_URLS] => https://debuginfod.fedoraproject.org/ 
    [LC_TIME] => ja_JP.utf8
    [DEBUGINFOD_IMA_CERT_PATH] => /etc/keys/ima:
    [KDEDIRS] => /usr
    [XDG_DATA_DIRS] => /home/kn/.local/share/flatpak/exports/share:/var/lib/flatpak/exports/share:/usr/local/share:/usr/share
    [PATH] => /home/kn/.local/bin:/home/kn/bin:/usr/local/bin:/usr/bin
    [SELINUX_LEVEL_REQUESTED] => 
    [DBUS_SESSION_BUS_ADDRESS] => unix:path=/run/user/1000/bus
    [MAIL] => /var/spool/mail/kn
    [SSH_TTY] => /dev/pts/1
    [LC_NUMERIC] => ja_JP.utf8
    [OLDPWD] => /var/www/html/result
    [PHP_SELF] => /var/www/cgi-bin/kendo-realtime/src/wsServer.php
    [SCRIPT_NAME] => /var/www/cgi-bin/kendo-realtime/src/wsServer.php
    [SCRIPT_FILENAME] => /var/www/cgi-bin/kendo-realtime/src/wsServer.php
    [PATH_TRANSLATED] => /var/www/cgi-bin/kendo-realtime/src/wsServer.php
    [DOCUMENT_ROOT] => 
    [REQUEST_TIME_FLOAT] => 1768686442.0477
    [REQUEST_TIME] => 1768686442
    [argv] => Array
        (
            [0] => /var/www/cgi-bin/kendo-realtime/src/wsServer.php
        )

    [argc] => 1
)

msg:onMessage: {"mode":1,"navi":1004,"places":["1"]}

[2026/01/18 12:58:02]--------------------------------------------------
server:Array
(
    [SHELL] => /bin/bash
    [HISTCONTROL] => ignoredups
    [HOSTNAME] => kn-macbookair
    [HISTSIZE] => 1000
    [LC_ADDRESS] => ja_JP.utf8
    [LC_NAME] => ja_JP.utf8
    [LC_MONETARY] => ja_JP.utf8
    [GPG_TTY] => /dev/pts/1
    [EDITOR] => /usr/bin/nano
    [PWD] => /var/www/cgi-bin
    [LOGNAME] => kn
    [XDG_SESSION_TYPE] => tty
    [_] => /usr/bin/nohup
    [MOTD_SHOWN] => pam
    [HOME] => /home/kn
    [SSH_ASKPASS] => /usr/bin/ksshaskpass
    [LANG] => ja_JP.utf8
    [LC_PAPER] => ja_JP.utf8
    [LS_COLORS] => rs=0:di=01;34:ln=01;36:mh=00:pi=40;33:so=01;35:do=01;35:bd=40;33;01:cd=40;33;01:or=40;31;01:mi=01;37;41:su=37;41:sg=30;43:ca=00:tw=30;42:ow=34;42:st=37;44:ex=01;32:*.7z=01;31:*.ace=01;31:*.alz=01;31:*.apk=01;31:*.arc=01;31:*.arj=01;31:*.bz=01;31:*.bz2=01;31:*.cab=01;31:*.cpio=01;31:*.crate=01;31:*.deb=01;31:*.drpm=01;31:*.dwm=01;31:*.dz=01;31:*.ear=01;31:*.egg=01;31:*.esd=01;31:*.gz=01;31:*.jar=01;31:*.lha=01;31:*.lrz=01;31:*.lz=01;31:*.lz4=01;31:*.lzh=01;31:*.lzma=01;31:*.lzo=01;31:*.pyz=01;31:*.rar=01;31:*.rpm=01;31:*.rz=01;31:*.sar=01;31:*.swm=01;31:*.t7z=01;31:*.tar=01;31:*.taz=01;31:*.tbz=01;31:*.tbz2=01;31:*.tgz=01;31:*.tlz=01;31:*.txz=01;31:*.tz=01;31:*.tzo=01;31:*.tzst=01;31:*.udeb=01;31:*.war=01;31:*.whl=01;31:*.wim=01;31:*.xz=01;31:*.z=01;31:*.zip=01;31:*.zoo=01;31:*.zst=01;31:*.avif=01;35:*.jpg=01;35:*.jpeg=01;35:*.mjpg=01;35:*.mjpeg=01;35:*.gif=01;35:*.bmp=01;35:*.pbm=01;35:*.pgm=01;35:*.ppm=01;35:*.tga=01;35:*.xbm=01;35:*.xpm=01;35:*.tif=01;35:*.tiff=01;35:*.png=01;35:*.svg=01;35:*.svgz=01;35:*.mng=01;35:*.pcx=01;35:*.mov=01;35:*.mpg=01;35:*.mpeg=01;35:*.m2v=01;35:*.mkv=01;35:*.webm=01;35:*.webp=01;35:*.ogm=01;35:*.mp4=01;35:*.m4v=01;35:*.mp4v=01;35:*.vob=01;35:*.qt=01;35:*.nuv=01;35:*.wmv=01;35:*.asf=01;35:*.rm=01;35:*.rmvb=01;35:*.flc=01;35:*.avi=01;35:*.fli=01;35:*.flv=01;35:*.gl=01;35:*.dl=01;35:*.xcf=01;35:*.xwd=01;35:*.yuv=01;35:*.cgm=01;35:*.emf=01;35:*.ogv=01;35:*.ogx=01;35:*.aac=01;36:*.au=01;36:*.flac=01;36:*.m4a=01;36:*.mid=01;36:*.midi=01;36:*.mka=01;36:*.mp3=01;36:*.mpc=01;36:*.ogg=01;36:*.ra=01;36:*.wav=01;36:*.oga=01;36:*.opus=01;36:*.spx=01;36:*.xspf=01;36:*~=00;90:*#=00;90:*.bak=00;90:*.crdownload=00;90:*.dpkg-dist=00;90:*.dpkg-new=00;90:*.dpkg-old=00;90:*.dpkg-tmp=00;90:*.old=00;90:*.orig=00;90:*.part=00;90:*.rej=00;90:*.rpmnew=00;90:*.rpmorig=00;90:*.rpmsave=00;90:*.swp=00;90:*.tmp=00;90:*.ucf-dist=00;90:*.ucf-new=00;90:*.ucf-old=00;90:
    [SSH_CONNECTION] => 192.168.1.79 51368 192.168.1.126 22
    [MOZ_GMP_PATH] => /usr/lib64/mozilla/plugins/gmp-gmpopenh264/system-installed:/var/lib/widevine/gmp-widevinecdm/system-installed
    [XDG_SESSION_CLASS] => user
    [SELINUX_ROLE_REQUESTED] => 
    [TERM] => xterm-256color
    [LC_IDENTIFICATION] => ja_JP.utf8
    [LESSOPEN] => ||/usr/bin/lesspipe.sh %s
    [USER] => kn
    [SELINUX_USE_CURRENT_RANGE] => 
    [SHLVL] => 1
    [LC_TELEPHONE] => ja_JP.utf8
    [LC_MEASUREMENT] => ja_JP.utf8
    [XDG_SESSION_ID] => 15
    [XDG_RUNTIME_DIR] => /run/user/1000
    [SSH_CLIENT] => 192.168.1.79 51368 22
    [DEBUGINFOD_URLS] => https://debuginfod.fedoraproject.org/ 
    [LC_TIME] => ja_JP.utf8
    [DEBUGINFOD_IMA_CERT_PATH] => /etc/keys/ima:
    [KDEDIRS] => /usr
    [XDG_DATA_DIRS] => /home/kn/.local/share/flatpak/exports/share:/var/lib/flatpak/exports/share:/usr/local/share:/usr/share
    [PATH] => /home/kn/.local/bin:/home/kn/bin:/usr/local/bin:/usr/bin
    [SELINUX_LEVEL_REQUESTED] => 
    [DBUS_SESSION_BUS_ADDRESS] => unix:path=/run/user/1000/bus
    [MAIL] => /var/spool/mail/kn
    [SSH_TTY] => /dev/pts/1
    [LC_NUMERIC] => ja_JP.utf8
    [OLDPWD] => /var/www/html/result
    [PHP_SELF] => /var/www/cgi-bin/kendo-realtime/src/wsServer.php
    [SCRIPT_NAME] => /var/www/cgi-bin/kendo-realtime/src/wsServer.php
    [SCRIPT_FILENAME] => /var/www/cgi-bin/kendo-realtime/src/wsServer.php
    [PATH_TRANSLATED] => /var/www/cgi-bin/kendo-realtime/src/wsServer.php
    [DOCUMENT_ROOT] => 
    [REQUEST_TIME_FLOAT] => 1768686442.0477
    [REQUEST_TIME] => 1768686442
    [argv] => Array
        (
            [0] => /var/www/cgi-bin/kendo-realtime/src/wsServer.php
        )

    [argc] => 1
)

msg:New Connection (181:0)

[2026/01/18 12:58:02]--------------------------------------------------
server:Array
(
    [SHELL] => /bin/bash
    [HISTCONTROL] => ignoredups
    [HOSTNAME] => kn-macbookair
    [HISTSIZE] => 1000
    [LC_ADDRESS] => ja_JP.utf8
    [LC_NAME] => ja_JP.utf8
    [LC_MONETARY] => ja_JP.utf8
    [GPG_TTY] => /dev/pts/1
    [EDITOR] => /usr/bin/nano
    [PWD] => /var/www/cgi-bin
    [LOGNAME] => kn
    [XDG_SESSION_TYPE] => tty
    [_] => /usr/bin/nohup
    [MOTD_SHOWN] => pam
    [HOME] => /home/kn
    [SSH_ASKPASS] => /usr/bin/ksshaskpass
    [LANG] => ja_JP.utf8
    [LC_PAPER] => ja_JP.utf8
    [LS_COLORS] => rs=0:di=01;34:ln=01;36:mh=00:pi=40;33:so=01;35:do=01;35:bd=40;33;01:cd=40;33;01:or=40;31;01:mi=01;37;41:su=37;41:sg=30;43:ca=00:tw=30;42:ow=34;42:st=37;44:ex=01;32:*.7z=01;31:*.ace=01;31:*.alz=01;31:*.apk=01;31:*.arc=01;31:*.arj=01;31:*.bz=01;31:*.bz2=01;31:*.cab=01;31:*.cpio=01;31:*.crate=01;31:*.deb=01;31:*.drpm=01;31:*.dwm=01;31:*.dz=01;31:*.ear=01;31:*.egg=01;31:*.esd=01;31:*.gz=01;31:*.jar=01;31:*.lha=01;31:*.lrz=01;31:*.lz=01;31:*.lz4=01;31:*.lzh=01;31:*.lzma=01;31:*.lzo=01;31:*.pyz=01;31:*.rar=01;31:*.rpm=01;31:*.rz=01;31:*.sar=01;31:*.swm=01;31:*.t7z=01;31:*.tar=01;31:*.taz=01;31:*.tbz=01;31:*.tbz2=01;31:*.tgz=01;31:*.tlz=01;31:*.txz=01;31:*.tz=01;31:*.tzo=01;31:*.tzst=01;31:*.udeb=01;31:*.war=01;31:*.whl=01;31:*.wim=01;31:*.xz=01;31:*.z=01;31:*.zip=01;31:*.zoo=01;31:*.zst=01;31:*.avif=01;35:*.jpg=01;35:*.jpeg=01;35:*.mjpg=01;35:*.mjpeg=01;35:*.gif=01;35:*.bmp=01;35:*.pbm=01;35:*.pgm=01;35:*.ppm=01;35:*.tga=01;35:*.xbm=01;35:*.xpm=01;35:*.tif=01;35:*.tiff=01;35:*.png=01;35:*.svg=01;35:*.svgz=01;35:*.mng=01;35:*.pcx=01;35:*.mov=01;35:*.mpg=01;35:*.mpeg=01;35:*.m2v=01;35:*.mkv=01;35:*.webm=01;35:*.webp=01;35:*.ogm=01;35:*.mp4=01;35:*.m4v=01;35:*.mp4v=01;35:*.vob=01;35:*.qt=01;35:*.nuv=01;35:*.wmv=01;35:*.asf=01;35:*.rm=01;35:*.rmvb=01;35:*.flc=01;35:*.avi=01;35:*.fli=01;35:*.flv=01;35:*.gl=01;35:*.dl=01;35:*.xcf=01;35:*.xwd=01;35:*.yuv=01;35:*.cgm=01;35:*.emf=01;35:*.ogv=01;35:*.ogx=01;35:*.aac=01;36:*.au=01;36:*.flac=01;36:*.m4a=01;36:*.mid=01;36:*.midi=01;36:*.mka=01;36:*.mp3=01;36:*.mpc=01;36:*.ogg=01;36:*.ra=01;36:*.wav=01;36:*.oga=01;36:*.opus=01;36:*.spx=01;36:*.xspf=01;36:*~=00;90:*#=00;90:*.bak=00;90:*.crdownload=00;90:*.dpkg-dist=00;90:*.dpkg-new=00;90:*.dpkg-old=00;90:*.dpkg-tmp=00;90:*.old=00;90:*.orig=00;90:*.part=00;90:*.rej=00;90:*.rpmnew=00;90:*.rpmorig=00;90:*.rpmsave=00;90:*.swp=00;90:*.tmp=00;90:*.ucf-dist=00;90:*.ucf-new=00;90:*.ucf-old=00;90:
    [SSH_CONNECTION] => 192.168.1.79 51368 192.168.1.126 22
    [MOZ_GMP_PATH] => /usr/lib64/mozilla/plugins/gmp-gmpopenh264/system-installed:/var/lib/widevine/gmp-widevinecdm/system-installed
    [XDG_SESSION_CLASS] => user
    [SELINUX_ROLE_REQUESTED] => 
    [TERM] => xterm-256color
    [LC_IDENTIFICATION] => ja_JP.utf8
    [LESSOPEN] => ||/usr/bin/lesspipe.sh %s
    [USER] => kn
    [SELINUX_USE_CURRENT_RANGE] => 
    [SHLVL] => 1
    [LC_TELEPHONE] => ja_JP.utf8
    [LC_MEASUREMENT] => ja_JP.utf8
    [XDG_SESSION_ID] => 15
    [XDG_RUNTIME_DIR] => /run/user/1000
    [SSH_CLIENT] => 192.168.1.79 51368 22
    [DEBUGINFOD_URLS] => https://debuginfod.fedoraproject.org/ 
    [LC_TIME] => ja_JP.utf8
    [DEBUGINFOD_IMA_CERT_PATH] => /etc/keys/ima:
    [KDEDIRS] => /usr
    [XDG_DATA_DIRS] => /home/kn/.local/share/flatpak/exports/share:/var/lib/flatpak/exports/share:/usr/local/share:/usr/share
    [PATH] => /home/kn/.local/bin:/home/kn/bin:/usr/local/bin:/usr/bin
    [SELINUX_LEVEL_REQUESTED] => 
    [DBUS_SESSION_BUS_ADDRESS] => unix:path=/run/user/1000/bus
    [MAIL] => /var/spool/mail/kn
    [SSH_TTY] => /dev/pts/1
    [LC_NUMERIC] => ja_JP.utf8
    [OLDPWD] => /var/www/html/result
    [PHP_SELF] => /var/www/cgi-bin/kendo-realtime/src/wsServer.php
    [SCRIPT_NAME] => /var/www/cgi-bin/kendo-realtime/src/wsServer.php
    [SCRIPT_FILENAME] => /var/www/cgi-bin/kendo-realtime/src/wsServer.php
    [PATH_TRANSLATED] => /var/www/cgi-bin/kendo-realtime/src/wsServer.php
    [DOCUMENT_ROOT] => 
    [REQUEST_TIME_FLOAT] => 1768686442.0477
    [REQUEST_TIME] => 1768686442
    [argv] => Array
        (
            [0] => /var/www/cgi-bin/kendo-realtime/src/wsServer.php
        )

    [argc] => 1
)

msg:onMessage: {"mode":1,"navi":1004,"places":["1"]}

[2026/01/18 13:43:11]--------------------------------------------------
server:Array
(
    [SHELL] => /bin/bash
    [HISTCONTROL] => ignoredups
    [HOSTNAME] => kn-macbookair
    [HISTSIZE] => 1000
    [LC_ADDRESS] => ja_JP.utf8
    [LC_NAME] => ja_JP.utf8
    [LC_MONETARY] => ja_JP.utf8
    [GPG_TTY] => /dev/pts/1
    [EDITOR] => /usr/bin/nano
    [PWD] => /var/www/cgi-bin
    [LOGNAME] => kn
    [XDG_SESSION_TYPE] => tty
    [_] => /usr/bin/nohup
    [MOTD_SHOWN] => pam
    [HOME] => /home/kn
    [SSH_ASKPASS] => /usr/bin/ksshaskpass
    [LANG] => ja_JP.utf8
    [LC_PAPER] => ja_JP.utf8
    [LS_COLORS] => rs=0:di=01;34:ln=01;36:mh=00:pi=40;33:so=01;35:do=01;35:bd=40;33;01:cd=40;33;01:or=40;31;01:mi=01;37;41:su=37;41:sg=30;43:ca=00:tw=30;42:ow=34;42:st=37;44:ex=01;32:*.7z=01;31:*.ace=01;31:*.alz=01;31:*.apk=01;31:*.arc=01;31:*.arj=01;31:*.bz=01;31:*.bz2=01;31:*.cab=01;31:*.cpio=01;31:*.crate=01;31:*.deb=01;31:*.drpm=01;31:*.dwm=01;31:*.dz=01;31:*.ear=01;31:*.egg=01;31:*.esd=01;31:*.gz=01;31:*.jar=01;31:*.lha=01;31:*.lrz=01;31:*.lz=01;31:*.lz4=01;31:*.lzh=01;31:*.lzma=01;31:*.lzo=01;31:*.pyz=01;31:*.rar=01;31:*.rpm=01;31:*.rz=01;31:*.sar=01;31:*.swm=01;31:*.t7z=01;31:*.tar=01;31:*.taz=01;31:*.tbz=01;31:*.tbz2=01;31:*.tgz=01;31:*.tlz=01;31:*.txz=01;31:*.tz=01;31:*.tzo=01;31:*.tzst=01;31:*.udeb=01;31:*.war=01;31:*.whl=01;31:*.wim=01;31:*.xz=01;31:*.z=01;31:*.zip=01;31:*.zoo=01;31:*.zst=01;31:*.avif=01;35:*.jpg=01;35:*.jpeg=01;35:*.mjpg=01;35:*.mjpeg=01;35:*.gif=01;35:*.bmp=01;35:*.pbm=01;35:*.pgm=01;35:*.ppm=01;35:*.tga=01;35:*.xbm=01;35:*.xpm=01;35:*.tif=01;35:*.tiff=01;35:*.png=01;35:*.svg=01;35:*.svgz=01;35:*.mng=01;35:*.pcx=01;35:*.mov=01;35:*.mpg=01;35:*.mpeg=01;35:*.m2v=01;35:*.mkv=01;35:*.webm=01;35:*.webp=01;35:*.ogm=01;35:*.mp4=01;35:*.m4v=01;35:*.mp4v=01;35:*.vob=01;35:*.qt=01;35:*.nuv=01;35:*.wmv=01;35:*.asf=01;35:*.rm=01;35:*.rmvb=01;35:*.flc=01;35:*.avi=01;35:*.fli=01;35:*.flv=01;35:*.gl=01;35:*.dl=01;35:*.xcf=01;35:*.xwd=01;35:*.yuv=01;35:*.cgm=01;35:*.emf=01;35:*.ogv=01;35:*.ogx=01;35:*.aac=01;36:*.au=01;36:*.flac=01;36:*.m4a=01;36:*.mid=01;36:*.midi=01;36:*.mka=01;36:*.mp3=01;36:*.mpc=01;36:*.ogg=01;36:*.ra=01;36:*.wav=01;36:*.oga=01;36:*.opus=01;36:*.spx=01;36:*.xspf=01;36:*~=00;90:*#=00;90:*.bak=00;90:*.crdownload=00;90:*.dpkg-dist=00;90:*.dpkg-new=00;90:*.dpkg-old=00;90:*.dpkg-tmp=00;90:*.old=00;90:*.orig=00;90:*.part=00;90:*.rej=00;90:*.rpmnew=00;90:*.rpmorig=00;90:*.rpmsave=00;90:*.swp=00;90:*.tmp=00;90:*.ucf-dist=00;90:*.ucf-new=00;90:*.ucf-old=00;90:
    [SSH_CONNECTION] => 192.168.1.79 51368 192.168.1.126 22
    [MOZ_GMP_PATH] => /usr/lib64/mozilla/plugins/gmp-gmpopenh264/system-installed:/var/lib/widevine/gmp-widevinecdm/system-installed
    [XDG_SESSION_CLASS] => user
    [SELINUX_ROLE_REQUESTED] => 
    [TERM] => xterm-256color
    [LC_IDENTIFICATION] => ja_JP.utf8
    [LESSOPEN] => ||/usr/bin/lesspipe.sh %s
    [USER] => kn
    [SELINUX_USE_CURRENT_RANGE] => 
    [SHLVL] => 1
    [LC_TELEPHONE] => ja_JP.utf8
    [LC_MEASUREMENT] => ja_JP.utf8
    [XDG_SESSION_ID] => 15
    [XDG_RUNTIME_DIR] => /run/user/1000
    [SSH_CLIENT] => 192.168.1.79 51368 22
    [DEBUGINFOD_URLS] => https://debuginfod.fedoraproject.org/ 
    [LC_TIME] => ja_JP.utf8
    [DEBUGINFOD_IMA_CERT_PATH] => /etc/keys/ima:
    [KDEDIRS] => /usr
    [XDG_DATA_DIRS] => /home/kn/.local/share/flatpak/exports/share:/var/lib/flatpak/exports/share:/usr/local/share:/usr/share
    [PATH] => /home/kn/.local/bin:/home/kn/bin:/usr/local/bin:/usr/bin
    [SELINUX_LEVEL_REQUESTED] => 
    [DBUS_SESSION_BUS_ADDRESS] => unix:path=/run/user/1000/bus
    [MAIL] => /var/spool/mail/kn
    [SSH_TTY] => /dev/pts/1
    [LC_NUMERIC] => ja_JP.utf8
    [OLDPWD] => /var/www/html/result
    [PHP_SELF] => /var/www/cgi-bin/kendo-realtime/src/wsServer.php
    [SCRIPT_NAME] => /var/www/cgi-bin/kendo-realtime/src/wsServer.php
    [SCRIPT_FILENAME] => /var/www/cgi-bin/kendo-realtime/src/wsServer.php
    [PATH_TRANSLATED] => /var/www/cgi-bin/kendo-realtime/src/wsServer.php
    [DOCUMENT_ROOT] => 
    [REQUEST_TIME_FLOAT] => 1768686442.0477
    [REQUEST_TIME] => 1768686442
    [argv] => Array
        (
            [0] => /var/www/cgi-bin/kendo-realtime/src/wsServer.php
        )

    [argc] => 1
)

msg:New Connection (187:0)

[2026/01/18 13:43:11]--------------------------------------------------
server:Array
(
    [SHELL] => /bin/bash
    [HISTCONTROL] => ignoredups
    [HOSTNAME] => kn-macbookair
    [HISTSIZE] => 1000
    [LC_ADDRESS] => ja_JP.utf8
    [LC_NAME] => ja_JP.utf8
    [LC_MONETARY] => ja_JP.utf8
    [GPG_TTY] => /dev/pts/1
    [EDITOR] => /usr/bin/nano
    [PWD] => /var/www/cgi-bin
    [LOGNAME] => kn
    [XDG_SESSION_TYPE] => tty
    [_] => /usr/bin/nohup
    [MOTD_SHOWN] => pam
    [HOME] => /home/kn
    [SSH_ASKPASS] => /usr/bin/ksshaskpass
    [LANG] => ja_JP.utf8
    [LC_PAPER] => ja_JP.utf8
    [LS_COLORS] => rs=0:di=01;34:ln=01;36:mh=00:pi=40;33:so=01;35:do=01;35:bd=40;33;01:cd=40;33;01:or=40;31;01:mi=01;37;41:su=37;41:sg=30;43:ca=00:tw=30;42:ow=34;42:st=37;44:ex=01;32:*.7z=01;31:*.ace=01;31:*.alz=01;31:*.apk=01;31:*.arc=01;31:*.arj=01;31:*.bz=01;31:*.bz2=01;31:*.cab=01;31:*.cpio=01;31:*.crate=01;31:*.deb=01;31:*.drpm=01;31:*.dwm=01;31:*.dz=01;31:*.ear=01;31:*.egg=01;31:*.esd=01;31:*.gz=01;31:*.jar=01;31:*.lha=01;31:*.lrz=01;31:*.lz=01;31:*.lz4=01;31:*.lzh=01;31:*.lzma=01;31:*.lzo=01;31:*.pyz=01;31:*.rar=01;31:*.rpm=01;31:*.rz=01;31:*.sar=01;31:*.swm=01;31:*.t7z=01;31:*.tar=01;31:*.taz=01;31:*.tbz=01;31:*.tbz2=01;31:*.tgz=01;31:*.tlz=01;31:*.txz=01;31:*.tz=01;31:*.tzo=01;31:*.tzst=01;31:*.udeb=01;31:*.war=01;31:*.whl=01;31:*.wim=01;31:*.xz=01;31:*.z=01;31:*.zip=01;31:*.zoo=01;31:*.zst=01;31:*.avif=01;35:*.jpg=01;35:*.jpeg=01;35:*.mjpg=01;35:*.mjpeg=01;35:*.gif=01;35:*.bmp=01;35:*.pbm=01;35:*.pgm=01;35:*.ppm=01;35:*.tga=01;35:*.xbm=01;35:*.xpm=01;35:*.tif=01;35:*.tiff=01;35:*.png=01;35:*.svg=01;35:*.svgz=01;35:*.mng=01;35:*.pcx=01;35:*.mov=01;35:*.mpg=01;35:*.mpeg=01;35:*.m2v=01;35:*.mkv=01;35:*.webm=01;35:*.webp=01;35:*.ogm=01;35:*.mp4=01;35:*.m4v=01;35:*.mp4v=01;35:*.vob=01;35:*.qt=01;35:*.nuv=01;35:*.wmv=01;35:*.asf=01;35:*.rm=01;35:*.rmvb=01;35:*.flc=01;35:*.avi=01;35:*.fli=01;35:*.flv=01;35:*.gl=01;35:*.dl=01;35:*.xcf=01;35:*.xwd=01;35:*.yuv=01;35:*.cgm=01;35:*.emf=01;35:*.ogv=01;35:*.ogx=01;35:*.aac=01;36:*.au=01;36:*.flac=01;36:*.m4a=01;36:*.mid=01;36:*.midi=01;36:*.mka=01;36:*.mp3=01;36:*.mpc=01;36:*.ogg=01;36:*.ra=01;36:*.wav=01;36:*.oga=01;36:*.opus=01;36:*.spx=01;36:*.xspf=01;36:*~=00;90:*#=00;90:*.bak=00;90:*.crdownload=00;90:*.dpkg-dist=00;90:*.dpkg-new=00;90:*.dpkg-old=00;90:*.dpkg-tmp=00;90:*.old=00;90:*.orig=00;90:*.part=00;90:*.rej=00;90:*.rpmnew=00;90:*.rpmorig=00;90:*.rpmsave=00;90:*.swp=00;90:*.tmp=00;90:*.ucf-dist=00;90:*.ucf-new=00;90:*.ucf-old=00;90:
    [SSH_CONNECTION] => 192.168.1.79 51368 192.168.1.126 22
    [MOZ_GMP_PATH] => /usr/lib64/mozilla/plugins/gmp-gmpopenh264/system-installed:/var/lib/widevine/gmp-widevinecdm/system-installed
    [XDG_SESSION_CLASS] => user
    [SELINUX_ROLE_REQUESTED] => 
    [TERM] => xterm-256color
    [LC_IDENTIFICATION] => ja_JP.utf8
    [LESSOPEN] => ||/usr/bin/lesspipe.sh %s
    [USER] => kn
    [SELINUX_USE_CURRENT_RANGE] => 
    [SHLVL] => 1
    [LC_TELEPHONE] => ja_JP.utf8
    [LC_MEASUREMENT] => ja_JP.utf8
    [XDG_SESSION_ID] => 15
    [XDG_RUNTIME_DIR] => /run/user/1000
    [SSH_CLIENT] => 192.168.1.79 51368 22
    [DEBUGINFOD_URLS] => https://debuginfod.fedoraproject.org/ 
    [LC_TIME] => ja_JP.utf8
    [DEBUGINFOD_IMA_CERT_PATH] => /etc/keys/ima:
    [KDEDIRS] => /usr
    [XDG_DATA_DIRS] => /home/kn/.local/share/flatpak/exports/share:/var/lib/flatpak/exports/share:/usr/local/share:/usr/share
    [PATH] => /home/kn/.local/bin:/home/kn/bin:/usr/local/bin:/usr/bin
    [SELINUX_LEVEL_REQUESTED] => 
    [DBUS_SESSION_BUS_ADDRESS] => unix:path=/run/user/1000/bus
    [MAIL] => /var/spool/mail/kn
    [SSH_TTY] => /dev/pts/1
    [LC_NUMERIC] => ja_JP.utf8
    [OLDPWD] => /var/www/html/result
    [PHP_SELF] => /var/www/cgi-bin/kendo-realtime/src/wsServer.php
    [SCRIPT_NAME] => /var/www/cgi-bin/kendo-realtime/src/wsServer.php
    [SCRIPT_FILENAME] => /var/www/cgi-bin/kendo-realtime/src/wsServer.php
    [PATH_TRANSLATED] => /var/www/cgi-bin/kendo-realtime/src/wsServer.php
    [DOCUMENT_ROOT] => 
    [REQUEST_TIME_FLOAT] => 1768686442.0477
    [REQUEST_TIME] => 1768686442
    [argv] => Array
        (
            [0] => /var/www/cgi-bin/kendo-realtime/src/wsServer.php
        )

    [argc] => 1
)

msg:onMessage: {"mode":1,"navi":1004,"places":["1"]}

[2026/01/18 14:10:18]--------------------------------------------------
server:Array
(
    [SHELL] => /bin/bash
    [HISTCONTROL] => ignoredups
    [HOSTNAME] => kn-macbookair
    [HISTSIZE] => 1000
    [LC_ADDRESS] => ja_JP.utf8
    [LC_NAME] => ja_JP.utf8
    [LC_MONETARY] => ja_JP.utf8
    [GPG_TTY] => /dev/pts/1
    [EDITOR] => /usr/bin/nano
    [PWD] => /var/www/cgi-bin
    [LOGNAME] => kn
    [XDG_SESSION_TYPE] => tty
    [_] => /usr/bin/nohup
    [MOTD_SHOWN] => pam
    [HOME] => /home/kn
    [SSH_ASKPASS] => /usr/bin/ksshaskpass
    [LANG] => ja_JP.utf8
    [LC_PAPER] => ja_JP.utf8
    [LS_COLORS] => rs=0:di=01;34:ln=01;36:mh=00:pi=40;33:so=01;35:do=01;35:bd=40;33;01:cd=40;33;01:or=40;31;01:mi=01;37;41:su=37;41:sg=30;43:ca=00:tw=30;42:ow=34;42:st=37;44:ex=01;32:*.7z=01;31:*.ace=01;31:*.alz=01;31:*.apk=01;31:*.arc=01;31:*.arj=01;31:*.bz=01;31:*.bz2=01;31:*.cab=01;31:*.cpio=01;31:*.crate=01;31:*.deb=01;31:*.drpm=01;31:*.dwm=01;31:*.dz=01;31:*.ear=01;31:*.egg=01;31:*.esd=01;31:*.gz=01;31:*.jar=01;31:*.lha=01;31:*.lrz=01;31:*.lz=01;31:*.lz4=01;31:*.lzh=01;31:*.lzma=01;31:*.lzo=01;31:*.pyz=01;31:*.rar=01;31:*.rpm=01;31:*.rz=01;31:*.sar=01;31:*.swm=01;31:*.t7z=01;31:*.tar=01;31:*.taz=01;31:*.tbz=01;31:*.tbz2=01;31:*.tgz=01;31:*.tlz=01;31:*.txz=01;31:*.tz=01;31:*.tzo=01;31:*.tzst=01;31:*.udeb=01;31:*.war=01;31:*.whl=01;31:*.wim=01;31:*.xz=01;31:*.z=01;31:*.zip=01;31:*.zoo=01;31:*.zst=01;31:*.avif=01;35:*.jpg=01;35:*.jpeg=01;35:*.mjpg=01;35:*.mjpeg=01;35:*.gif=01;35:*.bmp=01;35:*.pbm=01;35:*.pgm=01;35:*.ppm=01;35:*.tga=01;35:*.xbm=01;35:*.xpm=01;35:*.tif=01;35:*.tiff=01;35:*.png=01;35:*.svg=01;35:*.svgz=01;35:*.mng=01;35:*.pcx=01;35:*.mov=01;35:*.mpg=01;35:*.mpeg=01;35:*.m2v=01;35:*.mkv=01;35:*.webm=01;35:*.webp=01;35:*.ogm=01;35:*.mp4=01;35:*.m4v=01;35:*.mp4v=01;35:*.vob=01;35:*.qt=01;35:*.nuv=01;35:*.wmv=01;35:*.asf=01;35:*.rm=01;35:*.rmvb=01;35:*.flc=01;35:*.avi=01;35:*.fli=01;35:*.flv=01;35:*.gl=01;35:*.dl=01;35:*.xcf=01;35:*.xwd=01;35:*.yuv=01;35:*.cgm=01;35:*.emf=01;35:*.ogv=01;35:*.ogx=01;35:*.aac=01;36:*.au=01;36:*.flac=01;36:*.m4a=01;36:*.mid=01;36:*.midi=01;36:*.mka=01;36:*.mp3=01;36:*.mpc=01;36:*.ogg=01;36:*.ra=01;36:*.wav=01;36:*.oga=01;36:*.opus=01;36:*.spx=01;36:*.xspf=01;36:*~=00;90:*#=00;90:*.bak=00;90:*.crdownload=00;90:*.dpkg-dist=00;90:*.dpkg-new=00;90:*.dpkg-old=00;90:*.dpkg-tmp=00;90:*.old=00;90:*.orig=00;90:*.part=00;90:*.rej=00;90:*.rpmnew=00;90:*.rpmorig=00;90:*.rpmsave=00;90:*.swp=00;90:*.tmp=00;90:*.ucf-dist=00;90:*.ucf-new=00;90:*.ucf-old=00;90:
    [SSH_CONNECTION] => 192.168.1.79 51368 192.168.1.126 22
    [MOZ_GMP_PATH] => /usr/lib64/mozilla/plugins/gmp-gmpopenh264/system-installed:/var/lib/widevine/gmp-widevinecdm/system-installed
    [XDG_SESSION_CLASS] => user
    [SELINUX_ROLE_REQUESTED] => 
    [TERM] => xterm-256color
    [LC_IDENTIFICATION] => ja_JP.utf8
    [LESSOPEN] => ||/usr/bin/lesspipe.sh %s
    [USER] => kn
    [SELINUX_USE_CURRENT_RANGE] => 
    [SHLVL] => 1
    [LC_TELEPHONE] => ja_JP.utf8
    [LC_MEASUREMENT] => ja_JP.utf8
    [XDG_SESSION_ID] => 15
    [XDG_RUNTIME_DIR] => /run/user/1000
    [SSH_CLIENT] => 192.168.1.79 51368 22
    [DEBUGINFOD_URLS] => https://debuginfod.fedoraproject.org/ 
    [LC_TIME] => ja_JP.utf8
    [DEBUGINFOD_IMA_CERT_PATH] => /etc/keys/ima:
    [KDEDIRS] => /usr
    [XDG_DATA_DIRS] => /home/kn/.local/share/flatpak/exports/share:/var/lib/flatpak/exports/share:/usr/local/share:/usr/share
    [PATH] => /home/kn/.local/bin:/home/kn/bin:/usr/local/bin:/usr/bin
    [SELINUX_LEVEL_REQUESTED] => 
    [DBUS_SESSION_BUS_ADDRESS] => unix:path=/run/user/1000/bus
    [MAIL] => /var/spool/mail/kn
    [SSH_TTY] => /dev/pts/1
    [LC_NUMERIC] => ja_JP.utf8
    [OLDPWD] => /var/www/html/result
    [PHP_SELF] => /var/www/cgi-bin/kendo-realtime/src/wsServer.php
    [SCRIPT_NAME] => /var/www/cgi-bin/kendo-realtime/src/wsServer.php
    [SCRIPT_FILENAME] => /var/www/cgi-bin/kendo-realtime/src/wsServer.php
    [PATH_TRANSLATED] => /var/www/cgi-bin/kendo-realtime/src/wsServer.php
    [DOCUMENT_ROOT] => 
    [REQUEST_TIME_FLOAT] => 1768686442.0477
    [REQUEST_TIME] => 1768686442
    [argv] => Array
        (
            [0] => /var/www/cgi-bin/kendo-realtime/src/wsServer.php
        )

    [argc] => 1
)

msg:onCommand: 1,1004

[2026/01/18 14:10:18]--------------------------------------------------
server:Array
(
    [SHELL] => /bin/bash
    [HISTCONTROL] => ignoredups
    [HOSTNAME] => kn-macbookair
    [HISTSIZE] => 1000
    [LC_ADDRESS] => ja_JP.utf8
    [LC_NAME] => ja_JP.utf8
    [LC_MONETARY] => ja_JP.utf8
    [GPG_TTY] => /dev/pts/1
    [EDITOR] => /usr/bin/nano
    [PWD] => /var/www/cgi-bin
    [LOGNAME] => kn
    [XDG_SESSION_TYPE] => tty
    [_] => /usr/bin/nohup
    [MOTD_SHOWN] => pam
    [HOME] => /home/kn
    [SSH_ASKPASS] => /usr/bin/ksshaskpass
    [LANG] => ja_JP.utf8
    [LC_PAPER] => ja_JP.utf8
    [LS_COLORS] => rs=0:di=01;34:ln=01;36:mh=00:pi=40;33:so=01;35:do=01;35:bd=40;33;01:cd=40;33;01:or=40;31;01:mi=01;37;41:su=37;41:sg=30;43:ca=00:tw=30;42:ow=34;42:st=37;44:ex=01;32:*.7z=01;31:*.ace=01;31:*.alz=01;31:*.apk=01;31:*.arc=01;31:*.arj=01;31:*.bz=01;31:*.bz2=01;31:*.cab=01;31:*.cpio=01;31:*.crate=01;31:*.deb=01;31:*.drpm=01;31:*.dwm=01;31:*.dz=01;31:*.ear=01;31:*.egg=01;31:*.esd=01;31:*.gz=01;31:*.jar=01;31:*.lha=01;31:*.lrz=01;31:*.lz=01;31:*.lz4=01;31:*.lzh=01;31:*.lzma=01;31:*.lzo=01;31:*.pyz=01;31:*.rar=01;31:*.rpm=01;31:*.rz=01;31:*.sar=01;31:*.swm=01;31:*.t7z=01;31:*.tar=01;31:*.taz=01;31:*.tbz=01;31:*.tbz2=01;31:*.tgz=01;31:*.tlz=01;31:*.txz=01;31:*.tz=01;31:*.tzo=01;31:*.tzst=01;31:*.udeb=01;31:*.war=01;31:*.whl=01;31:*.wim=01;31:*.xz=01;31:*.z=01;31:*.zip=01;31:*.zoo=01;31:*.zst=01;31:*.avif=01;35:*.jpg=01;35:*.jpeg=01;35:*.mjpg=01;35:*.mjpeg=01;35:*.gif=01;35:*.bmp=01;35:*.pbm=01;35:*.pgm=01;35:*.ppm=01;35:*.tga=01;35:*.xbm=01;35:*.xpm=01;35:*.tif=01;35:*.tiff=01;35:*.png=01;35:*.svg=01;35:*.svgz=01;35:*.mng=01;35:*.pcx=01;35:*.mov=01;35:*.mpg=01;35:*.mpeg=01;35:*.m2v=01;35:*.mkv=01;35:*.webm=01;35:*.webp=01;35:*.ogm=01;35:*.mp4=01;35:*.m4v=01;35:*.mp4v=01;35:*.vob=01;35:*.qt=01;35:*.nuv=01;35:*.wmv=01;35:*.asf=01;35:*.rm=01;35:*.rmvb=01;35:*.flc=01;35:*.avi=01;35:*.fli=01;35:*.flv=01;35:*.gl=01;35:*.dl=01;35:*.xcf=01;35:*.xwd=01;35:*.yuv=01;35:*.cgm=01;35:*.emf=01;35:*.ogv=01;35:*.ogx=01;35:*.aac=01;36:*.au=01;36:*.flac=01;36:*.m4a=01;36:*.mid=01;36:*.midi=01;36:*.mka=01;36:*.mp3=01;36:*.mpc=01;36:*.ogg=01;36:*.ra=01;36:*.wav=01;36:*.oga=01;36:*.opus=01;36:*.spx=01;36:*.xspf=01;36:*~=00;90:*#=00;90:*.bak=00;90:*.crdownload=00;90:*.dpkg-dist=00;90:*.dpkg-new=00;90:*.dpkg-old=00;90:*.dpkg-tmp=00;90:*.old=00;90:*.orig=00;90:*.part=00;90:*.rej=00;90:*.rpmnew=00;90:*.rpmorig=00;90:*.rpmsave=00;90:*.swp=00;90:*.tmp=00;90:*.ucf-dist=00;90:*.ucf-new=00;90:*.ucf-old=00;90:
    [SSH_CONNECTION] => 192.168.1.79 51368 192.168.1.126 22
    [MOZ_GMP_PATH] => /usr/lib64/mozilla/plugins/gmp-gmpopenh264/system-installed:/var/lib/widevine/gmp-widevinecdm/system-installed
    [XDG_SESSION_CLASS] => user
    [SELINUX_ROLE_REQUESTED] => 
    [TERM] => xterm-256color
    [LC_IDENTIFICATION] => ja_JP.utf8
    [LESSOPEN] => ||/usr/bin/lesspipe.sh %s
    [USER] => kn
    [SELINUX_USE_CURRENT_RANGE] => 
    [SHLVL] => 1
    [LC_TELEPHONE] => ja_JP.utf8
    [LC_MEASUREMENT] => ja_JP.utf8
    [XDG_SESSION_ID] => 15
    [XDG_RUNTIME_DIR] => /run/user/1000
    [SSH_CLIENT] => 192.168.1.79 51368 22
    [DEBUGINFOD_URLS] => https://debuginfod.fedoraproject.org/ 
    [LC_TIME] => ja_JP.utf8
    [DEBUGINFOD_IMA_CERT_PATH] => /etc/keys/ima:
    [KDEDIRS] => /usr
    [XDG_DATA_DIRS] => /home/kn/.local/share/flatpak/exports/share:/var/lib/flatpak/exports/share:/usr/local/share:/usr/share
    [PATH] => /home/kn/.local/bin:/home/kn/bin:/usr/local/bin:/usr/bin
    [SELINUX_LEVEL_REQUESTED] => 
    [DBUS_SESSION_BUS_ADDRESS] => unix:path=/run/user/1000/bus
    [MAIL] => /var/spool/mail/kn
    [SSH_TTY] => /dev/pts/1
    [LC_NUMERIC] => ja_JP.utf8
    [OLDPWD] => /var/www/html/result
    [PHP_SELF] => /var/www/cgi-bin/kendo-realtime/src/ws2Server.php
    [SCRIPT_NAME] => /var/www/cgi-bin/kendo-realtime/src/ws2Server.php
    [SCRIPT_FILENAME] => /var/www/cgi-bin/kendo-realtime/src/ws2Server.php
    [PATH_TRANSLATED] => /var/www/cgi-bin/kendo-realtime/src/ws2Server.php
    [DOCUMENT_ROOT] => 
    [REQUEST_TIME_FLOAT] => 1768686442.0333
    [REQUEST_TIME] => 1768686442
    [argv] => Array
        (
            [0] => /var/www/cgi-bin/kendo-realtime/src/ws2Server.php
        )

    [argc] => 1
)

msg:onCommand: 1,1004

[2026/01/18 14:10:37]--------------------------------------------------
[2026/01/18 14:10:37]--------------------------------------------------
server:Array
(
    [SHELL] => /bin/bash
    [HISTCONTROL] => ignoredups
    [HOSTNAME] => kn-macbookair
    [HISTSIZE] => 1000
    [LC_ADDRESS] => ja_JP.utf8
    [LC_NAME] => ja_JP.utf8
    [LC_MONETARY] => ja_JP.utf8
    [GPG_TTY] => /dev/pts/1
    [EDITOR] => /usr/bin/nano
    [PWD] => /var/www/cgi-bin
    [LOGNAME] => kn
    [XDG_SESSION_TYPE] => tty
    [_] => /usr/bin/nohup
    [MOTD_SHOWN] => pam
    [HOME] => /home/kn
    [SSH_ASKPASS] => /usr/bin/ksshaskpass
    [LANG] => ja_JP.utf8
    [LC_PAPER] => ja_JP.utf8
    [LS_COLORS] => rs=0:di=01;34:ln=01;36:mh=00:pi=40;33:so=01;35:do=01;35:bd=40;33;01:cd=40;33;01:or=40;31;01:mi=01;37;41:su=37;41:sg=30;43:ca=00:tw=30;42:ow=34;42:st=37;44:ex=01;32:*.7z=01;31:*.ace=01;31:*.alz=01;31:*.apk=01;31:*.arc=01;31:*.arj=01;31:*.bz=01;31:*.bz2=01;31:*.cab=01;31:*.cpio=01;31:*.crate=01;31:*.deb=01;31:*.drpm=01;31:*.dwm=01;31:*.dz=01;31:*.ear=01;31:*.egg=01;31:*.esd=01;31:*.gz=01;31:*.jar=01;31:*.lha=01;31:*.lrz=01;31:*.lz=01;31:*.lz4=01;31:*.lzh=01;31:*.lzma=01;31:*.lzo=01;31:*.pyz=01;31:*.rar=01;31:*.rpm=01;31:*.rz=01;31:*.sar=01;31:*.swm=01;31:*.t7z=01;31:*.tar=01;31:*.taz=01;31:*.tbz=01;31:*.tbz2=01;31:*.tgz=01;31:*.tlz=01;31:*.txz=01;31:*.tz=01;31:*.tzo=01;31:*.tzst=01;31:*.udeb=01;31:*.war=01;31:*.whl=01;31:*.wim=01;31:*.xz=01;31:*.z=01;31:*.zip=01;31:*.zoo=01;31:*.zst=01;31:*.avif=01;35:*.jpg=01;35:*.jpeg=01;35:*.mjpg=01;35:*.mjpeg=01;35:*.gif=01;35:*.bmp=01;35:*.pbm=01;35:*.pgm=01;35:*.ppm=01;35:*.tga=01;35:*.xbm=01;35:*.xpm=01;35:*.tif=01;35:*.tiff=01;35:*.png=01;35:*.svg=01;35:*.svgz=01;35:*.mng=01;35:*.pcx=01;35:*.mov=01;35:*.mpg=01;35:*.mpeg=01;35:*.m2v=01;35:*.mkv=01;35:*.webm=01;35:*.webp=01;35:*.ogm=01;35:*.mp4=01;35:*.m4v=01;35:*.mp4v=01;35:*.vob=01;35:*.qt=01;35:*.nuv=01;35:*.wmv=01;35:*.asf=01;35:*.rm=01;35:*.rmvb=01;35:*.flc=01;35:*.avi=01;35:*.fli=01;35:*.flv=01;35:*.gl=01;35:*.dl=01;35:*.xcf=01;35:*.xwd=01;35:*.yuv=01;35:*.cgm=01;35:*.emf=01;35:*.ogv=01;35:*.ogx=01;35:*.aac=01;36:*.au=01;36:*.flac=01;36:*.m4a=01;36:*.mid=01;36:*.midi=01;36:*.mka=01;36:*.mp3=01;36:*.mpc=01;36:*.ogg=01;36:*.ra=01;36:*.wav=01;36:*.oga=01;36:*.opus=01;36:*.spx=01;36:*.xspf=01;36:*~=00;90:*#=00;90:*.bak=00;90:*.crdownload=00;90:*.dpkg-dist=00;90:*.dpkg-new=00;90:*.dpkg-old=00;90:*.dpkg-tmp=00;90:*.old=00;90:*.orig=00;90:*.part=00;90:*.rej=00;90:*.rpmnew=00;90:*.rpmorig=00;90:*.rpmsave=00;90:*.swp=00;90:*.tmp=00;90:*.ucf-dist=00;90:*.ucf-new=00;90:*.ucf-old=00;90:
    [SSH_CONNECTION] => 192.168.1.79 51368 192.168.1.126 22
    [MOZ_GMP_PATH] => /usr/lib64/mozilla/plugins/gmp-gmpopenh264/system-installed:/var/lib/widevine/gmp-widevinecdm/system-installed
    [XDG_SESSION_CLASS] => user
    [SELINUX_ROLE_REQUESTED] => 
    [TERM] => xterm-256color
    [LC_IDENTIFICATION] => ja_JP.utf8
    [LESSOPEN] => ||/usr/bin/lesspipe.sh %s
    [USER] => kn
    [SELINUX_USE_CURRENT_RANGE] => 
    [SHLVL] => 1
    [LC_TELEPHONE] => ja_JP.utf8
    [LC_MEASUREMENT] => ja_JP.utf8
    [XDG_SESSION_ID] => 15
    [XDG_RUNTIME_DIR] => /run/user/1000
    [SSH_CLIENT] => 192.168.1.79 51368 22
    [DEBUGINFOD_URLS] => https://debuginfod.fedoraproject.org/ 
    [LC_TIME] => ja_JP.utf8
    [DEBUGINFOD_IMA_CERT_PATH] => /etc/keys/ima:
    [KDEDIRS] => /usr
    [XDG_DATA_DIRS] => /home/kn/.local/share/flatpak/exports/share:/var/lib/flatpak/exports/share:/usr/local/share:/usr/share
    [PATH] => /home/kn/.local/bin:/home/kn/bin:/usr/local/bin:/usr/bin
    [SELINUX_LEVEL_REQUESTED] => 
    [DBUS_SESSION_BUS_ADDRESS] => unix:path=/run/user/1000/bus
    [MAIL] => /var/spool/mail/kn
    [SSH_TTY] => /dev/pts/1
    [LC_NUMERIC] => ja_JP.utf8
    [OLDPWD] => /var/www/html/result
    [PHP_SELF] => /var/www/cgi-bin/kendo-realtime/src/wsServer.php
    [SCRIPT_NAME] => /var/www/cgi-bin/kendo-realtime/src/wsServer.php
    [SCRIPT_FILENAME] => /var/www/cgi-bin/kendo-realtime/src/wsServer.php
    [PATH_TRANSLATED] => /var/www/cgi-bin/kendo-realtime/src/wsServer.php
    [DOCUMENT_ROOT] => 
    [REQUEST_TIME_FLOAT] => 1768686442.0477
    [REQUEST_TIME] => 1768686442
    [argv] => Array
        (
            [0] => /var/www/cgi-bin/kendo-realtime/src/wsServer.php
        )

    [argc] => 1
)

server:Array
(
    [SHELL] => /bin/bash
    [HISTCONTROL] => ignoredups
    [HOSTNAME] => kn-macbookair
    [HISTSIZE] => 1000
    [LC_ADDRESS] => ja_JP.utf8
    [LC_NAME] => ja_JP.utf8
    [LC_MONETARY] => ja_JP.utf8
    [GPG_TTY] => /dev/pts/1
    [EDITOR] => /usr/bin/nano
    [PWD] => /var/www/cgi-bin
    [LOGNAME] => kn
    [XDG_SESSION_TYPE] => tty
    [_] => /usr/bin/nohup
    [MOTD_SHOWN] => pam
    [HOME] => /home/kn
    [SSH_ASKPASS] => /usr/bin/ksshaskpass
    [LANG] => ja_JP.utf8
    [LC_PAPER] => ja_JP.utf8
    [LS_COLORS] => rs=0:di=01;34:ln=01;36:mh=00:pi=40;33:so=01;35:do=01;35:bd=40;33;01:cd=40;33;01:or=40;31;01:mi=01;37;41:su=37;41:sg=30;43:ca=00:tw=30;42:ow=34;42:st=37;44:ex=01;32:*.7z=01;31:*.ace=01;31:*.alz=01;31:*.apk=01;31:*.arc=01;31:*.arj=01;31:*.bz=01;31:*.bz2=01;31:*.cab=01;31:*.cpio=01;31:*.crate=01;31:*.deb=01;31:*.drpm=01;31:*.dwm=01;31:*.dz=01;31:*.ear=01;31:*.egg=01;31:*.esd=01;31:*.gz=01;31:*.jar=01;31:*.lha=01;31:*.lrz=01;31:*.lz=01;31:*.lz4=01;31:*.lzh=01;31:*.lzma=01;31:*.lzo=01;31:*.pyz=01;31:*.rar=01;31:*.rpm=01;31:*.rz=01;31:*.sar=01;31:*.swm=01;31:*.t7z=01;31:*.tar=01;31:*.taz=01;31:*.tbz=01;31:*.tbz2=01;31:*.tgz=01;31:*.tlz=01;31:*.txz=01;31:*.tz=01;31:*.tzo=01;31:*.tzst=01;31:*.udeb=01;31:*.war=01;31:*.whl=01;31:*.wim=01;31:*.xz=01;31:*.z=01;31:*.zip=01;31:*.zoo=01;31:*.zst=01;31:*.avif=01;35:*.jpg=01;35:*.jpeg=01;35:*.mjpg=01;35:*.mjpeg=01;35:*.gif=01;35:*.bmp=01;35:*.pbm=01;35:*.pgm=01;35:*.ppm=01;35:*.tga=01;35:*.xbm=01;35:*.xpm=01;35:*.tif=01;35:*.tiff=01;35:*.png=01;35:*.svg=01;35:*.svgz=01;35:*.mng=01;35:*.pcx=01;35:*.mov=01;35:*.mpg=01;35:*.mpeg=01;35:*.m2v=01;35:*.mkv=01;35:*.webm=01;35:*.webp=01;35:*.ogm=01;35:*.mp4=01;35:*.m4v=01;35:*.mp4v=01;35:*.vob=01;35:*.qt=01;35:*.nuv=01;35:*.wmv=01;35:*.asf=01;35:*.rm=01;35:*.rmvb=01;35:*.flc=01;35:*.avi=01;35:*.fli=01;35:*.flv=01;35:*.gl=01;35:*.dl=01;35:*.xcf=01;35:*.xwd=01;35:*.yuv=01;35:*.cgm=01;35:*.emf=01;35:*.ogv=01;35:*.ogx=01;35:*.aac=01;36:*.au=01;36:*.flac=01;36:*.m4a=01;36:*.mid=01;36:*.midi=01;36:*.mka=01;36:*.mp3=01;36:*.mpc=01;36:*.ogg=01;36:*.ra=01;36:*.wav=01;36:*.oga=01;36:*.opus=01;36:*.spx=01;36:*.xspf=01;36:*~=00;90:*#=00;90:*.bak=00;90:*.crdownload=00;90:*.dpkg-dist=00;90:*.dpkg-new=00;90:*.dpkg-old=00;90:*.dpkg-tmp=00;90:*.old=00;90:*.orig=00;90:*.part=00;90:*.rej=00;90:*.rpmnew=00;90:*.rpmorig=00;90:*.rpmsave=00;90:*.swp=00;90:*.tmp=00;90:*.ucf-dist=00;90:*.ucf-new=00;90:*.ucf-old=00;90:
    [SSH_CONNECTION] => 192.168.1.79 51368 192.168.1.126 22
    [MOZ_GMP_PATH] => /usr/lib64/mozilla/plugins/gmp-gmpopenh264/system-installed:/var/lib/widevine/gmp-widevinecdm/system-installed
    [XDG_SESSION_CLASS] => user
    [SELINUX_ROLE_REQUESTED] => 
    [TERM] => xterm-256color
    [LC_IDENTIFICATION] => ja_JP.utf8
    [LESSOPEN] => ||/usr/bin/lesspipe.sh %s
    [USER] => kn
    [SELINUX_USE_CURRENT_RANGE] => 
    [SHLVL] => 1
    [LC_TELEPHONE] => ja_JP.utf8
    [LC_MEASUREMENT] => ja_JP.utf8
    [XDG_SESSION_ID] => 15
    [XDG_RUNTIME_DIR] => /run/user/1000
    [SSH_CLIENT] => 192.168.1.79 51368 22
    [DEBUGINFOD_URLS] => https://debuginfod.fedoraproject.org/ 
    [LC_TIME] => ja_JP.utf8
    [DEBUGINFOD_IMA_CERT_PATH] => /etc/keys/ima:
    [KDEDIRS] => /usr
    [XDG_DATA_DIRS] => /home/kn/.local/share/flatpak/exports/share:/var/lib/flatpak/exports/share:/usr/local/share:/usr/share
    [PATH] => /home/kn/.local/bin:/home/kn/bin:/usr/local/bin:/usr/bin
    [SELINUX_LEVEL_REQUESTED] => 
    [DBUS_SESSION_BUS_ADDRESS] => unix:path=/run/user/1000/bus
    [MAIL] => /var/spool/mail/kn
    [SSH_TTY] => /dev/pts/1
    [LC_NUMERIC] => ja_JP.utf8
    [OLDPWD] => /var/www/html/result
    [PHP_SELF] => /var/www/cgi-bin/kendo-realtime/src/ws2Server.php
    [SCRIPT_NAME] => /var/www/cgi-bin/kendo-realtime/src/ws2Server.php
    [SCRIPT_FILENAME] => /var/www/cgi-bin/kendo-realtime/src/ws2Server.php
    [PATH_TRANSLATED] => /var/www/cgi-bin/kendo-realtime/src/ws2Server.php
    [DOCUMENT_ROOT] => 
    [REQUEST_TIME_FLOAT] => 1768686442.0333
    [REQUEST_TIME] => 1768686442
    [argv] => Array
        (
            [0] => /var/www/cgi-bin/kendo-realtime/src/ws2Server.php
        )

    [argc] => 1
)

msg:onCommand: 1,1004

msg:onCommand: 1,1004

[2026/01/18 14:10:39]--------------------------------------------------
[2026/01/18 14:10:39]--------------------------------------------------
server:Array
(
    [SHELL] => /bin/bash
    [HISTCONTROL] => ignoredups
    [HOSTNAME] => kn-macbookair
    [HISTSIZE] => 1000
    [LC_ADDRESS] => ja_JP.utf8
    [LC_NAME] => ja_JP.utf8
    [LC_MONETARY] => ja_JP.utf8
    [GPG_TTY] => /dev/pts/1
    [EDITOR] => /usr/bin/nano
    [PWD] => /var/www/cgi-bin
    [LOGNAME] => kn
    [XDG_SESSION_TYPE] => tty
    [_] => /usr/bin/nohup
    [MOTD_SHOWN] => pam
    [HOME] => /home/kn
    [SSH_ASKPASS] => /usr/bin/ksshaskpass
    [LANG] => ja_JP.utf8
    [LC_PAPER] => ja_JP.utf8
    [LS_COLORS] => rs=0:di=01;34:ln=01;36:mh=00:pi=40;33:so=01;35:do=01;35:bd=40;33;01:cd=40;33;01:or=40;31;01:mi=01;37;41:su=37;41:sg=30;43:ca=00:tw=30;42:ow=34;42:st=37;44:ex=01;32:*.7z=01;31:*.ace=01;31:*.alz=01;31:*.apk=01;31:*.arc=01;31:*.arj=01;31:*.bz=01;31:*.bz2=01;31:*.cab=01;31:*.cpio=01;31:*.crate=01;31:*.deb=01;31:*.drpm=01;31:*.dwm=01;31:*.dz=01;31:*.ear=01;31:*.egg=01;31:*.esd=01;31:*.gz=01;31:*.jar=01;31:*.lha=01;31:*.lrz=01;31:*.lz=01;31:*.lz4=01;31:*.lzh=01;31:*.lzma=01;31:*.lzo=01;31:*.pyz=01;31:*.rar=01;31:*.rpm=01;31:*.rz=01;31:*.sar=01;31:*.swm=01;31:*.t7z=01;31:*.tar=01;31:*.taz=01;31:*.tbz=01;31:*.tbz2=01;31:*.tgz=01;31:*.tlz=01;31:*.txz=01;31:*.tz=01;31:*.tzo=01;31:*.tzst=01;31:*.udeb=01;31:*.war=01;31:*.whl=01;31:*.wim=01;31:*.xz=01;31:*.z=01;31:*.zip=01;31:*.zoo=01;31:*.zst=01;31:*.avif=01;35:*.jpg=01;35:*.jpeg=01;35:*.mjpg=01;35:*.mjpeg=01;35:*.gif=01;35:*.bmp=01;35:*.pbm=01;35:*.pgm=01;35:*.ppm=01;35:*.tga=01;35:*.xbm=01;35:*.xpm=01;35:*.tif=01;35:*.tiff=01;35:*.png=01;35:*.svg=01;35:*.svgz=01;35:*.mng=01;35:*.pcx=01;35:*.mov=01;35:*.mpg=01;35:*.mpeg=01;35:*.m2v=01;35:*.mkv=01;35:*.webm=01;35:*.webp=01;35:*.ogm=01;35:*.mp4=01;35:*.m4v=01;35:*.mp4v=01;35:*.vob=01;35:*.qt=01;35:*.nuv=01;35:*.wmv=01;35:*.asf=01;35:*.rm=01;35:*.rmvb=01;35:*.flc=01;35:*.avi=01;35:*.fli=01;35:*.flv=01;35:*.gl=01;35:*.dl=01;35:*.xcf=01;35:*.xwd=01;35:*.yuv=01;35:*.cgm=01;35:*.emf=01;35:*.ogv=01;35:*.ogx=01;35:*.aac=01;36:*.au=01;36:*.flac=01;36:*.m4a=01;36:*.mid=01;36:*.midi=01;36:*.mka=01;36:*.mp3=01;36:*.mpc=01;36:*.ogg=01;36:*.ra=01;36:*.wav=01;36:*.oga=01;36:*.opus=01;36:*.spx=01;36:*.xspf=01;36:*~=00;90:*#=00;90:*.bak=00;90:*.crdownload=00;90:*.dpkg-dist=00;90:*.dpkg-new=00;90:*.dpkg-old=00;90:*.dpkg-tmp=00;90:*.old=00;90:*.orig=00;90:*.part=00;90:*.rej=00;90:*.rpmnew=00;90:*.rpmorig=00;90:*.rpmsave=00;90:*.swp=00;90:*.tmp=00;90:*.ucf-dist=00;90:*.ucf-new=00;90:*.ucf-old=00;90:
    [SSH_CONNECTION] => 192.168.1.79 51368 192.168.1.126 22
    [MOZ_GMP_PATH] => /usr/lib64/mozilla/plugins/gmp-gmpopenh264/system-installed:/var/lib/widevine/gmp-widevinecdm/system-installed
    [XDG_SESSION_CLASS] => user
    [SELINUX_ROLE_REQUESTED] => 
    [TERM] => xterm-256color
    [LC_IDENTIFICATION] => ja_JP.utf8
    [LESSOPEN] => ||/usr/bin/lesspipe.sh %s
    [USER] => kn
    [SELINUX_USE_CURRENT_RANGE] => 
    [SHLVL] => 1
    [LC_TELEPHONE] => ja_JP.utf8
    [LC_MEASUREMENT] => ja_JP.utf8
    [XDG_SESSION_ID] => 15
    [XDG_RUNTIME_DIR] => /run/user/1000
    [SSH_CLIENT] => 192.168.1.79 51368 22
    [DEBUGINFOD_URLS] => https://debuginfod.fedoraproject.org/ 
    [LC_TIME] => ja_JP.utf8
    [DEBUGINFOD_IMA_CERT_PATH] => /etc/keys/ima:
    [KDEDIRS] => /usr
    [XDG_DATA_DIRS] => /home/kn/.local/share/flatpak/exports/share:/var/lib/flatpak/exports/share:/usr/local/share:/usr/share
    [PATH] => /home/kn/.local/bin:/home/kn/bin:/usr/local/bin:/usr/bin
    [SELINUX_LEVEL_REQUESTED] => 
    [DBUS_SESSION_BUS_ADDRESS] => unix:path=/run/user/1000/bus
    [MAIL] => /var/spool/mail/kn
    [SSH_TTY] => /dev/pts/1
    [LC_NUMERIC] => ja_JP.utf8
    [OLDPWD] => /var/www/html/result
    [PHP_SELF] => /var/www/cgi-bin/kendo-realtime/src/wsServer.php
    [SCRIPT_NAME] => /var/www/cgi-bin/kendo-realtime/src/wsServer.php
    [SCRIPT_FILENAME] => /var/www/cgi-bin/kendo-realtime/src/wsServer.php
    [PATH_TRANSLATED] => /var/www/cgi-bin/kendo-realtime/src/wsServer.php
    [DOCUMENT_ROOT] => 
    [REQUEST_TIME_FLOAT] => 1768686442.0477
    [REQUEST_TIME] => 1768686442
    [argv] => Array
        (
            [0] => /var/www/cgi-bin/kendo-realtime/src/wsServer.php
        )

    [argc] => 1
)

server:Array
(
    [SHELL] => /bin/bash
    [HISTCONTROL] => ignoredups
    [HOSTNAME] => kn-macbookair
    [HISTSIZE] => 1000
    [LC_ADDRESS] => ja_JP.utf8
    [LC_NAME] => ja_JP.utf8
    [LC_MONETARY] => ja_JP.utf8
    [GPG_TTY] => /dev/pts/1
    [EDITOR] => /usr/bin/nano
    [PWD] => /var/www/cgi-bin
    [LOGNAME] => kn
    [XDG_SESSION_TYPE] => tty
    [_] => /usr/bin/nohup
    [MOTD_SHOWN] => pam
    [HOME] => /home/kn
    [SSH_ASKPASS] => /usr/bin/ksshaskpass
    [LANG] => ja_JP.utf8
    [LC_PAPER] => ja_JP.utf8
    [LS_COLORS] => rs=0:di=01;34:ln=01;36:mh=00:pi=40;33:so=01;35:do=01;35:bd=40;33;01:cd=40;33;01:or=40;31;01:mi=01;37;41:su=37;41:sg=30;43:ca=00:tw=30;42:ow=34;42:st=37;44:ex=01;32:*.7z=01;31:*.ace=01;31:*.alz=01;31:*.apk=01;31:*.arc=01;31:*.arj=01;31:*.bz=01;31:*.bz2=01;31:*.cab=01;31:*.cpio=01;31:*.crate=01;31:*.deb=01;31:*.drpm=01;31:*.dwm=01;31:*.dz=01;31:*.ear=01;31:*.egg=01;31:*.esd=01;31:*.gz=01;31:*.jar=01;31:*.lha=01;31:*.lrz=01;31:*.lz=01;31:*.lz4=01;31:*.lzh=01;31:*.lzma=01;31:*.lzo=01;31:*.pyz=01;31:*.rar=01;31:*.rpm=01;31:*.rz=01;31:*.sar=01;31:*.swm=01;31:*.t7z=01;31:*.tar=01;31:*.taz=01;31:*.tbz=01;31:*.tbz2=01;31:*.tgz=01;31:*.tlz=01;31:*.txz=01;31:*.tz=01;31:*.tzo=01;31:*.tzst=01;31:*.udeb=01;31:*.war=01;31:*.whl=01;31:*.wim=01;31:*.xz=01;31:*.z=01;31:*.zip=01;31:*.zoo=01;31:*.zst=01;31:*.avif=01;35:*.jpg=01;35:*.jpeg=01;35:*.mjpg=01;35:*.mjpeg=01;35:*.gif=01;35:*.bmp=01;35:*.pbm=01;35:*.pgm=01;35:*.ppm=01;35:*.tga=01;35:*.xbm=01;35:*.xpm=01;35:*.tif=01;35:*.tiff=01;35:*.png=01;35:*.svg=01;35:*.svgz=01;35:*.mng=01;35:*.pcx=01;35:*.mov=01;35:*.mpg=01;35:*.mpeg=01;35:*.m2v=01;35:*.mkv=01;35:*.webm=01;35:*.webp=01;35:*.ogm=01;35:*.mp4=01;35:*.m4v=01;35:*.mp4v=01;35:*.vob=01;35:*.qt=01;35:*.nuv=01;35:*.wmv=01;35:*.asf=01;35:*.rm=01;35:*.rmvb=01;35:*.flc=01;35:*.avi=01;35:*.fli=01;35:*.flv=01;35:*.gl=01;35:*.dl=01;35:*.xcf=01;35:*.xwd=01;35:*.yuv=01;35:*.cgm=01;35:*.emf=01;35:*.ogv=01;35:*.ogx=01;35:*.aac=01;36:*.au=01;36:*.flac=01;36:*.m4a=01;36:*.mid=01;36:*.midi=01;36:*.mka=01;36:*.mp3=01;36:*.mpc=01;36:*.ogg=01;36:*.ra=01;36:*.wav=01;36:*.oga=01;36:*.opus=01;36:*.spx=01;36:*.xspf=01;36:*~=00;90:*#=00;90:*.bak=00;90:*.crdownload=00;90:*.dpkg-dist=00;90:*.dpkg-new=00;90:*.dpkg-old=00;90:*.dpkg-tmp=00;90:*.old=00;90:*.orig=00;90:*.part=00;90:*.rej=00;90:*.rpmnew=00;90:*.rpmorig=00;90:*.rpmsave=00;90:*.swp=00;90:*.tmp=00;90:*.ucf-dist=00;90:*.ucf-new=00;90:*.ucf-old=00;90:
    [SSH_CONNECTION] => 192.168.1.79 51368 192.168.1.126 22
    [MOZ_GMP_PATH] => /usr/lib64/mozilla/plugins/gmp-gmpopenh264/system-installed:/var/lib/widevine/gmp-widevinecdm/system-installed
    [XDG_SESSION_CLASS] => user
    [SELINUX_ROLE_REQUESTED] => 
    [TERM] => xterm-256color
    [LC_IDENTIFICATION] => ja_JP.utf8
    [LESSOPEN] => ||/usr/bin/lesspipe.sh %s
    [USER] => kn
    [SELINUX_USE_CURRENT_RANGE] => 
    [SHLVL] => 1
    [LC_TELEPHONE] => ja_JP.utf8
    [LC_MEASUREMENT] => ja_JP.utf8
    [XDG_SESSION_ID] => 15
    [XDG_RUNTIME_DIR] => /run/user/1000
    [SSH_CLIENT] => 192.168.1.79 51368 22
    [DEBUGINFOD_URLS] => https://debuginfod.fedoraproject.org/ 
    [LC_TIME] => ja_JP.utf8
    [DEBUGINFOD_IMA_CERT_PATH] => /etc/keys/ima:
    [KDEDIRS] => /usr
    [XDG_DATA_DIRS] => /home/kn/.local/share/flatpak/exports/share:/var/lib/flatpak/exports/share:/usr/local/share:/usr/share
    [PATH] => /home/kn/.local/bin:/home/kn/bin:/usr/local/bin:/usr/bin
    [SELINUX_LEVEL_REQUESTED] => 
    [DBUS_SESSION_BUS_ADDRESS] => unix:path=/run/user/1000/bus
    [MAIL] => /var/spool/mail/kn
    [SSH_TTY] => /dev/pts/1
    [LC_NUMERIC] => ja_JP.utf8
    [OLDPWD] => /var/www/html/result
    [PHP_SELF] => /var/www/cgi-bin/kendo-realtime/src/ws2Server.php
    [SCRIPT_NAME] => /var/www/cgi-bin/kendo-realtime/src/ws2Server.php
    [SCRIPT_FILENAME] => /var/www/cgi-bin/kendo-realtime/src/ws2Server.php
    [PATH_TRANSLATED] => /var/www/cgi-bin/kendo-realtime/src/ws2Server.php
    [DOCUMENT_ROOT] => 
    [REQUEST_TIME_FLOAT] => 1768686442.0333
    [REQUEST_TIME] => 1768686442
    [argv] => Array
        (
            [0] => /var/www/cgi-bin/kendo-realtime/src/ws2Server.php
        )

    [argc] => 1
)

msg:onCommand: 1,1004

msg:onCommand: 1,1004

[2026/01/18 14:10:41]--------------------------------------------------
server:Array
(
    [SHELL] => /bin/bash
    [HISTCONTROL] => ignoredups
    [HOSTNAME] => kn-macbookair
    [HISTSIZE] => 1000
    [LC_ADDRESS] => ja_JP.utf8
    [LC_NAME] => ja_JP.utf8
    [LC_MONETARY] => ja_JP.utf8
    [GPG_TTY] => /dev/pts/1
    [EDITOR] => /usr/bin/nano
    [PWD] => /var/www/cgi-bin
    [LOGNAME] => kn
    [XDG_SESSION_TYPE] => tty
    [_] => /usr/bin/nohup
    [MOTD_SHOWN] => pam
    [HOME] => /home/kn
    [SSH_ASKPASS] => /usr/bin/ksshaskpass
    [LANG] => ja_JP.utf8
    [LC_PAPER] => ja_JP.utf8
    [LS_COLORS] => rs=0:di=01;34:ln=01;36:mh=00:pi=40;33:so=01;35:do=01;35:bd=40;33;01:cd=40;33;01:or=40;31;01:mi=01;37;41:su=37;41:sg=30;43:ca=00:tw=30;42:ow=34;42:st=37;44:ex=01;32:*.7z=01;31:*.ace=01;31:*.alz=01;31:*.apk=01;31:*.arc=01;31:*.arj=01;31:*.bz=01;31:*.bz2=01;31:*.cab=01;31:*.cpio=01;31:*.crate=01;31:*.deb=01;31:*.drpm=01;31:*.dwm=01;31:*.dz=01;31:*.ear=01;31:*.egg=01;31:*.esd=01;31:*.gz=01;31:*.jar=01;31:*.lha=01;31:*.lrz=01;31:*.lz=01;31:*.lz4=01;31:*.lzh=01;31:*.lzma=01;31:*.lzo=01;31:*.pyz=01;31:*.rar=01;31:*.rpm=01;31:*.rz=01;31:*.sar=01;31:*.swm=01;31:*.t7z=01;31:*.tar=01;31:*.taz=01;31:*.tbz=01;31:*.tbz2=01;31:*.tgz=01;31:*.tlz=01;31:*.txz=01;31:*.tz=01;31:*.tzo=01;31:*.tzst=01;31:*.udeb=01;31:*.war=01;31:*.whl=01;31:*.wim=01;31:*.xz=01;31:*.z=01;31:*.zip=01;31:*.zoo=01;31:*.zst=01;31:*.avif=01;35:*.jpg=01;35:*.jpeg=01;35:*.mjpg=01;35:*.mjpeg=01;35:*.gif=01;35:*.bmp=01;35:*.pbm=01;35:*.pgm=01;35:*.ppm=01;35:*.tga=01;35:*.xbm=01;35:*.xpm=01;35:*.tif=01;35:*.tiff=01;35:*.png=01;35:*.svg=01;35:*.svgz=01;35:*.mng=01;35:*.pcx=01;35:*.mov=01;35:*.mpg=01;35:*.mpeg=01;35:*.m2v=01;35:*.mkv=01;35:*.webm=01;35:*.webp=01;35:*.ogm=01;35:*.mp4=01;35:*.m4v=01;35:*.mp4v=01;35:*.vob=01;35:*.qt=01;35:*.nuv=01;35:*.wmv=01;35:*.asf=01;35:*.rm=01;35:*.rmvb=01;35:*.flc=01;35:*.avi=01;35:*.fli=01;35:*.flv=01;35:*.gl=01;35:*.dl=01;35:*.xcf=01;35:*.xwd=01;35:*.yuv=01;35:*.cgm=01;35:*.emf=01;35:*.ogv=01;35:*.ogx=01;35:*.aac=01;36:*.au=01;36:*.flac=01;36:*.m4a=01;36:*.mid=01;36:*.midi=01;36:*.mka=01;36:*.mp3=01;36:*.mpc=01;36:*.ogg=01;36:*.ra=01;36:*.wav=01;36:*.oga=01;36:*.opus=01;36:*.spx=01;36:*.xspf=01;36:*~=00;90:*#=00;90:*.bak=00;90:*.crdownload=00;90:*.dpkg-dist=00;90:*.dpkg-new=00;90:*.dpkg-old=00;90:*.dpkg-tmp=00;90:*.old=00;90:*.orig=00;90:*.part=00;90:*.rej=00;90:*.rpmnew=00;90:*.rpmorig=00;90:*.rpmsave=00;90:*.swp=00;90:*.tmp=00;90:*.ucf-dist=00;90:*.ucf-new=00;90:*.ucf-old=00;90:
    [SSH_CONNECTION] => 192.168.1.79 51368 192.168.1.126 22
    [MOZ_GMP_PATH] => /usr/lib64/mozilla/plugins/gmp-gmpopenh264/system-installed:/var/lib/widevine/gmp-widevinecdm/system-installed
    [XDG_SESSION_CLASS] => user
    [SELINUX_ROLE_REQUESTED] => 
    [TERM] => xterm-256color
    [LC_IDENTIFICATION] => ja_JP.utf8
    [LESSOPEN] => ||/usr/bin/lesspipe.sh %s
    [USER] => kn
    [SELINUX_USE_CURRENT_RANGE] => 
    [SHLVL] => 1
    [LC_TELEPHONE] => ja_JP.utf8
    [LC_MEASUREMENT] => ja_JP.utf8
    [XDG_SESSION_ID] => 15
    [XDG_RUNTIME_DIR] => /run/user/1000
    [SSH_CLIENT] => 192.168.1.79 51368 22
    [DEBUGINFOD_URLS] => https://debuginfod.fedoraproject.org/ 
    [LC_TIME] => ja_JP.utf8
    [DEBUGINFOD_IMA_CERT_PATH] => /etc/keys/ima:
    [KDEDIRS] => /usr
    [XDG_DATA_DIRS] => /home/kn/.local/share/flatpak/exports/share:/var/lib/flatpak/exports/share:/usr/local/share:/usr/share
    [PATH] => /home/kn/.local/bin:/home/kn/bin:/usr/local/bin:/usr/bin
    [SELINUX_LEVEL_REQUESTED] => 
    [DBUS_SESSION_BUS_ADDRESS] => unix:path=/run/user/1000/bus
    [MAIL] => /var/spool/mail/kn
    [SSH_TTY] => /dev/pts/1
    [LC_NUMERIC] => ja_JP.utf8
    [OLDPWD] => /var/www/html/result
    [PHP_SELF] => /var/www/cgi-bin/kendo-realtime/src/wsServer.php
    [SCRIPT_NAME] => /var/www/cgi-bin/kendo-realtime/src/wsServer.php
    [SCRIPT_FILENAME] => /var/www/cgi-bin/kendo-realtime/src/wsServer.php
    [PATH_TRANSLATED] => /var/www/cgi-bin/kendo-realtime/src/wsServer.php
    [DOCUMENT_ROOT] => 
    [REQUEST_TIME_FLOAT] => 1768686442.0477
    [REQUEST_TIME] => 1768686442
    [argv] => Array
        (
            [0] => /var/www/cgi-bin/kendo-realtime/src/wsServer.php
        )

    [argc] => 1
)

[2026/01/18 14:10:41]--------------------------------------------------
msg:onCommand: 1,1004

server:Array
(
    [SHELL] => /bin/bash
    [HISTCONTROL] => ignoredups
    [HOSTNAME] => kn-macbookair
    [HISTSIZE] => 1000
    [LC_ADDRESS] => ja_JP.utf8
    [LC_NAME] => ja_JP.utf8
    [LC_MONETARY] => ja_JP.utf8
    [GPG_TTY] => /dev/pts/1
    [EDITOR] => /usr/bin/nano
    [PWD] => /var/www/cgi-bin
    [LOGNAME] => kn
    [XDG_SESSION_TYPE] => tty
    [_] => /usr/bin/nohup
    [MOTD_SHOWN] => pam
    [HOME] => /home/kn
    [SSH_ASKPASS] => /usr/bin/ksshaskpass
    [LANG] => ja_JP.utf8
    [LC_PAPER] => ja_JP.utf8
    [LS_COLORS] => rs=0:di=01;34:ln=01;36:mh=00:pi=40;33:so=01;35:do=01;35:bd=40;33;01:cd=40;33;01:or=40;31;01:mi=01;37;41:su=37;41:sg=30;43:ca=00:tw=30;42:ow=34;42:st=37;44:ex=01;32:*.7z=01;31:*.ace=01;31:*.alz=01;31:*.apk=01;31:*.arc=01;31:*.arj=01;31:*.bz=01;31:*.bz2=01;31:*.cab=01;31:*.cpio=01;31:*.crate=01;31:*.deb=01;31:*.drpm=01;31:*.dwm=01;31:*.dz=01;31:*.ear=01;31:*.egg=01;31:*.esd=01;31:*.gz=01;31:*.jar=01;31:*.lha=01;31:*.lrz=01;31:*.lz=01;31:*.lz4=01;31:*.lzh=01;31:*.lzma=01;31:*.lzo=01;31:*.pyz=01;31:*.rar=01;31:*.rpm=01;31:*.rz=01;31:*.sar=01;31:*.swm=01;31:*.t7z=01;31:*.tar=01;31:*.taz=01;31:*.tbz=01;31:*.tbz2=01;31:*.tgz=01;31:*.tlz=01;31:*.txz=01;31:*.tz=01;31:*.tzo=01;31:*.tzst=01;31:*.udeb=01;31:*.war=01;31:*.whl=01;31:*.wim=01;31:*.xz=01;31:*.z=01;31:*.zip=01;31:*.zoo=01;31:*.zst=01;31:*.avif=01;35:*.jpg=01;35:*.jpeg=01;35:*.mjpg=01;35:*.mjpeg=01;35:*.gif=01;35:*.bmp=01;35:*.pbm=01;35:*.pgm=01;35:*.ppm=01;35:*.tga=01;35:*.xbm=01;35:*.xpm=01;35:*.tif=01;35:*.tiff=01;35:*.png=01;35:*.svg=01;35:*.svgz=01;35:*.mng=01;35:*.pcx=01;35:*.mov=01;35:*.mpg=01;35:*.mpeg=01;35:*.m2v=01;35:*.mkv=01;35:*.webm=01;35:*.webp=01;35:*.ogm=01;35:*.mp4=01;35:*.m4v=01;35:*.mp4v=01;35:*.vob=01;35:*.qt=01;35:*.nuv=01;35:*.wmv=01;35:*.asf=01;35:*.rm=01;35:*.rmvb=01;35:*.flc=01;35:*.avi=01;35:*.fli=01;35:*.flv=01;35:*.gl=01;35:*.dl=01;35:*.xcf=01;35:*.xwd=01;35:*.yuv=01;35:*.cgm=01;35:*.emf=01;35:*.ogv=01;35:*.ogx=01;35:*.aac=01;36:*.au=01;36:*.flac=01;36:*.m4a=01;36:*.mid=01;36:*.midi=01;36:*.mka=01;36:*.mp3=01;36:*.mpc=01;36:*.ogg=01;36:*.ra=01;36:*.wav=01;36:*.oga=01;36:*.opus=01;36:*.spx=01;36:*.xspf=01;36:*~=00;90:*#=00;90:*.bak=00;90:*.crdownload=00;90:*.dpkg-dist=00;90:*.dpkg-new=00;90:*.dpkg-old=00;90:*.dpkg-tmp=00;90:*.old=00;90:*.orig=00;90:*.part=00;90:*.rej=00;90:*.rpmnew=00;90:*.rpmorig=00;90:*.rpmsave=00;90:*.swp=00;90:*.tmp=00;90:*.ucf-dist=00;90:*.ucf-new=00;90:*.ucf-old=00;90:
    [SSH_CONNECTION] => 192.168.1.79 51368 192.168.1.126 22
    [MOZ_GMP_PATH] => /usr/lib64/mozilla/plugins/gmp-gmpopenh264/system-installed:/var/lib/widevine/gmp-widevinecdm/system-installed
    [XDG_SESSION_CLASS] => user
    [SELINUX_ROLE_REQUESTED] => 
    [TERM] => xterm-256color
    [LC_IDENTIFICATION] => ja_JP.utf8
    [LESSOPEN] => ||/usr/bin/lesspipe.sh %s
    [USER] => kn
    [SELINUX_USE_CURRENT_RANGE] => 
    [SHLVL] => 1
    [LC_TELEPHONE] => ja_JP.utf8
    [LC_MEASUREMENT] => ja_JP.utf8
    [XDG_SESSION_ID] => 15
    [XDG_RUNTIME_DIR] => /run/user/1000
    [SSH_CLIENT] => 192.168.1.79 51368 22
    [DEBUGINFOD_URLS] => https://debuginfod.fedoraproject.org/ 
    [LC_TIME] => ja_JP.utf8
    [DEBUGINFOD_IMA_CERT_PATH] => /etc/keys/ima:
    [KDEDIRS] => /usr
    [XDG_DATA_DIRS] => /home/kn/.local/share/flatpak/exports/share:/var/lib/flatpak/exports/share:/usr/local/share:/usr/share
    [PATH] => /home/kn/.local/bin:/home/kn/bin:/usr/local/bin:/usr/bin
    [SELINUX_LEVEL_REQUESTED] => 
    [DBUS_SESSION_BUS_ADDRESS] => unix:path=/run/user/1000/bus
    [MAIL] => /var/spool/mail/kn
    [SSH_TTY] => /dev/pts/1
    [LC_NUMERIC] => ja_JP.utf8
    [OLDPWD] => /var/www/html/result
    [PHP_SELF] => /var/www/cgi-bin/kendo-realtime/src/ws2Server.php
    [SCRIPT_NAME] => /var/www/cgi-bin/kendo-realtime/src/ws2Server.php
    [SCRIPT_FILENAME] => /var/www/cgi-bin/kendo-realtime/src/ws2Server.php
    [PATH_TRANSLATED] => /var/www/cgi-bin/kendo-realtime/src/ws2Server.php
    [DOCUMENT_ROOT] => 
    [REQUEST_TIME_FLOAT] => 1768686442.0333
    [REQUEST_TIME] => 1768686442
    [argv] => Array
        (
            [0] => /var/www/cgi-bin/kendo-realtime/src/ws2Server.php
        )

    [argc] => 1
)

msg:onCommand: 1,1004

[2026/01/18 14:10:41]--------------------------------------------------
server:Array
(
    [SHELL] => /bin/bash
    [HISTCONTROL] => ignoredups
    [HOSTNAME] => kn-macbookair
    [HISTSIZE] => 1000
    [LC_ADDRESS] => ja_JP.utf8
    [LC_NAME] => ja_JP.utf8
    [LC_MONETARY] => ja_JP.utf8
    [GPG_TTY] => /dev/pts/1
    [EDITOR] => /usr/bin/nano
    [PWD] => /var/www/cgi-bin
    [LOGNAME] => kn
    [XDG_SESSION_TYPE] => tty
    [_] => /usr/bin/nohup
    [MOTD_SHOWN] => pam
    [HOME] => /home/kn
    [SSH_ASKPASS] => /usr/bin/ksshaskpass
    [LANG] => ja_JP.utf8
    [LC_PAPER] => ja_JP.utf8
    [LS_COLORS] => rs=0:di=01;34:ln=01;36:mh=00:pi=40;33:so=01;35:do=01;35:bd=40;33;01:cd=40;33;01:or=40;31;01:mi=01;37;41:su=37;41:sg=30;43:ca=00:tw=30;42:ow=34;42:st=37;44:ex=01;32:*.7z=01;31:*.ace=01;31:*.alz=01;31:*.apk=01;31:*.arc=01;31:*.arj=01;31:*.bz=01;31:*.bz2=01;31:*.cab=01;31:*.cpio=01;31:*.crate=01;31:*.deb=01;31:*.drpm=01;31:*.dwm=01;31:*.dz=01;31:*.ear=01;31:*.egg=01;31:*.esd=01;31:*.gz=01;31:*.jar=01;31:*.lha=01;31:*.lrz=01;31:*.lz=01;31:*.lz4=01;31:*.lzh=01;31:*.lzma=01;31:*.lzo=01;31:*.pyz=01;31:*.rar=01;31:*.rpm=01;31:*.rz=01;31:*.sar=01;31:*.swm=01;31:*.t7z=01;31:*.tar=01;31:*.taz=01;31:*.tbz=01;31:*.tbz2=01;31:*.tgz=01;31:*.tlz=01;31:*.txz=01;31:*.tz=01;31:*.tzo=01;31:*.tzst=01;31:*.udeb=01;31:*.war=01;31:*.whl=01;31:*.wim=01;31:*.xz=01;31:*.z=01;31:*.zip=01;31:*.zoo=01;31:*.zst=01;31:*.avif=01;35:*.jpg=01;35:*.jpeg=01;35:*.mjpg=01;35:*.mjpeg=01;35:*.gif=01;35:*.bmp=01;35:*.pbm=01;35:*.pgm=01;35:*.ppm=01;35:*.tga=01;35:*.xbm=01;35:*.xpm=01;35:*.tif=01;35:*.tiff=01;35:*.png=01;35:*.svg=01;35:*.svgz=01;35:*.mng=01;35:*.pcx=01;35:*.mov=01;35:*.mpg=01;35:*.mpeg=01;35:*.m2v=01;35:*.mkv=01;35:*.webm=01;35:*.webp=01;35:*.ogm=01;35:*.mp4=01;35:*.m4v=01;35:*.mp4v=01;35:*.vob=01;35:*.qt=01;35:*.nuv=01;35:*.wmv=01;35:*.asf=01;35:*.rm=01;35:*.rmvb=01;35:*.flc=01;35:*.avi=01;35:*.fli=01;35:*.flv=01;35:*.gl=01;35:*.dl=01;35:*.xcf=01;35:*.xwd=01;35:*.yuv=01;35:*.cgm=01;35:*.emf=01;35:*.ogv=01;35:*.ogx=01;35:*.aac=01;36:*.au=01;36:*.flac=01;36:*.m4a=01;36:*.mid=01;36:*.midi=01;36:*.mka=01;36:*.mp3=01;36:*.mpc=01;36:*.ogg=01;36:*.ra=01;36:*.wav=01;36:*.oga=01;36:*.opus=01;36:*.spx=01;36:*.xspf=01;36:*~=00;90:*#=00;90:*.bak=00;90:*.crdownload=00;90:*.dpkg-dist=00;90:*.dpkg-new=00;90:*.dpkg-old=00;90:*.dpkg-tmp=00;90:*.old=00;90:*.orig=00;90:*.part=00;90:*.rej=00;90:*.rpmnew=00;90:*.rpmorig=00;90:*.rpmsave=00;90:*.swp=00;90:*.tmp=00;90:*.ucf-dist=00;90:*.ucf-new=00;90:*.ucf-old=00;90:
    [SSH_CONNECTION] => 192.168.1.79 51368 192.168.1.126 22
    [MOZ_GMP_PATH] => /usr/lib64/mozilla/plugins/gmp-gmpopenh264/system-installed:/var/lib/widevine/gmp-widevinecdm/system-installed
    [XDG_SESSION_CLASS] => user
    [SELINUX_ROLE_REQUESTED] => 
    [TERM] => xterm-256color
    [LC_IDENTIFICATION] => ja_JP.utf8
    [LESSOPEN] => ||/usr/bin/lesspipe.sh %s
    [USER] => kn
    [SELINUX_USE_CURRENT_RANGE] => 
    [SHLVL] => 1
    [LC_TELEPHONE] => ja_JP.utf8
    [LC_MEASUREMENT] => ja_JP.utf8
    [XDG_SESSION_ID] => 15
    [XDG_RUNTIME_DIR] => /run/user/1000
    [SSH_CLIENT] => 192.168.1.79 51368 22
    [DEBUGINFOD_URLS] => https://debuginfod.fedoraproject.org/ 
    [LC_TIME] => ja_JP.utf8
    [DEBUGINFOD_IMA_CERT_PATH] => /etc/keys/ima:
    [KDEDIRS] => /usr
    [XDG_DATA_DIRS] => /home/kn/.local/share/flatpak/exports/share:/var/lib/flatpak/exports/share:/usr/local/share:/usr/share
    [PATH] => /home/kn/.local/bin:/home/kn/bin:/usr/local/bin:/usr/bin
    [SELINUX_LEVEL_REQUESTED] => 
    [DBUS_SESSION_BUS_ADDRESS] => unix:path=/run/user/1000/bus
    [MAIL] => /var/spool/mail/kn
    [SSH_TTY] => /dev/pts/1
    [LC_NUMERIC] => ja_JP.utf8
    [OLDPWD] => /var/www/html/result
    [PHP_SELF] => /var/www/cgi-bin/kendo-realtime/src/wsServer.php
    [SCRIPT_NAME] => /var/www/cgi-bin/kendo-realtime/src/wsServer.php
    [SCRIPT_FILENAME] => /var/www/cgi-bin/kendo-realtime/src/wsServer.php
    [PATH_TRANSLATED] => /var/www/cgi-bin/kendo-realtime/src/wsServer.php
    [DOCUMENT_ROOT] => 
    [REQUEST_TIME_FLOAT] => 1768686442.0477
    [REQUEST_TIME] => 1768686442
    [argv] => Array
        (
            [0] => /var/www/cgi-bin/kendo-realtime/src/wsServer.php
        )

    [argc] => 1
)

[2026/01/18 14:10:41]--------------------------------------------------
msg:onCommand: 1,1004

server:Array
(
    [SHELL] => /bin/bash
    [HISTCONTROL] => ignoredups
    [HOSTNAME] => kn-macbookair
    [HISTSIZE] => 1000
    [LC_ADDRESS] => ja_JP.utf8
    [LC_NAME] => ja_JP.utf8
    [LC_MONETARY] => ja_JP.utf8
    [GPG_TTY] => /dev/pts/1
    [EDITOR] => /usr/bin/nano
    [PWD] => /var/www/cgi-bin
    [LOGNAME] => kn
    [XDG_SESSION_TYPE] => tty
    [_] => /usr/bin/nohup
    [MOTD_SHOWN] => pam
    [HOME] => /home/kn
    [SSH_ASKPASS] => /usr/bin/ksshaskpass
    [LANG] => ja_JP.utf8
    [LC_PAPER] => ja_JP.utf8
    [LS_COLORS] => rs=0:di=01;34:ln=01;36:mh=00:pi=40;33:so=01;35:do=01;35:bd=40;33;01:cd=40;33;01:or=40;31;01:mi=01;37;41:su=37;41:sg=30;43:ca=00:tw=30;42:ow=34;42:st=37;44:ex=01;32:*.7z=01;31:*.ace=01;31:*.alz=01;31:*.apk=01;31:*.arc=01;31:*.arj=01;31:*.bz=01;31:*.bz2=01;31:*.cab=01;31:*.cpio=01;31:*.crate=01;31:*.deb=01;31:*.drpm=01;31:*.dwm=01;31:*.dz=01;31:*.ear=01;31:*.egg=01;31:*.esd=01;31:*.gz=01;31:*.jar=01;31:*.lha=01;31:*.lrz=01;31:*.lz=01;31:*.lz4=01;31:*.lzh=01;31:*.lzma=01;31:*.lzo=01;31:*.pyz=01;31:*.rar=01;31:*.rpm=01;31:*.rz=01;31:*.sar=01;31:*.swm=01;31:*.t7z=01;31:*.tar=01;31:*.taz=01;31:*.tbz=01;31:*.tbz2=01;31:*.tgz=01;31:*.tlz=01;31:*.txz=01;31:*.tz=01;31:*.tzo=01;31:*.tzst=01;31:*.udeb=01;31:*.war=01;31:*.whl=01;31:*.wim=01;31:*.xz=01;31:*.z=01;31:*.zip=01;31:*.zoo=01;31:*.zst=01;31:*.avif=01;35:*.jpg=01;35:*.jpeg=01;35:*.mjpg=01;35:*.mjpeg=01;35:*.gif=01;35:*.bmp=01;35:*.pbm=01;35:*.pgm=01;35:*.ppm=01;35:*.tga=01;35:*.xbm=01;35:*.xpm=01;35:*.tif=01;35:*.tiff=01;35:*.png=01;35:*.svg=01;35:*.svgz=01;35:*.mng=01;35:*.pcx=01;35:*.mov=01;35:*.mpg=01;35:*.mpeg=01;35:*.m2v=01;35:*.mkv=01;35:*.webm=01;35:*.webp=01;35:*.ogm=01;35:*.mp4=01;35:*.m4v=01;35:*.mp4v=01;35:*.vob=01;35:*.qt=01;35:*.nuv=01;35:*.wmv=01;35:*.asf=01;35:*.rm=01;35:*.rmvb=01;35:*.flc=01;35:*.avi=01;35:*.fli=01;35:*.flv=01;35:*.gl=01;35:*.dl=01;35:*.xcf=01;35:*.xwd=01;35:*.yuv=01;35:*.cgm=01;35:*.emf=01;35:*.ogv=01;35:*.ogx=01;35:*.aac=01;36:*.au=01;36:*.flac=01;36:*.m4a=01;36:*.mid=01;36:*.midi=01;36:*.mka=01;36:*.mp3=01;36:*.mpc=01;36:*.ogg=01;36:*.ra=01;36:*.wav=01;36:*.oga=01;36:*.opus=01;36:*.spx=01;36:*.xspf=01;36:*~=00;90:*#=00;90:*.bak=00;90:*.crdownload=00;90:*.dpkg-dist=00;90:*.dpkg-new=00;90:*.dpkg-old=00;90:*.dpkg-tmp=00;90:*.old=00;90:*.orig=00;90:*.part=00;90:*.rej=00;90:*.rpmnew=00;90:*.rpmorig=00;90:*.rpmsave=00;90:*.swp=00;90:*.tmp=00;90:*.ucf-dist=00;90:*.ucf-new=00;90:*.ucf-old=00;90:
    [SSH_CONNECTION] => 192.168.1.79 51368 192.168.1.126 22
    [MOZ_GMP_PATH] => /usr/lib64/mozilla/plugins/gmp-gmpopenh264/system-installed:/var/lib/widevine/gmp-widevinecdm/system-installed
    [XDG_SESSION_CLASS] => user
    [SELINUX_ROLE_REQUESTED] => 
    [TERM] => xterm-256color
    [LC_IDENTIFICATION] => ja_JP.utf8
    [LESSOPEN] => ||/usr/bin/lesspipe.sh %s
    [USER] => kn
    [SELINUX_USE_CURRENT_RANGE] => 
    [SHLVL] => 1
    [LC_TELEPHONE] => ja_JP.utf8
    [LC_MEASUREMENT] => ja_JP.utf8
    [XDG_SESSION_ID] => 15
    [XDG_RUNTIME_DIR] => /run/user/1000
    [SSH_CLIENT] => 192.168.1.79 51368 22
    [DEBUGINFOD_URLS] => https://debuginfod.fedoraproject.org/ 
    [LC_TIME] => ja_JP.utf8
    [DEBUGINFOD_IMA_CERT_PATH] => /etc/keys/ima:
    [KDEDIRS] => /usr
    [XDG_DATA_DIRS] => /home/kn/.local/share/flatpak/exports/share:/var/lib/flatpak/exports/share:/usr/local/share:/usr/share
    [PATH] => /home/kn/.local/bin:/home/kn/bin:/usr/local/bin:/usr/bin
    [SELINUX_LEVEL_REQUESTED] => 
    [DBUS_SESSION_BUS_ADDRESS] => unix:path=/run/user/1000/bus
    [MAIL] => /var/spool/mail/kn
    [SSH_TTY] => /dev/pts/1
    [LC_NUMERIC] => ja_JP.utf8
    [OLDPWD] => /var/www/html/result
    [PHP_SELF] => /var/www/cgi-bin/kendo-realtime/src/ws2Server.php
    [SCRIPT_NAME] => /var/www/cgi-bin/kendo-realtime/src/ws2Server.php
    [SCRIPT_FILENAME] => /var/www/cgi-bin/kendo-realtime/src/ws2Server.php
    [PATH_TRANSLATED] => /var/www/cgi-bin/kendo-realtime/src/ws2Server.php
    [DOCUMENT_ROOT] => 
    [REQUEST_TIME_FLOAT] => 1768686442.0333
    [REQUEST_TIME] => 1768686442
    [argv] => Array
        (
            [0] => /var/www/cgi-bin/kendo-realtime/src/ws2Server.php
        )

    [argc] => 1
)

msg:onCommand: 1,1004

[2026/01/18 14:14:38]--------------------------------------------------
server:Array
(
    [SHELL] => /bin/bash
    [HISTCONTROL] => ignoredups
    [HOSTNAME] => kn-macbookair
    [HISTSIZE] => 1000
    [LC_ADDRESS] => ja_JP.utf8
    [LC_NAME] => ja_JP.utf8
    [LC_MONETARY] => ja_JP.utf8
    [GPG_TTY] => /dev/pts/1
    [EDITOR] => /usr/bin/nano
    [PWD] => /var/www/cgi-bin
    [LOGNAME] => kn
    [XDG_SESSION_TYPE] => tty
    [_] => /usr/bin/nohup
    [MOTD_SHOWN] => pam
    [HOME] => /home/kn
    [SSH_ASKPASS] => /usr/bin/ksshaskpass
    [LANG] => ja_JP.utf8
    [LC_PAPER] => ja_JP.utf8
    [LS_COLORS] => rs=0:di=01;34:ln=01;36:mh=00:pi=40;33:so=01;35:do=01;35:bd=40;33;01:cd=40;33;01:or=40;31;01:mi=01;37;41:su=37;41:sg=30;43:ca=00:tw=30;42:ow=34;42:st=37;44:ex=01;32:*.7z=01;31:*.ace=01;31:*.alz=01;31:*.apk=01;31:*.arc=01;31:*.arj=01;31:*.bz=01;31:*.bz2=01;31:*.cab=01;31:*.cpio=01;31:*.crate=01;31:*.deb=01;31:*.drpm=01;31:*.dwm=01;31:*.dz=01;31:*.ear=01;31:*.egg=01;31:*.esd=01;31:*.gz=01;31:*.jar=01;31:*.lha=01;31:*.lrz=01;31:*.lz=01;31:*.lz4=01;31:*.lzh=01;31:*.lzma=01;31:*.lzo=01;31:*.pyz=01;31:*.rar=01;31:*.rpm=01;31:*.rz=01;31:*.sar=01;31:*.swm=01;31:*.t7z=01;31:*.tar=01;31:*.taz=01;31:*.tbz=01;31:*.tbz2=01;31:*.tgz=01;31:*.tlz=01;31:*.txz=01;31:*.tz=01;31:*.tzo=01;31:*.tzst=01;31:*.udeb=01;31:*.war=01;31:*.whl=01;31:*.wim=01;31:*.xz=01;31:*.z=01;31:*.zip=01;31:*.zoo=01;31:*.zst=01;31:*.avif=01;35:*.jpg=01;35:*.jpeg=01;35:*.mjpg=01;35:*.mjpeg=01;35:*.gif=01;35:*.bmp=01;35:*.pbm=01;35:*.pgm=01;35:*.ppm=01;35:*.tga=01;35:*.xbm=01;35:*.xpm=01;35:*.tif=01;35:*.tiff=01;35:*.png=01;35:*.svg=01;35:*.svgz=01;35:*.mng=01;35:*.pcx=01;35:*.mov=01;35:*.mpg=01;35:*.mpeg=01;35:*.m2v=01;35:*.mkv=01;35:*.webm=01;35:*.webp=01;35:*.ogm=01;35:*.mp4=01;35:*.m4v=01;35:*.mp4v=01;35:*.vob=01;35:*.qt=01;35:*.nuv=01;35:*.wmv=01;35:*.asf=01;35:*.rm=01;35:*.rmvb=01;35:*.flc=01;35:*.avi=01;35:*.fli=01;35:*.flv=01;35:*.gl=01;35:*.dl=01;35:*.xcf=01;35:*.xwd=01;35:*.yuv=01;35:*.cgm=01;35:*.emf=01;35:*.ogv=01;35:*.ogx=01;35:*.aac=01;36:*.au=01;36:*.flac=01;36:*.m4a=01;36:*.mid=01;36:*.midi=01;36:*.mka=01;36:*.mp3=01;36:*.mpc=01;36:*.ogg=01;36:*.ra=01;36:*.wav=01;36:*.oga=01;36:*.opus=01;36:*.spx=01;36:*.xspf=01;36:*~=00;90:*#=00;90:*.bak=00;90:*.crdownload=00;90:*.dpkg-dist=00;90:*.dpkg-new=00;90:*.dpkg-old=00;90:*.dpkg-tmp=00;90:*.old=00;90:*.orig=00;90:*.part=00;90:*.rej=00;90:*.rpmnew=00;90:*.rpmorig=00;90:*.rpmsave=00;90:*.swp=00;90:*.tmp=00;90:*.ucf-dist=00;90:*.ucf-new=00;90:*.ucf-old=00;90:
    [SSH_CONNECTION] => 192.168.1.79 51368 192.168.1.126 22
    [MOZ_GMP_PATH] => /usr/lib64/mozilla/plugins/gmp-gmpopenh264/system-installed:/var/lib/widevine/gmp-widevinecdm/system-installed
    [XDG_SESSION_CLASS] => user
    [SELINUX_ROLE_REQUESTED] => 
    [TERM] => xterm-256color
    [LC_IDENTIFICATION] => ja_JP.utf8
    [LESSOPEN] => ||/usr/bin/lesspipe.sh %s
    [USER] => kn
    [SELINUX_USE_CURRENT_RANGE] => 
    [SHLVL] => 1
    [LC_TELEPHONE] => ja_JP.utf8
    [LC_MEASUREMENT] => ja_JP.utf8
    [XDG_SESSION_ID] => 15
    [XDG_RUNTIME_DIR] => /run/user/1000
    [SSH_CLIENT] => 192.168.1.79 51368 22
    [DEBUGINFOD_URLS] => https://debuginfod.fedoraproject.org/ 
    [LC_TIME] => ja_JP.utf8
    [DEBUGINFOD_IMA_CERT_PATH] => /etc/keys/ima:
    [KDEDIRS] => /usr
    [XDG_DATA_DIRS] => /home/kn/.local/share/flatpak/exports/share:/var/lib/flatpak/exports/share:/usr/local/share:/usr/share
    [PATH] => /home/kn/.local/bin:/home/kn/bin:/usr/local/bin:/usr/bin
    [SELINUX_LEVEL_REQUESTED] => 
    [DBUS_SESSION_BUS_ADDRESS] => unix:path=/run/user/1000/bus
    [MAIL] => /var/spool/mail/kn
    [SSH_TTY] => /dev/pts/1
    [LC_NUMERIC] => ja_JP.utf8
    [OLDPWD] => /var/www/html/result
    [PHP_SELF] => /var/www/cgi-bin/kendo-realtime/src/wsServer.php
    [SCRIPT_NAME] => /var/www/cgi-bin/kendo-realtime/src/wsServer.php
    [SCRIPT_FILENAME] => /var/www/cgi-bin/kendo-realtime/src/wsServer.php
    [PATH_TRANSLATED] => /var/www/cgi-bin/kendo-realtime/src/wsServer.php
    [DOCUMENT_ROOT] => 
    [REQUEST_TIME_FLOAT] => 1768686442.0477
    [REQUEST_TIME] => 1768686442
    [argv] => Array
        (
            [0] => /var/www/cgi-bin/kendo-realtime/src/wsServer.php
        )

    [argc] => 1
)

msg:New Connection (203:0)

[2026/01/18 14:14:38]--------------------------------------------------
server:Array
(
    [SHELL] => /bin/bash
    [HISTCONTROL] => ignoredups
    [HOSTNAME] => kn-macbookair
    [HISTSIZE] => 1000
    [LC_ADDRESS] => ja_JP.utf8
    [LC_NAME] => ja_JP.utf8
    [LC_MONETARY] => ja_JP.utf8
    [GPG_TTY] => /dev/pts/1
    [EDITOR] => /usr/bin/nano
    [PWD] => /var/www/cgi-bin
    [LOGNAME] => kn
    [XDG_SESSION_TYPE] => tty
    [_] => /usr/bin/nohup
    [MOTD_SHOWN] => pam
    [HOME] => /home/kn
    [SSH_ASKPASS] => /usr/bin/ksshaskpass
    [LANG] => ja_JP.utf8
    [LC_PAPER] => ja_JP.utf8
    [LS_COLORS] => rs=0:di=01;34:ln=01;36:mh=00:pi=40;33:so=01;35:do=01;35:bd=40;33;01:cd=40;33;01:or=40;31;01:mi=01;37;41:su=37;41:sg=30;43:ca=00:tw=30;42:ow=34;42:st=37;44:ex=01;32:*.7z=01;31:*.ace=01;31:*.alz=01;31:*.apk=01;31:*.arc=01;31:*.arj=01;31:*.bz=01;31:*.bz2=01;31:*.cab=01;31:*.cpio=01;31:*.crate=01;31:*.deb=01;31:*.drpm=01;31:*.dwm=01;31:*.dz=01;31:*.ear=01;31:*.egg=01;31:*.esd=01;31:*.gz=01;31:*.jar=01;31:*.lha=01;31:*.lrz=01;31:*.lz=01;31:*.lz4=01;31:*.lzh=01;31:*.lzma=01;31:*.lzo=01;31:*.pyz=01;31:*.rar=01;31:*.rpm=01;31:*.rz=01;31:*.sar=01;31:*.swm=01;31:*.t7z=01;31:*.tar=01;31:*.taz=01;31:*.tbz=01;31:*.tbz2=01;31:*.tgz=01;31:*.tlz=01;31:*.txz=01;31:*.tz=01;31:*.tzo=01;31:*.tzst=01;31:*.udeb=01;31:*.war=01;31:*.whl=01;31:*.wim=01;31:*.xz=01;31:*.z=01;31:*.zip=01;31:*.zoo=01;31:*.zst=01;31:*.avif=01;35:*.jpg=01;35:*.jpeg=01;35:*.mjpg=01;35:*.mjpeg=01;35:*.gif=01;35:*.bmp=01;35:*.pbm=01;35:*.pgm=01;35:*.ppm=01;35:*.tga=01;35:*.xbm=01;35:*.xpm=01;35:*.tif=01;35:*.tiff=01;35:*.png=01;35:*.svg=01;35:*.svgz=01;35:*.mng=01;35:*.pcx=01;35:*.mov=01;35:*.mpg=01;35:*.mpeg=01;35:*.m2v=01;35:*.mkv=01;35:*.webm=01;35:*.webp=01;35:*.ogm=01;35:*.mp4=01;35:*.m4v=01;35:*.mp4v=01;35:*.vob=01;35:*.qt=01;35:*.nuv=01;35:*.wmv=01;35:*.asf=01;35:*.rm=01;35:*.rmvb=01;35:*.flc=01;35:*.avi=01;35:*.fli=01;35:*.flv=01;35:*.gl=01;35:*.dl=01;35:*.xcf=01;35:*.xwd=01;35:*.yuv=01;35:*.cgm=01;35:*.emf=01;35:*.ogv=01;35:*.ogx=01;35:*.aac=01;36:*.au=01;36:*.flac=01;36:*.m4a=01;36:*.mid=01;36:*.midi=01;36:*.mka=01;36:*.mp3=01;36:*.mpc=01;36:*.ogg=01;36:*.ra=01;36:*.wav=01;36:*.oga=01;36:*.opus=01;36:*.spx=01;36:*.xspf=01;36:*~=00;90:*#=00;90:*.bak=00;90:*.crdownload=00;90:*.dpkg-dist=00;90:*.dpkg-new=00;90:*.dpkg-old=00;90:*.dpkg-tmp=00;90:*.old=00;90:*.orig=00;90:*.part=00;90:*.rej=00;90:*.rpmnew=00;90:*.rpmorig=00;90:*.rpmsave=00;90:*.swp=00;90:*.tmp=00;90:*.ucf-dist=00;90:*.ucf-new=00;90:*.ucf-old=00;90:
    [SSH_CONNECTION] => 192.168.1.79 51368 192.168.1.126 22
    [MOZ_GMP_PATH] => /usr/lib64/mozilla/plugins/gmp-gmpopenh264/system-installed:/var/lib/widevine/gmp-widevinecdm/system-installed
    [XDG_SESSION_CLASS] => user
    [SELINUX_ROLE_REQUESTED] => 
    [TERM] => xterm-256color
    [LC_IDENTIFICATION] => ja_JP.utf8
    [LESSOPEN] => ||/usr/bin/lesspipe.sh %s
    [USER] => kn
    [SELINUX_USE_CURRENT_RANGE] => 
    [SHLVL] => 1
    [LC_TELEPHONE] => ja_JP.utf8
    [LC_MEASUREMENT] => ja_JP.utf8
    [XDG_SESSION_ID] => 15
    [XDG_RUNTIME_DIR] => /run/user/1000
    [SSH_CLIENT] => 192.168.1.79 51368 22
    [DEBUGINFOD_URLS] => https://debuginfod.fedoraproject.org/ 
    [LC_TIME] => ja_JP.utf8
    [DEBUGINFOD_IMA_CERT_PATH] => /etc/keys/ima:
    [KDEDIRS] => /usr
    [XDG_DATA_DIRS] => /home/kn/.local/share/flatpak/exports/share:/var/lib/flatpak/exports/share:/usr/local/share:/usr/share
    [PATH] => /home/kn/.local/bin:/home/kn/bin:/usr/local/bin:/usr/bin
    [SELINUX_LEVEL_REQUESTED] => 
    [DBUS_SESSION_BUS_ADDRESS] => unix:path=/run/user/1000/bus
    [MAIL] => /var/spool/mail/kn
    [SSH_TTY] => /dev/pts/1
    [LC_NUMERIC] => ja_JP.utf8
    [OLDPWD] => /var/www/html/result
    [PHP_SELF] => /var/www/cgi-bin/kendo-realtime/src/wsServer.php
    [SCRIPT_NAME] => /var/www/cgi-bin/kendo-realtime/src/wsServer.php
    [SCRIPT_FILENAME] => /var/www/cgi-bin/kendo-realtime/src/wsServer.php
    [PATH_TRANSLATED] => /var/www/cgi-bin/kendo-realtime/src/wsServer.php
    [DOCUMENT_ROOT] => 
    [REQUEST_TIME_FLOAT] => 1768686442.0477
    [REQUEST_TIME] => 1768686442
    [argv] => Array
        (
            [0] => /var/www/cgi-bin/kendo-realtime/src/wsServer.php
        )

    [argc] => 1
)

msg:onMessage: {"mode":1,"navi":1004,"places":["1"]}

[2026/01/18 14:18:47]--------------------------------------------------
[2026/01/18 14:18:47]--------------------------------------------------
server:Array
(
    [SHELL] => /bin/bash
    [HISTCONTROL] => ignoredups
    [HOSTNAME] => kn-macbookair
    [HISTSIZE] => 1000
    [LC_ADDRESS] => ja_JP.utf8
    [LC_NAME] => ja_JP.utf8
    [LC_MONETARY] => ja_JP.utf8
    [GPG_TTY] => /dev/pts/1
    [EDITOR] => /usr/bin/nano
    [PWD] => /var/www/cgi-bin
    [LOGNAME] => kn
    [XDG_SESSION_TYPE] => tty
    [_] => /usr/bin/nohup
    [MOTD_SHOWN] => pam
    [HOME] => /home/kn
    [SSH_ASKPASS] => /usr/bin/ksshaskpass
    [LANG] => ja_JP.utf8
    [LC_PAPER] => ja_JP.utf8
    [LS_COLORS] => rs=0:di=01;34:ln=01;36:mh=00:pi=40;33:so=01;35:do=01;35:bd=40;33;01:cd=40;33;01:or=40;31;01:mi=01;37;41:su=37;41:sg=30;43:ca=00:tw=30;42:ow=34;42:st=37;44:ex=01;32:*.7z=01;31:*.ace=01;31:*.alz=01;31:*.apk=01;31:*.arc=01;31:*.arj=01;31:*.bz=01;31:*.bz2=01;31:*.cab=01;31:*.cpio=01;31:*.crate=01;31:*.deb=01;31:*.drpm=01;31:*.dwm=01;31:*.dz=01;31:*.ear=01;31:*.egg=01;31:*.esd=01;31:*.gz=01;31:*.jar=01;31:*.lha=01;31:*.lrz=01;31:*.lz=01;31:*.lz4=01;31:*.lzh=01;31:*.lzma=01;31:*.lzo=01;31:*.pyz=01;31:*.rar=01;31:*.rpm=01;31:*.rz=01;31:*.sar=01;31:*.swm=01;31:*.t7z=01;31:*.tar=01;31:*.taz=01;31:*.tbz=01;31:*.tbz2=01;31:*.tgz=01;31:*.tlz=01;31:*.txz=01;31:*.tz=01;31:*.tzo=01;31:*.tzst=01;31:*.udeb=01;31:*.war=01;31:*.whl=01;31:*.wim=01;31:*.xz=01;31:*.z=01;31:*.zip=01;31:*.zoo=01;31:*.zst=01;31:*.avif=01;35:*.jpg=01;35:*.jpeg=01;35:*.mjpg=01;35:*.mjpeg=01;35:*.gif=01;35:*.bmp=01;35:*.pbm=01;35:*.pgm=01;35:*.ppm=01;35:*.tga=01;35:*.xbm=01;35:*.xpm=01;35:*.tif=01;35:*.tiff=01;35:*.png=01;35:*.svg=01;35:*.svgz=01;35:*.mng=01;35:*.pcx=01;35:*.mov=01;35:*.mpg=01;35:*.mpeg=01;35:*.m2v=01;35:*.mkv=01;35:*.webm=01;35:*.webp=01;35:*.ogm=01;35:*.mp4=01;35:*.m4v=01;35:*.mp4v=01;35:*.vob=01;35:*.qt=01;35:*.nuv=01;35:*.wmv=01;35:*.asf=01;35:*.rm=01;35:*.rmvb=01;35:*.flc=01;35:*.avi=01;35:*.fli=01;35:*.flv=01;35:*.gl=01;35:*.dl=01;35:*.xcf=01;35:*.xwd=01;35:*.yuv=01;35:*.cgm=01;35:*.emf=01;35:*.ogv=01;35:*.ogx=01;35:*.aac=01;36:*.au=01;36:*.flac=01;36:*.m4a=01;36:*.mid=01;36:*.midi=01;36:*.mka=01;36:*.mp3=01;36:*.mpc=01;36:*.ogg=01;36:*.ra=01;36:*.wav=01;36:*.oga=01;36:*.opus=01;36:*.spx=01;36:*.xspf=01;36:*~=00;90:*#=00;90:*.bak=00;90:*.crdownload=00;90:*.dpkg-dist=00;90:*.dpkg-new=00;90:*.dpkg-old=00;90:*.dpkg-tmp=00;90:*.old=00;90:*.orig=00;90:*.part=00;90:*.rej=00;90:*.rpmnew=00;90:*.rpmorig=00;90:*.rpmsave=00;90:*.swp=00;90:*.tmp=00;90:*.ucf-dist=00;90:*.ucf-new=00;90:*.ucf-old=00;90:
    [SSH_CONNECTION] => 192.168.1.79 51368 192.168.1.126 22
    [MOZ_GMP_PATH] => /usr/lib64/mozilla/plugins/gmp-gmpopenh264/system-installed:/var/lib/widevine/gmp-widevinecdm/system-installed
    [XDG_SESSION_CLASS] => user
    [SELINUX_ROLE_REQUESTED] => 
    [TERM] => xterm-256color
    [LC_IDENTIFICATION] => ja_JP.utf8
    [LESSOPEN] => ||/usr/bin/lesspipe.sh %s
    [USER] => kn
    [SELINUX_USE_CURRENT_RANGE] => 
    [SHLVL] => 1
    [LC_TELEPHONE] => ja_JP.utf8
    [LC_MEASUREMENT] => ja_JP.utf8
    [XDG_SESSION_ID] => 15
    [XDG_RUNTIME_DIR] => /run/user/1000
    [SSH_CLIENT] => 192.168.1.79 51368 22
    [DEBUGINFOD_URLS] => https://debuginfod.fedoraproject.org/ 
    [LC_TIME] => ja_JP.utf8
    [DEBUGINFOD_IMA_CERT_PATH] => /etc/keys/ima:
    [KDEDIRS] => /usr
    [XDG_DATA_DIRS] => /home/kn/.local/share/flatpak/exports/share:/var/lib/flatpak/exports/share:/usr/local/share:/usr/share
    [PATH] => /home/kn/.local/bin:/home/kn/bin:/usr/local/bin:/usr/bin
    [SELINUX_LEVEL_REQUESTED] => 
    [DBUS_SESSION_BUS_ADDRESS] => unix:path=/run/user/1000/bus
    [MAIL] => /var/spool/mail/kn
    [SSH_TTY] => /dev/pts/1
    [LC_NUMERIC] => ja_JP.utf8
    [OLDPWD] => /var/www/html/result
    [PHP_SELF] => /var/www/cgi-bin/kendo-realtime/src/wsServer.php
    [SCRIPT_NAME] => /var/www/cgi-bin/kendo-realtime/src/wsServer.php
    [SCRIPT_FILENAME] => /var/www/cgi-bin/kendo-realtime/src/wsServer.php
    [PATH_TRANSLATED] => /var/www/cgi-bin/kendo-realtime/src/wsServer.php
    [DOCUMENT_ROOT] => 
    [REQUEST_TIME_FLOAT] => 1768686442.0477
    [REQUEST_TIME] => 1768686442
    [argv] => Array
        (
            [0] => /var/www/cgi-bin/kendo-realtime/src/wsServer.php
        )

    [argc] => 1
)

server:Array
(
    [SHELL] => /bin/bash
    [HISTCONTROL] => ignoredups
    [HOSTNAME] => kn-macbookair
    [HISTSIZE] => 1000
    [LC_ADDRESS] => ja_JP.utf8
    [LC_NAME] => ja_JP.utf8
    [LC_MONETARY] => ja_JP.utf8
    [GPG_TTY] => /dev/pts/1
    [EDITOR] => /usr/bin/nano
    [PWD] => /var/www/cgi-bin
    [LOGNAME] => kn
    [XDG_SESSION_TYPE] => tty
    [_] => /usr/bin/nohup
    [MOTD_SHOWN] => pam
    [HOME] => /home/kn
    [SSH_ASKPASS] => /usr/bin/ksshaskpass
    [LANG] => ja_JP.utf8
    [LC_PAPER] => ja_JP.utf8
    [LS_COLORS] => rs=0:di=01;34:ln=01;36:mh=00:pi=40;33:so=01;35:do=01;35:bd=40;33;01:cd=40;33;01:or=40;31;01:mi=01;37;41:su=37;41:sg=30;43:ca=00:tw=30;42:ow=34;42:st=37;44:ex=01;32:*.7z=01;31:*.ace=01;31:*.alz=01;31:*.apk=01;31:*.arc=01;31:*.arj=01;31:*.bz=01;31:*.bz2=01;31:*.cab=01;31:*.cpio=01;31:*.crate=01;31:*.deb=01;31:*.drpm=01;31:*.dwm=01;31:*.dz=01;31:*.ear=01;31:*.egg=01;31:*.esd=01;31:*.gz=01;31:*.jar=01;31:*.lha=01;31:*.lrz=01;31:*.lz=01;31:*.lz4=01;31:*.lzh=01;31:*.lzma=01;31:*.lzo=01;31:*.pyz=01;31:*.rar=01;31:*.rpm=01;31:*.rz=01;31:*.sar=01;31:*.swm=01;31:*.t7z=01;31:*.tar=01;31:*.taz=01;31:*.tbz=01;31:*.tbz2=01;31:*.tgz=01;31:*.tlz=01;31:*.txz=01;31:*.tz=01;31:*.tzo=01;31:*.tzst=01;31:*.udeb=01;31:*.war=01;31:*.whl=01;31:*.wim=01;31:*.xz=01;31:*.z=01;31:*.zip=01;31:*.zoo=01;31:*.zst=01;31:*.avif=01;35:*.jpg=01;35:*.jpeg=01;35:*.mjpg=01;35:*.mjpeg=01;35:*.gif=01;35:*.bmp=01;35:*.pbm=01;35:*.pgm=01;35:*.ppm=01;35:*.tga=01;35:*.xbm=01;35:*.xpm=01;35:*.tif=01;35:*.tiff=01;35:*.png=01;35:*.svg=01;35:*.svgz=01;35:*.mng=01;35:*.pcx=01;35:*.mov=01;35:*.mpg=01;35:*.mpeg=01;35:*.m2v=01;35:*.mkv=01;35:*.webm=01;35:*.webp=01;35:*.ogm=01;35:*.mp4=01;35:*.m4v=01;35:*.mp4v=01;35:*.vob=01;35:*.qt=01;35:*.nuv=01;35:*.wmv=01;35:*.asf=01;35:*.rm=01;35:*.rmvb=01;35:*.flc=01;35:*.avi=01;35:*.fli=01;35:*.flv=01;35:*.gl=01;35:*.dl=01;35:*.xcf=01;35:*.xwd=01;35:*.yuv=01;35:*.cgm=01;35:*.emf=01;35:*.ogv=01;35:*.ogx=01;35:*.aac=01;36:*.au=01;36:*.flac=01;36:*.m4a=01;36:*.mid=01;36:*.midi=01;36:*.mka=01;36:*.mp3=01;36:*.mpc=01;36:*.ogg=01;36:*.ra=01;36:*.wav=01;36:*.oga=01;36:*.opus=01;36:*.spx=01;36:*.xspf=01;36:*~=00;90:*#=00;90:*.bak=00;90:*.crdownload=00;90:*.dpkg-dist=00;90:*.dpkg-new=00;90:*.dpkg-old=00;90:*.dpkg-tmp=00;90:*.old=00;90:*.orig=00;90:*.part=00;90:*.rej=00;90:*.rpmnew=00;90:*.rpmorig=00;90:*.rpmsave=00;90:*.swp=00;90:*.tmp=00;90:*.ucf-dist=00;90:*.ucf-new=00;90:*.ucf-old=00;90:
    [SSH_CONNECTION] => 192.168.1.79 51368 192.168.1.126 22
    [MOZ_GMP_PATH] => /usr/lib64/mozilla/plugins/gmp-gmpopenh264/system-installed:/var/lib/widevine/gmp-widevinecdm/system-installed
    [XDG_SESSION_CLASS] => user
    [SELINUX_ROLE_REQUESTED] => 
    [TERM] => xterm-256color
    [LC_IDENTIFICATION] => ja_JP.utf8
    [LESSOPEN] => ||/usr/bin/lesspipe.sh %s
    [USER] => kn
    [SELINUX_USE_CURRENT_RANGE] => 
    [SHLVL] => 1
    [LC_TELEPHONE] => ja_JP.utf8
    [LC_MEASUREMENT] => ja_JP.utf8
    [XDG_SESSION_ID] => 15
    [XDG_RUNTIME_DIR] => /run/user/1000
    [SSH_CLIENT] => 192.168.1.79 51368 22
    [DEBUGINFOD_URLS] => https://debuginfod.fedoraproject.org/ 
    [LC_TIME] => ja_JP.utf8
    [DEBUGINFOD_IMA_CERT_PATH] => /etc/keys/ima:
    [KDEDIRS] => /usr
    [XDG_DATA_DIRS] => /home/kn/.local/share/flatpak/exports/share:/var/lib/flatpak/exports/share:/usr/local/share:/usr/share
    [PATH] => /home/kn/.local/bin:/home/kn/bin:/usr/local/bin:/usr/bin
    [SELINUX_LEVEL_REQUESTED] => 
    [DBUS_SESSION_BUS_ADDRESS] => unix:path=/run/user/1000/bus
    [MAIL] => /var/spool/mail/kn
    [SSH_TTY] => /dev/pts/1
    [LC_NUMERIC] => ja_JP.utf8
    [OLDPWD] => /var/www/html/result
    [PHP_SELF] => /var/www/cgi-bin/kendo-realtime/src/ws2Server.php
    [SCRIPT_NAME] => /var/www/cgi-bin/kendo-realtime/src/ws2Server.php
    [SCRIPT_FILENAME] => /var/www/cgi-bin/kendo-realtime/src/ws2Server.php
    [PATH_TRANSLATED] => /var/www/cgi-bin/kendo-realtime/src/ws2Server.php
    [DOCUMENT_ROOT] => 
    [REQUEST_TIME_FLOAT] => 1768686442.0333
    [REQUEST_TIME] => 1768686442
    [argv] => Array
        (
            [0] => /var/www/cgi-bin/kendo-realtime/src/ws2Server.php
        )

    [argc] => 1
)

msg:onCommand: 1,1004

msg:onCommand: 1,1004

[2026/01/18 14:18:51]--------------------------------------------------
[2026/01/18 14:18:51]--------------------------------------------------
server:Array
(
    [SHELL] => /bin/bash
    [HISTCONTROL] => ignoredups
    [HOSTNAME] => kn-macbookair
    [HISTSIZE] => 1000
    [LC_ADDRESS] => ja_JP.utf8
    [LC_NAME] => ja_JP.utf8
    [LC_MONETARY] => ja_JP.utf8
    [GPG_TTY] => /dev/pts/1
    [EDITOR] => /usr/bin/nano
    [PWD] => /var/www/cgi-bin
    [LOGNAME] => kn
    [XDG_SESSION_TYPE] => tty
    [_] => /usr/bin/nohup
    [MOTD_SHOWN] => pam
    [HOME] => /home/kn
    [SSH_ASKPASS] => /usr/bin/ksshaskpass
    [LANG] => ja_JP.utf8
    [LC_PAPER] => ja_JP.utf8
    [LS_COLORS] => rs=0:di=01;34:ln=01;36:mh=00:pi=40;33:so=01;35:do=01;35:bd=40;33;01:cd=40;33;01:or=40;31;01:mi=01;37;41:su=37;41:sg=30;43:ca=00:tw=30;42:ow=34;42:st=37;44:ex=01;32:*.7z=01;31:*.ace=01;31:*.alz=01;31:*.apk=01;31:*.arc=01;31:*.arj=01;31:*.bz=01;31:*.bz2=01;31:*.cab=01;31:*.cpio=01;31:*.crate=01;31:*.deb=01;31:*.drpm=01;31:*.dwm=01;31:*.dz=01;31:*.ear=01;31:*.egg=01;31:*.esd=01;31:*.gz=01;31:*.jar=01;31:*.lha=01;31:*.lrz=01;31:*.lz=01;31:*.lz4=01;31:*.lzh=01;31:*.lzma=01;31:*.lzo=01;31:*.pyz=01;31:*.rar=01;31:*.rpm=01;31:*.rz=01;31:*.sar=01;31:*.swm=01;31:*.t7z=01;31:*.tar=01;31:*.taz=01;31:*.tbz=01;31:*.tbz2=01;31:*.tgz=01;31:*.tlz=01;31:*.txz=01;31:*.tz=01;31:*.tzo=01;31:*.tzst=01;31:*.udeb=01;31:*.war=01;31:*.whl=01;31:*.wim=01;31:*.xz=01;31:*.z=01;31:*.zip=01;31:*.zoo=01;31:*.zst=01;31:*.avif=01;35:*.jpg=01;35:*.jpeg=01;35:*.mjpg=01;35:*.mjpeg=01;35:*.gif=01;35:*.bmp=01;35:*.pbm=01;35:*.pgm=01;35:*.ppm=01;35:*.tga=01;35:*.xbm=01;35:*.xpm=01;35:*.tif=01;35:*.tiff=01;35:*.png=01;35:*.svg=01;35:*.svgz=01;35:*.mng=01;35:*.pcx=01;35:*.mov=01;35:*.mpg=01;35:*.mpeg=01;35:*.m2v=01;35:*.mkv=01;35:*.webm=01;35:*.webp=01;35:*.ogm=01;35:*.mp4=01;35:*.m4v=01;35:*.mp4v=01;35:*.vob=01;35:*.qt=01;35:*.nuv=01;35:*.wmv=01;35:*.asf=01;35:*.rm=01;35:*.rmvb=01;35:*.flc=01;35:*.avi=01;35:*.fli=01;35:*.flv=01;35:*.gl=01;35:*.dl=01;35:*.xcf=01;35:*.xwd=01;35:*.yuv=01;35:*.cgm=01;35:*.emf=01;35:*.ogv=01;35:*.ogx=01;35:*.aac=01;36:*.au=01;36:*.flac=01;36:*.m4a=01;36:*.mid=01;36:*.midi=01;36:*.mka=01;36:*.mp3=01;36:*.mpc=01;36:*.ogg=01;36:*.ra=01;36:*.wav=01;36:*.oga=01;36:*.opus=01;36:*.spx=01;36:*.xspf=01;36:*~=00;90:*#=00;90:*.bak=00;90:*.crdownload=00;90:*.dpkg-dist=00;90:*.dpkg-new=00;90:*.dpkg-old=00;90:*.dpkg-tmp=00;90:*.old=00;90:*.orig=00;90:*.part=00;90:*.rej=00;90:*.rpmnew=00;90:*.rpmorig=00;90:*.rpmsave=00;90:*.swp=00;90:*.tmp=00;90:*.ucf-dist=00;90:*.ucf-new=00;90:*.ucf-old=00;90:
    [SSH_CONNECTION] => 192.168.1.79 51368 192.168.1.126 22
    [MOZ_GMP_PATH] => /usr/lib64/mozilla/plugins/gmp-gmpopenh264/system-installed:/var/lib/widevine/gmp-widevinecdm/system-installed
    [XDG_SESSION_CLASS] => user
    [SELINUX_ROLE_REQUESTED] => 
    [TERM] => xterm-256color
    [LC_IDENTIFICATION] => ja_JP.utf8
    [LESSOPEN] => ||/usr/bin/lesspipe.sh %s
    [USER] => kn
    [SELINUX_USE_CURRENT_RANGE] => 
    [SHLVL] => 1
    [LC_TELEPHONE] => ja_JP.utf8
    [LC_MEASUREMENT] => ja_JP.utf8
    [XDG_SESSION_ID] => 15
    [XDG_RUNTIME_DIR] => /run/user/1000
    [SSH_CLIENT] => 192.168.1.79 51368 22
    [DEBUGINFOD_URLS] => https://debuginfod.fedoraproject.org/ 
    [LC_TIME] => ja_JP.utf8
    [DEBUGINFOD_IMA_CERT_PATH] => /etc/keys/ima:
    [KDEDIRS] => /usr
    [XDG_DATA_DIRS] => /home/kn/.local/share/flatpak/exports/share:/var/lib/flatpak/exports/share:/usr/local/share:/usr/share
    [PATH] => /home/kn/.local/bin:/home/kn/bin:/usr/local/bin:/usr/bin
    [SELINUX_LEVEL_REQUESTED] => 
    [DBUS_SESSION_BUS_ADDRESS] => unix:path=/run/user/1000/bus
    [MAIL] => /var/spool/mail/kn
    [SSH_TTY] => /dev/pts/1
    [LC_NUMERIC] => ja_JP.utf8
    [OLDPWD] => /var/www/html/result
    [PHP_SELF] => /var/www/cgi-bin/kendo-realtime/src/wsServer.php
    [SCRIPT_NAME] => /var/www/cgi-bin/kendo-realtime/src/wsServer.php
    [SCRIPT_FILENAME] => /var/www/cgi-bin/kendo-realtime/src/wsServer.php
    [PATH_TRANSLATED] => /var/www/cgi-bin/kendo-realtime/src/wsServer.php
    [DOCUMENT_ROOT] => 
    [REQUEST_TIME_FLOAT] => 1768686442.0477
    [REQUEST_TIME] => 1768686442
    [argv] => Array
        (
            [0] => /var/www/cgi-bin/kendo-realtime/src/wsServer.php
        )

    [argc] => 1
)

server:Array
(
    [SHELL] => /bin/bash
    [HISTCONTROL] => ignoredups
    [HOSTNAME] => kn-macbookair
    [HISTSIZE] => 1000
    [LC_ADDRESS] => ja_JP.utf8
    [LC_NAME] => ja_JP.utf8
    [LC_MONETARY] => ja_JP.utf8
    [GPG_TTY] => /dev/pts/1
    [EDITOR] => /usr/bin/nano
    [PWD] => /var/www/cgi-bin
    [LOGNAME] => kn
    [XDG_SESSION_TYPE] => tty
    [_] => /usr/bin/nohup
    [MOTD_SHOWN] => pam
    [HOME] => /home/kn
    [SSH_ASKPASS] => /usr/bin/ksshaskpass
    [LANG] => ja_JP.utf8
    [LC_PAPER] => ja_JP.utf8
    [LS_COLORS] => rs=0:di=01;34:ln=01;36:mh=00:pi=40;33:so=01;35:do=01;35:bd=40;33;01:cd=40;33;01:or=40;31;01:mi=01;37;41:su=37;41:sg=30;43:ca=00:tw=30;42:ow=34;42:st=37;44:ex=01;32:*.7z=01;31:*.ace=01;31:*.alz=01;31:*.apk=01;31:*.arc=01;31:*.arj=01;31:*.bz=01;31:*.bz2=01;31:*.cab=01;31:*.cpio=01;31:*.crate=01;31:*.deb=01;31:*.drpm=01;31:*.dwm=01;31:*.dz=01;31:*.ear=01;31:*.egg=01;31:*.esd=01;31:*.gz=01;31:*.jar=01;31:*.lha=01;31:*.lrz=01;31:*.lz=01;31:*.lz4=01;31:*.lzh=01;31:*.lzma=01;31:*.lzo=01;31:*.pyz=01;31:*.rar=01;31:*.rpm=01;31:*.rz=01;31:*.sar=01;31:*.swm=01;31:*.t7z=01;31:*.tar=01;31:*.taz=01;31:*.tbz=01;31:*.tbz2=01;31:*.tgz=01;31:*.tlz=01;31:*.txz=01;31:*.tz=01;31:*.tzo=01;31:*.tzst=01;31:*.udeb=01;31:*.war=01;31:*.whl=01;31:*.wim=01;31:*.xz=01;31:*.z=01;31:*.zip=01;31:*.zoo=01;31:*.zst=01;31:*.avif=01;35:*.jpg=01;35:*.jpeg=01;35:*.mjpg=01;35:*.mjpeg=01;35:*.gif=01;35:*.bmp=01;35:*.pbm=01;35:*.pgm=01;35:*.ppm=01;35:*.tga=01;35:*.xbm=01;35:*.xpm=01;35:*.tif=01;35:*.tiff=01;35:*.png=01;35:*.svg=01;35:*.svgz=01;35:*.mng=01;35:*.pcx=01;35:*.mov=01;35:*.mpg=01;35:*.mpeg=01;35:*.m2v=01;35:*.mkv=01;35:*.webm=01;35:*.webp=01;35:*.ogm=01;35:*.mp4=01;35:*.m4v=01;35:*.mp4v=01;35:*.vob=01;35:*.qt=01;35:*.nuv=01;35:*.wmv=01;35:*.asf=01;35:*.rm=01;35:*.rmvb=01;35:*.flc=01;35:*.avi=01;35:*.fli=01;35:*.flv=01;35:*.gl=01;35:*.dl=01;35:*.xcf=01;35:*.xwd=01;35:*.yuv=01;35:*.cgm=01;35:*.emf=01;35:*.ogv=01;35:*.ogx=01;35:*.aac=01;36:*.au=01;36:*.flac=01;36:*.m4a=01;36:*.mid=01;36:*.midi=01;36:*.mka=01;36:*.mp3=01;36:*.mpc=01;36:*.ogg=01;36:*.ra=01;36:*.wav=01;36:*.oga=01;36:*.opus=01;36:*.spx=01;36:*.xspf=01;36:*~=00;90:*#=00;90:*.bak=00;90:*.crdownload=00;90:*.dpkg-dist=00;90:*.dpkg-new=00;90:*.dpkg-old=00;90:*.dpkg-tmp=00;90:*.old=00;90:*.orig=00;90:*.part=00;90:*.rej=00;90:*.rpmnew=00;90:*.rpmorig=00;90:*.rpmsave=00;90:*.swp=00;90:*.tmp=00;90:*.ucf-dist=00;90:*.ucf-new=00;90:*.ucf-old=00;90:
    [SSH_CONNECTION] => 192.168.1.79 51368 192.168.1.126 22
    [MOZ_GMP_PATH] => /usr/lib64/mozilla/plugins/gmp-gmpopenh264/system-installed:/var/lib/widevine/gmp-widevinecdm/system-installed
    [XDG_SESSION_CLASS] => user
    [SELINUX_ROLE_REQUESTED] => 
    [TERM] => xterm-256color
    [LC_IDENTIFICATION] => ja_JP.utf8
    [LESSOPEN] => ||/usr/bin/lesspipe.sh %s
    [USER] => kn
    [SELINUX_USE_CURRENT_RANGE] => 
    [SHLVL] => 1
    [LC_TELEPHONE] => ja_JP.utf8
    [LC_MEASUREMENT] => ja_JP.utf8
    [XDG_SESSION_ID] => 15
    [XDG_RUNTIME_DIR] => /run/user/1000
    [SSH_CLIENT] => 192.168.1.79 51368 22
    [DEBUGINFOD_URLS] => https://debuginfod.fedoraproject.org/ 
    [LC_TIME] => ja_JP.utf8
    [DEBUGINFOD_IMA_CERT_PATH] => /etc/keys/ima:
    [KDEDIRS] => /usr
    [XDG_DATA_DIRS] => /home/kn/.local/share/flatpak/exports/share:/var/lib/flatpak/exports/share:/usr/local/share:/usr/share
    [PATH] => /home/kn/.local/bin:/home/kn/bin:/usr/local/bin:/usr/bin
    [SELINUX_LEVEL_REQUESTED] => 
    [DBUS_SESSION_BUS_ADDRESS] => unix:path=/run/user/1000/bus
    [MAIL] => /var/spool/mail/kn
    [SSH_TTY] => /dev/pts/1
    [LC_NUMERIC] => ja_JP.utf8
    [OLDPWD] => /var/www/html/result
    [PHP_SELF] => /var/www/cgi-bin/kendo-realtime/src/ws2Server.php
    [SCRIPT_NAME] => /var/www/cgi-bin/kendo-realtime/src/ws2Server.php
    [SCRIPT_FILENAME] => /var/www/cgi-bin/kendo-realtime/src/ws2Server.php
    [PATH_TRANSLATED] => /var/www/cgi-bin/kendo-realtime/src/ws2Server.php
    [DOCUMENT_ROOT] => 
    [REQUEST_TIME_FLOAT] => 1768686442.0333
    [REQUEST_TIME] => 1768686442
    [argv] => Array
        (
            [0] => /var/www/cgi-bin/kendo-realtime/src/ws2Server.php
        )

    [argc] => 1
)

msg:onCommand: 1,1004

msg:onCommand: 1,1004

[2026/01/18 14:18:55]--------------------------------------------------
server:Array
(
    [SHELL] => /bin/bash
    [HISTCONTROL] => ignoredups
    [HOSTNAME] => kn-macbookair
    [HISTSIZE] => 1000
    [LC_ADDRESS] => ja_JP.utf8
    [LC_NAME] => ja_JP.utf8
    [LC_MONETARY] => ja_JP.utf8
    [GPG_TTY] => /dev/pts/1
    [EDITOR] => /usr/bin/nano
    [PWD] => /var/www/cgi-bin
    [LOGNAME] => kn
    [XDG_SESSION_TYPE] => tty
    [_] => /usr/bin/nohup
    [MOTD_SHOWN] => pam
    [HOME] => /home/kn
    [SSH_ASKPASS] => /usr/bin/ksshaskpass
    [LANG] => ja_JP.utf8
    [LC_PAPER] => ja_JP.utf8
    [LS_COLORS] => rs=0:di=01;34:ln=01;36:mh=00:pi=40;33:so=01;35:do=01;35:bd=40;33;01:cd=40;33;01:or=40;31;01:mi=01;37;41:su=37;41:sg=30;43:ca=00:tw=30;42:ow=34;42:st=37;44:ex=01;32:*.7z=01;31:*.ace=01;31:*.alz=01;31:*.apk=01;31:*.arc=01;31:*.arj=01;31:*.bz=01;31:*.bz2=01;31:*.cab=01;31:*.cpio=01;31:*.crate=01;31:*.deb=01;31:*.drpm=01;31:*.dwm=01;31:*.dz=01;31:*.ear=01;31:*.egg=01;31:*.esd=01;31:*.gz=01;31:*.jar=01;31:*.lha=01;31:*.lrz=01;31:*.lz=01;31:*.lz4=01;31:*.lzh=01;31:*.lzma=01;31:*.lzo=01;31:*.pyz=01;31:*.rar=01;31:*.rpm=01;31:*.rz=01;31:*.sar=01;31:*.swm=01;31:*.t7z=01;31:*.tar=01;31:*.taz=01;31:*.tbz=01;31:*.tbz2=01;31:*.tgz=01;31:*.tlz=01;31:*.txz=01;31:*.tz=01;31:*.tzo=01;31:*.tzst=01;31:*.udeb=01;31:*.war=01;31:*.whl=01;31:*.wim=01;31:*.xz=01;31:*.z=01;31:*.zip=01;31:*.zoo=01;31:*.zst=01;31:*.avif=01;35:*.jpg=01;35:*.jpeg=01;35:*.mjpg=01;35:*.mjpeg=01;35:*.gif=01;35:*.bmp=01;35:*.pbm=01;35:*.pgm=01;35:*.ppm=01;35:*.tga=01;35:*.xbm=01;35:*.xpm=01;35:*.tif=01;35:*.tiff=01;35:*.png=01;35:*.svg=01;35:*.svgz=01;35:*.mng=01;35:*.pcx=01;35:*.mov=01;35:*.mpg=01;35:*.mpeg=01;35:*.m2v=01;35:*.mkv=01;35:*.webm=01;35:*.webp=01;35:*.ogm=01;35:*.mp4=01;35:*.m4v=01;35:*.mp4v=01;35:*.vob=01;35:*.qt=01;35:*.nuv=01;35:*.wmv=01;35:*.asf=01;35:*.rm=01;35:*.rmvb=01;35:*.flc=01;35:*.avi=01;35:*.fli=01;35:*.flv=01;35:*.gl=01;35:*.dl=01;35:*.xcf=01;35:*.xwd=01;35:*.yuv=01;35:*.cgm=01;35:*.emf=01;35:*.ogv=01;35:*.ogx=01;35:*.aac=01;36:*.au=01;36:*.flac=01;36:*.m4a=01;36:*.mid=01;36:*.midi=01;36:*.mka=01;36:*.mp3=01;36:*.mpc=01;36:*.ogg=01;36:*.ra=01;36:*.wav=01;36:*.oga=01;36:*.opus=01;36:*.spx=01;36:*.xspf=01;36:*~=00;90:*#=00;90:*.bak=00;90:*.crdownload=00;90:*.dpkg-dist=00;90:*.dpkg-new=00;90:*.dpkg-old=00;90:*.dpkg-tmp=00;90:*.old=00;90:*.orig=00;90:*.part=00;90:*.rej=00;90:*.rpmnew=00;90:*.rpmorig=00;90:*.rpmsave=00;90:*.swp=00;90:*.tmp=00;90:*.ucf-dist=00;90:*.ucf-new=00;90:*.ucf-old=00;90:
    [SSH_CONNECTION] => 192.168.1.79 51368 192.168.1.126 22
    [MOZ_GMP_PATH] => /usr/lib64/mozilla/plugins/gmp-gmpopenh264/system-installed:/var/lib/widevine/gmp-widevinecdm/system-installed
    [XDG_SESSION_CLASS] => user
    [SELINUX_ROLE_REQUESTED] => 
    [TERM] => xterm-256color
    [LC_IDENTIFICATION] => ja_JP.utf8
    [LESSOPEN] => ||/usr/bin/lesspipe.sh %s
    [USER] => kn
    [SELINUX_USE_CURRENT_RANGE] => 
    [SHLVL] => 1
    [LC_TELEPHONE] => ja_JP.utf8
    [LC_MEASUREMENT] => ja_JP.utf8
    [XDG_SESSION_ID] => 15
    [XDG_RUNTIME_DIR] => /run/user/1000
    [SSH_CLIENT] => 192.168.1.79 51368 22
    [DEBUGINFOD_URLS] => https://debuginfod.fedoraproject.org/ 
    [LC_TIME] => ja_JP.utf8
    [DEBUGINFOD_IMA_CERT_PATH] => /etc/keys/ima:
    [KDEDIRS] => /usr
    [XDG_DATA_DIRS] => /home/kn/.local/share/flatpak/exports/share:/var/lib/flatpak/exports/share:/usr/local/share:/usr/share
    [PATH] => /home/kn/.local/bin:/home/kn/bin:/usr/local/bin:/usr/bin
    [SELINUX_LEVEL_REQUESTED] => 
    [DBUS_SESSION_BUS_ADDRESS] => unix:path=/run/user/1000/bus
    [MAIL] => /var/spool/mail/kn
    [SSH_TTY] => /dev/pts/1
    [LC_NUMERIC] => ja_JP.utf8
    [OLDPWD] => /var/www/html/result
    [PHP_SELF] => /var/www/cgi-bin/kendo-realtime/src/wsServer.php
    [SCRIPT_NAME] => /var/www/cgi-bin/kendo-realtime/src/wsServer.php
    [SCRIPT_FILENAME] => /var/www/cgi-bin/kendo-realtime/src/wsServer.php
    [PATH_TRANSLATED] => /var/www/cgi-bin/kendo-realtime/src/wsServer.php
    [DOCUMENT_ROOT] => 
    [REQUEST_TIME_FLOAT] => 1768686442.0477
    [REQUEST_TIME] => 1768686442
    [argv] => Array
        (
            [0] => /var/www/cgi-bin/kendo-realtime/src/wsServer.php
        )

    [argc] => 1
)

[2026/01/18 14:18:55]--------------------------------------------------
msg:onCommand: 1,1004

server:Array
(
    [SHELL] => /bin/bash
    [HISTCONTROL] => ignoredups
    [HOSTNAME] => kn-macbookair
    [HISTSIZE] => 1000
    [LC_ADDRESS] => ja_JP.utf8
    [LC_NAME] => ja_JP.utf8
    [LC_MONETARY] => ja_JP.utf8
    [GPG_TTY] => /dev/pts/1
    [EDITOR] => /usr/bin/nano
    [PWD] => /var/www/cgi-bin
    [LOGNAME] => kn
    [XDG_SESSION_TYPE] => tty
    [_] => /usr/bin/nohup
    [MOTD_SHOWN] => pam
    [HOME] => /home/kn
    [SSH_ASKPASS] => /usr/bin/ksshaskpass
    [LANG] => ja_JP.utf8
    [LC_PAPER] => ja_JP.utf8
    [LS_COLORS] => rs=0:di=01;34:ln=01;36:mh=00:pi=40;33:so=01;35:do=01;35:bd=40;33;01:cd=40;33;01:or=40;31;01:mi=01;37;41:su=37;41:sg=30;43:ca=00:tw=30;42:ow=34;42:st=37;44:ex=01;32:*.7z=01;31:*.ace=01;31:*.alz=01;31:*.apk=01;31:*.arc=01;31:*.arj=01;31:*.bz=01;31:*.bz2=01;31:*.cab=01;31:*.cpio=01;31:*.crate=01;31:*.deb=01;31:*.drpm=01;31:*.dwm=01;31:*.dz=01;31:*.ear=01;31:*.egg=01;31:*.esd=01;31:*.gz=01;31:*.jar=01;31:*.lha=01;31:*.lrz=01;31:*.lz=01;31:*.lz4=01;31:*.lzh=01;31:*.lzma=01;31:*.lzo=01;31:*.pyz=01;31:*.rar=01;31:*.rpm=01;31:*.rz=01;31:*.sar=01;31:*.swm=01;31:*.t7z=01;31:*.tar=01;31:*.taz=01;31:*.tbz=01;31:*.tbz2=01;31:*.tgz=01;31:*.tlz=01;31:*.txz=01;31:*.tz=01;31:*.tzo=01;31:*.tzst=01;31:*.udeb=01;31:*.war=01;31:*.whl=01;31:*.wim=01;31:*.xz=01;31:*.z=01;31:*.zip=01;31:*.zoo=01;31:*.zst=01;31:*.avif=01;35:*.jpg=01;35:*.jpeg=01;35:*.mjpg=01;35:*.mjpeg=01;35:*.gif=01;35:*.bmp=01;35:*.pbm=01;35:*.pgm=01;35:*.ppm=01;35:*.tga=01;35:*.xbm=01;35:*.xpm=01;35:*.tif=01;35:*.tiff=01;35:*.png=01;35:*.svg=01;35:*.svgz=01;35:*.mng=01;35:*.pcx=01;35:*.mov=01;35:*.mpg=01;35:*.mpeg=01;35:*.m2v=01;35:*.mkv=01;35:*.webm=01;35:*.webp=01;35:*.ogm=01;35:*.mp4=01;35:*.m4v=01;35:*.mp4v=01;35:*.vob=01;35:*.qt=01;35:*.nuv=01;35:*.wmv=01;35:*.asf=01;35:*.rm=01;35:*.rmvb=01;35:*.flc=01;35:*.avi=01;35:*.fli=01;35:*.flv=01;35:*.gl=01;35:*.dl=01;35:*.xcf=01;35:*.xwd=01;35:*.yuv=01;35:*.cgm=01;35:*.emf=01;35:*.ogv=01;35:*.ogx=01;35:*.aac=01;36:*.au=01;36:*.flac=01;36:*.m4a=01;36:*.mid=01;36:*.midi=01;36:*.mka=01;36:*.mp3=01;36:*.mpc=01;36:*.ogg=01;36:*.ra=01;36:*.wav=01;36:*.oga=01;36:*.opus=01;36:*.spx=01;36:*.xspf=01;36:*~=00;90:*#=00;90:*.bak=00;90:*.crdownload=00;90:*.dpkg-dist=00;90:*.dpkg-new=00;90:*.dpkg-old=00;90:*.dpkg-tmp=00;90:*.old=00;90:*.orig=00;90:*.part=00;90:*.rej=00;90:*.rpmnew=00;90:*.rpmorig=00;90:*.rpmsave=00;90:*.swp=00;90:*.tmp=00;90:*.ucf-dist=00;90:*.ucf-new=00;90:*.ucf-old=00;90:
    [SSH_CONNECTION] => 192.168.1.79 51368 192.168.1.126 22
    [MOZ_GMP_PATH] => /usr/lib64/mozilla/plugins/gmp-gmpopenh264/system-installed:/var/lib/widevine/gmp-widevinecdm/system-installed
    [XDG_SESSION_CLASS] => user
    [SELINUX_ROLE_REQUESTED] => 
    [TERM] => xterm-256color
    [LC_IDENTIFICATION] => ja_JP.utf8
    [LESSOPEN] => ||/usr/bin/lesspipe.sh %s
    [USER] => kn
    [SELINUX_USE_CURRENT_RANGE] => 
    [SHLVL] => 1
    [LC_TELEPHONE] => ja_JP.utf8
    [LC_MEASUREMENT] => ja_JP.utf8
    [XDG_SESSION_ID] => 15
    [XDG_RUNTIME_DIR] => /run/user/1000
    [SSH_CLIENT] => 192.168.1.79 51368 22
    [DEBUGINFOD_URLS] => https://debuginfod.fedoraproject.org/ 
    [LC_TIME] => ja_JP.utf8
    [DEBUGINFOD_IMA_CERT_PATH] => /etc/keys/ima:
    [KDEDIRS] => /usr
    [XDG_DATA_DIRS] => /home/kn/.local/share/flatpak/exports/share:/var/lib/flatpak/exports/share:/usr/local/share:/usr/share
    [PATH] => /home/kn/.local/bin:/home/kn/bin:/usr/local/bin:/usr/bin
    [SELINUX_LEVEL_REQUESTED] => 
    [DBUS_SESSION_BUS_ADDRESS] => unix:path=/run/user/1000/bus
    [MAIL] => /var/spool/mail/kn
    [SSH_TTY] => /dev/pts/1
    [LC_NUMERIC] => ja_JP.utf8
    [OLDPWD] => /var/www/html/result
    [PHP_SELF] => /var/www/cgi-bin/kendo-realtime/src/ws2Server.php
    [SCRIPT_NAME] => /var/www/cgi-bin/kendo-realtime/src/ws2Server.php
    [SCRIPT_FILENAME] => /var/www/cgi-bin/kendo-realtime/src/ws2Server.php
    [PATH_TRANSLATED] => /var/www/cgi-bin/kendo-realtime/src/ws2Server.php
    [DOCUMENT_ROOT] => 
    [REQUEST_TIME_FLOAT] => 1768686442.0333
    [REQUEST_TIME] => 1768686442
    [argv] => Array
        (
            [0] => /var/www/cgi-bin/kendo-realtime/src/ws2Server.php
        )

    [argc] => 1
)

msg:onCommand: 1,1004

[2026/01/18 14:18:57]--------------------------------------------------
[2026/01/18 14:18:57]--------------------------------------------------
server:Array
(
    [SHELL] => /bin/bash
    [HISTCONTROL] => ignoredups
    [HOSTNAME] => kn-macbookair
    [HISTSIZE] => 1000
    [LC_ADDRESS] => ja_JP.utf8
    [LC_NAME] => ja_JP.utf8
    [LC_MONETARY] => ja_JP.utf8
    [GPG_TTY] => /dev/pts/1
    [EDITOR] => /usr/bin/nano
    [PWD] => /var/www/cgi-bin
    [LOGNAME] => kn
    [XDG_SESSION_TYPE] => tty
    [_] => /usr/bin/nohup
    [MOTD_SHOWN] => pam
    [HOME] => /home/kn
    [SSH_ASKPASS] => /usr/bin/ksshaskpass
    [LANG] => ja_JP.utf8
    [LC_PAPER] => ja_JP.utf8
    [LS_COLORS] => rs=0:di=01;34:ln=01;36:mh=00:pi=40;33:so=01;35:do=01;35:bd=40;33;01:cd=40;33;01:or=40;31;01:mi=01;37;41:su=37;41:sg=30;43:ca=00:tw=30;42:ow=34;42:st=37;44:ex=01;32:*.7z=01;31:*.ace=01;31:*.alz=01;31:*.apk=01;31:*.arc=01;31:*.arj=01;31:*.bz=01;31:*.bz2=01;31:*.cab=01;31:*.cpio=01;31:*.crate=01;31:*.deb=01;31:*.drpm=01;31:*.dwm=01;31:*.dz=01;31:*.ear=01;31:*.egg=01;31:*.esd=01;31:*.gz=01;31:*.jar=01;31:*.lha=01;31:*.lrz=01;31:*.lz=01;31:*.lz4=01;31:*.lzh=01;31:*.lzma=01;31:*.lzo=01;31:*.pyz=01;31:*.rar=01;31:*.rpm=01;31:*.rz=01;31:*.sar=01;31:*.swm=01;31:*.t7z=01;31:*.tar=01;31:*.taz=01;31:*.tbz=01;31:*.tbz2=01;31:*.tgz=01;31:*.tlz=01;31:*.txz=01;31:*.tz=01;31:*.tzo=01;31:*.tzst=01;31:*.udeb=01;31:*.war=01;31:*.whl=01;31:*.wim=01;31:*.xz=01;31:*.z=01;31:*.zip=01;31:*.zoo=01;31:*.zst=01;31:*.avif=01;35:*.jpg=01;35:*.jpeg=01;35:*.mjpg=01;35:*.mjpeg=01;35:*.gif=01;35:*.bmp=01;35:*.pbm=01;35:*.pgm=01;35:*.ppm=01;35:*.tga=01;35:*.xbm=01;35:*.xpm=01;35:*.tif=01;35:*.tiff=01;35:*.png=01;35:*.svg=01;35:*.svgz=01;35:*.mng=01;35:*.pcx=01;35:*.mov=01;35:*.mpg=01;35:*.mpeg=01;35:*.m2v=01;35:*.mkv=01;35:*.webm=01;35:*.webp=01;35:*.ogm=01;35:*.mp4=01;35:*.m4v=01;35:*.mp4v=01;35:*.vob=01;35:*.qt=01;35:*.nuv=01;35:*.wmv=01;35:*.asf=01;35:*.rm=01;35:*.rmvb=01;35:*.flc=01;35:*.avi=01;35:*.fli=01;35:*.flv=01;35:*.gl=01;35:*.dl=01;35:*.xcf=01;35:*.xwd=01;35:*.yuv=01;35:*.cgm=01;35:*.emf=01;35:*.ogv=01;35:*.ogx=01;35:*.aac=01;36:*.au=01;36:*.flac=01;36:*.m4a=01;36:*.mid=01;36:*.midi=01;36:*.mka=01;36:*.mp3=01;36:*.mpc=01;36:*.ogg=01;36:*.ra=01;36:*.wav=01;36:*.oga=01;36:*.opus=01;36:*.spx=01;36:*.xspf=01;36:*~=00;90:*#=00;90:*.bak=00;90:*.crdownload=00;90:*.dpkg-dist=00;90:*.dpkg-new=00;90:*.dpkg-old=00;90:*.dpkg-tmp=00;90:*.old=00;90:*.orig=00;90:*.part=00;90:*.rej=00;90:*.rpmnew=00;90:*.rpmorig=00;90:*.rpmsave=00;90:*.swp=00;90:*.tmp=00;90:*.ucf-dist=00;90:*.ucf-new=00;90:*.ucf-old=00;90:
    [SSH_CONNECTION] => 192.168.1.79 51368 192.168.1.126 22
    [MOZ_GMP_PATH] => /usr/lib64/mozilla/plugins/gmp-gmpopenh264/system-installed:/var/lib/widevine/gmp-widevinecdm/system-installed
    [XDG_SESSION_CLASS] => user
    [SELINUX_ROLE_REQUESTED] => 
    [TERM] => xterm-256color
    [LC_IDENTIFICATION] => ja_JP.utf8
    [LESSOPEN] => ||/usr/bin/lesspipe.sh %s
    [USER] => kn
    [SELINUX_USE_CURRENT_RANGE] => 
    [SHLVL] => 1
    [LC_TELEPHONE] => ja_JP.utf8
    [LC_MEASUREMENT] => ja_JP.utf8
    [XDG_SESSION_ID] => 15
    [XDG_RUNTIME_DIR] => /run/user/1000
    [SSH_CLIENT] => 192.168.1.79 51368 22
    [DEBUGINFOD_URLS] => https://debuginfod.fedoraproject.org/ 
    [LC_TIME] => ja_JP.utf8
    [DEBUGINFOD_IMA_CERT_PATH] => /etc/keys/ima:
    [KDEDIRS] => /usr
    [XDG_DATA_DIRS] => /home/kn/.local/share/flatpak/exports/share:/var/lib/flatpak/exports/share:/usr/local/share:/usr/share
    [PATH] => /home/kn/.local/bin:/home/kn/bin:/usr/local/bin:/usr/bin
    [SELINUX_LEVEL_REQUESTED] => 
    [DBUS_SESSION_BUS_ADDRESS] => unix:path=/run/user/1000/bus
    [MAIL] => /var/spool/mail/kn
    [SSH_TTY] => /dev/pts/1
    [LC_NUMERIC] => ja_JP.utf8
    [OLDPWD] => /var/www/html/result
    [PHP_SELF] => /var/www/cgi-bin/kendo-realtime/src/wsServer.php
    [SCRIPT_NAME] => /var/www/cgi-bin/kendo-realtime/src/wsServer.php
    [SCRIPT_FILENAME] => /var/www/cgi-bin/kendo-realtime/src/wsServer.php
    [PATH_TRANSLATED] => /var/www/cgi-bin/kendo-realtime/src/wsServer.php
    [DOCUMENT_ROOT] => 
    [REQUEST_TIME_FLOAT] => 1768686442.0477
    [REQUEST_TIME] => 1768686442
    [argv] => Array
        (
            [0] => /var/www/cgi-bin/kendo-realtime/src/wsServer.php
        )

    [argc] => 1
)

server:Array
(
    [SHELL] => /bin/bash
    [HISTCONTROL] => ignoredups
    [HOSTNAME] => kn-macbookair
    [HISTSIZE] => 1000
    [LC_ADDRESS] => ja_JP.utf8
    [LC_NAME] => ja_JP.utf8
    [LC_MONETARY] => ja_JP.utf8
    [GPG_TTY] => /dev/pts/1
    [EDITOR] => /usr/bin/nano
    [PWD] => /var/www/cgi-bin
    [LOGNAME] => kn
    [XDG_SESSION_TYPE] => tty
    [_] => /usr/bin/nohup
    [MOTD_SHOWN] => pam
    [HOME] => /home/kn
    [SSH_ASKPASS] => /usr/bin/ksshaskpass
    [LANG] => ja_JP.utf8
    [LC_PAPER] => ja_JP.utf8
    [LS_COLORS] => rs=0:di=01;34:ln=01;36:mh=00:pi=40;33:so=01;35:do=01;35:bd=40;33;01:cd=40;33;01:or=40;31;01:mi=01;37;41:su=37;41:sg=30;43:ca=00:tw=30;42:ow=34;42:st=37;44:ex=01;32:*.7z=01;31:*.ace=01;31:*.alz=01;31:*.apk=01;31:*.arc=01;31:*.arj=01;31:*.bz=01;31:*.bz2=01;31:*.cab=01;31:*.cpio=01;31:*.crate=01;31:*.deb=01;31:*.drpm=01;31:*.dwm=01;31:*.dz=01;31:*.ear=01;31:*.egg=01;31:*.esd=01;31:*.gz=01;31:*.jar=01;31:*.lha=01;31:*.lrz=01;31:*.lz=01;31:*.lz4=01;31:*.lzh=01;31:*.lzma=01;31:*.lzo=01;31:*.pyz=01;31:*.rar=01;31:*.rpm=01;31:*.rz=01;31:*.sar=01;31:*.swm=01;31:*.t7z=01;31:*.tar=01;31:*.taz=01;31:*.tbz=01;31:*.tbz2=01;31:*.tgz=01;31:*.tlz=01;31:*.txz=01;31:*.tz=01;31:*.tzo=01;31:*.tzst=01;31:*.udeb=01;31:*.war=01;31:*.whl=01;31:*.wim=01;31:*.xz=01;31:*.z=01;31:*.zip=01;31:*.zoo=01;31:*.zst=01;31:*.avif=01;35:*.jpg=01;35:*.jpeg=01;35:*.mjpg=01;35:*.mjpeg=01;35:*.gif=01;35:*.bmp=01;35:*.pbm=01;35:*.pgm=01;35:*.ppm=01;35:*.tga=01;35:*.xbm=01;35:*.xpm=01;35:*.tif=01;35:*.tiff=01;35:*.png=01;35:*.svg=01;35:*.svgz=01;35:*.mng=01;35:*.pcx=01;35:*.mov=01;35:*.mpg=01;35:*.mpeg=01;35:*.m2v=01;35:*.mkv=01;35:*.webm=01;35:*.webp=01;35:*.ogm=01;35:*.mp4=01;35:*.m4v=01;35:*.mp4v=01;35:*.vob=01;35:*.qt=01;35:*.nuv=01;35:*.wmv=01;35:*.asf=01;35:*.rm=01;35:*.rmvb=01;35:*.flc=01;35:*.avi=01;35:*.fli=01;35:*.flv=01;35:*.gl=01;35:*.dl=01;35:*.xcf=01;35:*.xwd=01;35:*.yuv=01;35:*.cgm=01;35:*.emf=01;35:*.ogv=01;35:*.ogx=01;35:*.aac=01;36:*.au=01;36:*.flac=01;36:*.m4a=01;36:*.mid=01;36:*.midi=01;36:*.mka=01;36:*.mp3=01;36:*.mpc=01;36:*.ogg=01;36:*.ra=01;36:*.wav=01;36:*.oga=01;36:*.opus=01;36:*.spx=01;36:*.xspf=01;36:*~=00;90:*#=00;90:*.bak=00;90:*.crdownload=00;90:*.dpkg-dist=00;90:*.dpkg-new=00;90:*.dpkg-old=00;90:*.dpkg-tmp=00;90:*.old=00;90:*.orig=00;90:*.part=00;90:*.rej=00;90:*.rpmnew=00;90:*.rpmorig=00;90:*.rpmsave=00;90:*.swp=00;90:*.tmp=00;90:*.ucf-dist=00;90:*.ucf-new=00;90:*.ucf-old=00;90:
    [SSH_CONNECTION] => 192.168.1.79 51368 192.168.1.126 22
    [MOZ_GMP_PATH] => /usr/lib64/mozilla/plugins/gmp-gmpopenh264/system-installed:/var/lib/widevine/gmp-widevinecdm/system-installed
    [XDG_SESSION_CLASS] => user
    [SELINUX_ROLE_REQUESTED] => 
    [TERM] => xterm-256color
    [LC_IDENTIFICATION] => ja_JP.utf8
    [LESSOPEN] => ||/usr/bin/lesspipe.sh %s
    [USER] => kn
    [SELINUX_USE_CURRENT_RANGE] => 
    [SHLVL] => 1
    [LC_TELEPHONE] => ja_JP.utf8
    [LC_MEASUREMENT] => ja_JP.utf8
    [XDG_SESSION_ID] => 15
    [XDG_RUNTIME_DIR] => /run/user/1000
    [SSH_CLIENT] => 192.168.1.79 51368 22
    [DEBUGINFOD_URLS] => https://debuginfod.fedoraproject.org/ 
    [LC_TIME] => ja_JP.utf8
    [DEBUGINFOD_IMA_CERT_PATH] => /etc/keys/ima:
    [KDEDIRS] => /usr
    [XDG_DATA_DIRS] => /home/kn/.local/share/flatpak/exports/share:/var/lib/flatpak/exports/share:/usr/local/share:/usr/share
    [PATH] => /home/kn/.local/bin:/home/kn/bin:/usr/local/bin:/usr/bin
    [SELINUX_LEVEL_REQUESTED] => 
    [DBUS_SESSION_BUS_ADDRESS] => unix:path=/run/user/1000/bus
    [MAIL] => /var/spool/mail/kn
    [SSH_TTY] => /dev/pts/1
    [LC_NUMERIC] => ja_JP.utf8
    [OLDPWD] => /var/www/html/result
    [PHP_SELF] => /var/www/cgi-bin/kendo-realtime/src/ws2Server.php
    [SCRIPT_NAME] => /var/www/cgi-bin/kendo-realtime/src/ws2Server.php
    [SCRIPT_FILENAME] => /var/www/cgi-bin/kendo-realtime/src/ws2Server.php
    [PATH_TRANSLATED] => /var/www/cgi-bin/kendo-realtime/src/ws2Server.php
    [DOCUMENT_ROOT] => 
    [REQUEST_TIME_FLOAT] => 1768686442.0333
    [REQUEST_TIME] => 1768686442
    [argv] => Array
        (
            [0] => /var/www/cgi-bin/kendo-realtime/src/ws2Server.php
        )

    [argc] => 1
)

msg:onCommand: 1,1004

msg:onCommand: 1,1004

[2026/01/18 14:18:58]--------------------------------------------------
[2026/01/18 14:18:58]--------------------------------------------------
server:Array
(
    [SHELL] => /bin/bash
    [HISTCONTROL] => ignoredups
    [HOSTNAME] => kn-macbookair
    [HISTSIZE] => 1000
    [LC_ADDRESS] => ja_JP.utf8
    [LC_NAME] => ja_JP.utf8
    [LC_MONETARY] => ja_JP.utf8
    [GPG_TTY] => /dev/pts/1
    [EDITOR] => /usr/bin/nano
    [PWD] => /var/www/cgi-bin
    [LOGNAME] => kn
    [XDG_SESSION_TYPE] => tty
    [_] => /usr/bin/nohup
    [MOTD_SHOWN] => pam
    [HOME] => /home/kn
    [SSH_ASKPASS] => /usr/bin/ksshaskpass
    [LANG] => ja_JP.utf8
    [LC_PAPER] => ja_JP.utf8
    [LS_COLORS] => rs=0:di=01;34:ln=01;36:mh=00:pi=40;33:so=01;35:do=01;35:bd=40;33;01:cd=40;33;01:or=40;31;01:mi=01;37;41:su=37;41:sg=30;43:ca=00:tw=30;42:ow=34;42:st=37;44:ex=01;32:*.7z=01;31:*.ace=01;31:*.alz=01;31:*.apk=01;31:*.arc=01;31:*.arj=01;31:*.bz=01;31:*.bz2=01;31:*.cab=01;31:*.cpio=01;31:*.crate=01;31:*.deb=01;31:*.drpm=01;31:*.dwm=01;31:*.dz=01;31:*.ear=01;31:*.egg=01;31:*.esd=01;31:*.gz=01;31:*.jar=01;31:*.lha=01;31:*.lrz=01;31:*.lz=01;31:*.lz4=01;31:*.lzh=01;31:*.lzma=01;31:*.lzo=01;31:*.pyz=01;31:*.rar=01;31:*.rpm=01;31:*.rz=01;31:*.sar=01;31:*.swm=01;31:*.t7z=01;31:*.tar=01;31:*.taz=01;31:*.tbz=01;31:*.tbz2=01;31:*.tgz=01;31:*.tlz=01;31:*.txz=01;31:*.tz=01;31:*.tzo=01;31:*.tzst=01;31:*.udeb=01;31:*.war=01;31:*.whl=01;31:*.wim=01;31:*.xz=01;31:*.z=01;31:*.zip=01;31:*.zoo=01;31:*.zst=01;31:*.avif=01;35:*.jpg=01;35:*.jpeg=01;35:*.mjpg=01;35:*.mjpeg=01;35:*.gif=01;35:*.bmp=01;35:*.pbm=01;35:*.pgm=01;35:*.ppm=01;35:*.tga=01;35:*.xbm=01;35:*.xpm=01;35:*.tif=01;35:*.tiff=01;35:*.png=01;35:*.svg=01;35:*.svgz=01;35:*.mng=01;35:*.pcx=01;35:*.mov=01;35:*.mpg=01;35:*.mpeg=01;35:*.m2v=01;35:*.mkv=01;35:*.webm=01;35:*.webp=01;35:*.ogm=01;35:*.mp4=01;35:*.m4v=01;35:*.mp4v=01;35:*.vob=01;35:*.qt=01;35:*.nuv=01;35:*.wmv=01;35:*.asf=01;35:*.rm=01;35:*.rmvb=01;35:*.flc=01;35:*.avi=01;35:*.fli=01;35:*.flv=01;35:*.gl=01;35:*.dl=01;35:*.xcf=01;35:*.xwd=01;35:*.yuv=01;35:*.cgm=01;35:*.emf=01;35:*.ogv=01;35:*.ogx=01;35:*.aac=01;36:*.au=01;36:*.flac=01;36:*.m4a=01;36:*.mid=01;36:*.midi=01;36:*.mka=01;36:*.mp3=01;36:*.mpc=01;36:*.ogg=01;36:*.ra=01;36:*.wav=01;36:*.oga=01;36:*.opus=01;36:*.spx=01;36:*.xspf=01;36:*~=00;90:*#=00;90:*.bak=00;90:*.crdownload=00;90:*.dpkg-dist=00;90:*.dpkg-new=00;90:*.dpkg-old=00;90:*.dpkg-tmp=00;90:*.old=00;90:*.orig=00;90:*.part=00;90:*.rej=00;90:*.rpmnew=00;90:*.rpmorig=00;90:*.rpmsave=00;90:*.swp=00;90:*.tmp=00;90:*.ucf-dist=00;90:*.ucf-new=00;90:*.ucf-old=00;90:
    [SSH_CONNECTION] => 192.168.1.79 51368 192.168.1.126 22
    [MOZ_GMP_PATH] => /usr/lib64/mozilla/plugins/gmp-gmpopenh264/system-installed:/var/lib/widevine/gmp-widevinecdm/system-installed
    [XDG_SESSION_CLASS] => user
    [SELINUX_ROLE_REQUESTED] => 
    [TERM] => xterm-256color
    [LC_IDENTIFICATION] => ja_JP.utf8
    [LESSOPEN] => ||/usr/bin/lesspipe.sh %s
    [USER] => kn
    [SELINUX_USE_CURRENT_RANGE] => 
    [SHLVL] => 1
    [LC_TELEPHONE] => ja_JP.utf8
    [LC_MEASUREMENT] => ja_JP.utf8
    [XDG_SESSION_ID] => 15
    [XDG_RUNTIME_DIR] => /run/user/1000
    [SSH_CLIENT] => 192.168.1.79 51368 22
    [DEBUGINFOD_URLS] => https://debuginfod.fedoraproject.org/ 
    [LC_TIME] => ja_JP.utf8
    [DEBUGINFOD_IMA_CERT_PATH] => /etc/keys/ima:
    [KDEDIRS] => /usr
    [XDG_DATA_DIRS] => /home/kn/.local/share/flatpak/exports/share:/var/lib/flatpak/exports/share:/usr/local/share:/usr/share
    [PATH] => /home/kn/.local/bin:/home/kn/bin:/usr/local/bin:/usr/bin
    [SELINUX_LEVEL_REQUESTED] => 
    [DBUS_SESSION_BUS_ADDRESS] => unix:path=/run/user/1000/bus
    [MAIL] => /var/spool/mail/kn
    [SSH_TTY] => /dev/pts/1
    [LC_NUMERIC] => ja_JP.utf8
    [OLDPWD] => /var/www/html/result
    [PHP_SELF] => /var/www/cgi-bin/kendo-realtime/src/wsServer.php
    [SCRIPT_NAME] => /var/www/cgi-bin/kendo-realtime/src/wsServer.php
    [SCRIPT_FILENAME] => /var/www/cgi-bin/kendo-realtime/src/wsServer.php
    [PATH_TRANSLATED] => /var/www/cgi-bin/kendo-realtime/src/wsServer.php
    [DOCUMENT_ROOT] => 
    [REQUEST_TIME_FLOAT] => 1768686442.0477
    [REQUEST_TIME] => 1768686442
    [argv] => Array
        (
            [0] => /var/www/cgi-bin/kendo-realtime/src/wsServer.php
        )

    [argc] => 1
)

server:Array
(
    [SHELL] => /bin/bash
    [HISTCONTROL] => ignoredups
    [HOSTNAME] => kn-macbookair
    [HISTSIZE] => 1000
    [LC_ADDRESS] => ja_JP.utf8
    [LC_NAME] => ja_JP.utf8
    [LC_MONETARY] => ja_JP.utf8
    [GPG_TTY] => /dev/pts/1
    [EDITOR] => /usr/bin/nano
    [PWD] => /var/www/cgi-bin
    [LOGNAME] => kn
    [XDG_SESSION_TYPE] => tty
    [_] => /usr/bin/nohup
    [MOTD_SHOWN] => pam
    [HOME] => /home/kn
    [SSH_ASKPASS] => /usr/bin/ksshaskpass
    [LANG] => ja_JP.utf8
    [LC_PAPER] => ja_JP.utf8
    [LS_COLORS] => rs=0:di=01;34:ln=01;36:mh=00:pi=40;33:so=01;35:do=01;35:bd=40;33;01:cd=40;33;01:or=40;31;01:mi=01;37;41:su=37;41:sg=30;43:ca=00:tw=30;42:ow=34;42:st=37;44:ex=01;32:*.7z=01;31:*.ace=01;31:*.alz=01;31:*.apk=01;31:*.arc=01;31:*.arj=01;31:*.bz=01;31:*.bz2=01;31:*.cab=01;31:*.cpio=01;31:*.crate=01;31:*.deb=01;31:*.drpm=01;31:*.dwm=01;31:*.dz=01;31:*.ear=01;31:*.egg=01;31:*.esd=01;31:*.gz=01;31:*.jar=01;31:*.lha=01;31:*.lrz=01;31:*.lz=01;31:*.lz4=01;31:*.lzh=01;31:*.lzma=01;31:*.lzo=01;31:*.pyz=01;31:*.rar=01;31:*.rpm=01;31:*.rz=01;31:*.sar=01;31:*.swm=01;31:*.t7z=01;31:*.tar=01;31:*.taz=01;31:*.tbz=01;31:*.tbz2=01;31:*.tgz=01;31:*.tlz=01;31:*.txz=01;31:*.tz=01;31:*.tzo=01;31:*.tzst=01;31:*.udeb=01;31:*.war=01;31:*.whl=01;31:*.wim=01;31:*.xz=01;31:*.z=01;31:*.zip=01;31:*.zoo=01;31:*.zst=01;31:*.avif=01;35:*.jpg=01;35:*.jpeg=01;35:*.mjpg=01;35:*.mjpeg=01;35:*.gif=01;35:*.bmp=01;35:*.pbm=01;35:*.pgm=01;35:*.ppm=01;35:*.tga=01;35:*.xbm=01;35:*.xpm=01;35:*.tif=01;35:*.tiff=01;35:*.png=01;35:*.svg=01;35:*.svgz=01;35:*.mng=01;35:*.pcx=01;35:*.mov=01;35:*.mpg=01;35:*.mpeg=01;35:*.m2v=01;35:*.mkv=01;35:*.webm=01;35:*.webp=01;35:*.ogm=01;35:*.mp4=01;35:*.m4v=01;35:*.mp4v=01;35:*.vob=01;35:*.qt=01;35:*.nuv=01;35:*.wmv=01;35:*.asf=01;35:*.rm=01;35:*.rmvb=01;35:*.flc=01;35:*.avi=01;35:*.fli=01;35:*.flv=01;35:*.gl=01;35:*.dl=01;35:*.xcf=01;35:*.xwd=01;35:*.yuv=01;35:*.cgm=01;35:*.emf=01;35:*.ogv=01;35:*.ogx=01;35:*.aac=01;36:*.au=01;36:*.flac=01;36:*.m4a=01;36:*.mid=01;36:*.midi=01;36:*.mka=01;36:*.mp3=01;36:*.mpc=01;36:*.ogg=01;36:*.ra=01;36:*.wav=01;36:*.oga=01;36:*.opus=01;36:*.spx=01;36:*.xspf=01;36:*~=00;90:*#=00;90:*.bak=00;90:*.crdownload=00;90:*.dpkg-dist=00;90:*.dpkg-new=00;90:*.dpkg-old=00;90:*.dpkg-tmp=00;90:*.old=00;90:*.orig=00;90:*.part=00;90:*.rej=00;90:*.rpmnew=00;90:*.rpmorig=00;90:*.rpmsave=00;90:*.swp=00;90:*.tmp=00;90:*.ucf-dist=00;90:*.ucf-new=00;90:*.ucf-old=00;90:
    [SSH_CONNECTION] => 192.168.1.79 51368 192.168.1.126 22
    [MOZ_GMP_PATH] => /usr/lib64/mozilla/plugins/gmp-gmpopenh264/system-installed:/var/lib/widevine/gmp-widevinecdm/system-installed
    [XDG_SESSION_CLASS] => user
    [SELINUX_ROLE_REQUESTED] => 
    [TERM] => xterm-256color
    [LC_IDENTIFICATION] => ja_JP.utf8
    [LESSOPEN] => ||/usr/bin/lesspipe.sh %s
    [USER] => kn
    [SELINUX_USE_CURRENT_RANGE] => 
    [SHLVL] => 1
    [LC_TELEPHONE] => ja_JP.utf8
    [LC_MEASUREMENT] => ja_JP.utf8
    [XDG_SESSION_ID] => 15
    [XDG_RUNTIME_DIR] => /run/user/1000
    [SSH_CLIENT] => 192.168.1.79 51368 22
    [DEBUGINFOD_URLS] => https://debuginfod.fedoraproject.org/ 
    [LC_TIME] => ja_JP.utf8
    [DEBUGINFOD_IMA_CERT_PATH] => /etc/keys/ima:
    [KDEDIRS] => /usr
    [XDG_DATA_DIRS] => /home/kn/.local/share/flatpak/exports/share:/var/lib/flatpak/exports/share:/usr/local/share:/usr/share
    [PATH] => /home/kn/.local/bin:/home/kn/bin:/usr/local/bin:/usr/bin
    [SELINUX_LEVEL_REQUESTED] => 
    [DBUS_SESSION_BUS_ADDRESS] => unix:path=/run/user/1000/bus
    [MAIL] => /var/spool/mail/kn
    [SSH_TTY] => /dev/pts/1
    [LC_NUMERIC] => ja_JP.utf8
    [OLDPWD] => /var/www/html/result
    [PHP_SELF] => /var/www/cgi-bin/kendo-realtime/src/ws2Server.php
    [SCRIPT_NAME] => /var/www/cgi-bin/kendo-realtime/src/ws2Server.php
    [SCRIPT_FILENAME] => /var/www/cgi-bin/kendo-realtime/src/ws2Server.php
    [PATH_TRANSLATED] => /var/www/cgi-bin/kendo-realtime/src/ws2Server.php
    [DOCUMENT_ROOT] => 
    [REQUEST_TIME_FLOAT] => 1768686442.0333
    [REQUEST_TIME] => 1768686442
    [argv] => Array
        (
            [0] => /var/www/cgi-bin/kendo-realtime/src/ws2Server.php
        )

    [argc] => 1
)

msg:onCommand: 1,1004

msg:onCommand: 1,1004

[2026/01/18 15:36:32]--------------------------------------------------
server:Array
(
    [SHELL] => /bin/bash
    [HISTCONTROL] => ignoredups
    [HOSTNAME] => kn-macbookair
    [HISTSIZE] => 1000
    [LC_ADDRESS] => ja_JP.utf8
    [LC_NAME] => ja_JP.utf8
    [LC_MONETARY] => ja_JP.utf8
    [GPG_TTY] => /dev/pts/1
    [EDITOR] => /usr/bin/nano
    [PWD] => /var/www/cgi-bin
    [LOGNAME] => kn
    [XDG_SESSION_TYPE] => tty
    [_] => /usr/bin/nohup
    [MOTD_SHOWN] => pam
    [HOME] => /home/kn
    [SSH_ASKPASS] => /usr/bin/ksshaskpass
    [LANG] => ja_JP.utf8
    [LC_PAPER] => ja_JP.utf8
    [LS_COLORS] => rs=0:di=01;34:ln=01;36:mh=00:pi=40;33:so=01;35:do=01;35:bd=40;33;01:cd=40;33;01:or=40;31;01:mi=01;37;41:su=37;41:sg=30;43:ca=00:tw=30;42:ow=34;42:st=37;44:ex=01;32:*.7z=01;31:*.ace=01;31:*.alz=01;31:*.apk=01;31:*.arc=01;31:*.arj=01;31:*.bz=01;31:*.bz2=01;31:*.cab=01;31:*.cpio=01;31:*.crate=01;31:*.deb=01;31:*.drpm=01;31:*.dwm=01;31:*.dz=01;31:*.ear=01;31:*.egg=01;31:*.esd=01;31:*.gz=01;31:*.jar=01;31:*.lha=01;31:*.lrz=01;31:*.lz=01;31:*.lz4=01;31:*.lzh=01;31:*.lzma=01;31:*.lzo=01;31:*.pyz=01;31:*.rar=01;31:*.rpm=01;31:*.rz=01;31:*.sar=01;31:*.swm=01;31:*.t7z=01;31:*.tar=01;31:*.taz=01;31:*.tbz=01;31:*.tbz2=01;31:*.tgz=01;31:*.tlz=01;31:*.txz=01;31:*.tz=01;31:*.tzo=01;31:*.tzst=01;31:*.udeb=01;31:*.war=01;31:*.whl=01;31:*.wim=01;31:*.xz=01;31:*.z=01;31:*.zip=01;31:*.zoo=01;31:*.zst=01;31:*.avif=01;35:*.jpg=01;35:*.jpeg=01;35:*.mjpg=01;35:*.mjpeg=01;35:*.gif=01;35:*.bmp=01;35:*.pbm=01;35:*.pgm=01;35:*.ppm=01;35:*.tga=01;35:*.xbm=01;35:*.xpm=01;35:*.tif=01;35:*.tiff=01;35:*.png=01;35:*.svg=01;35:*.svgz=01;35:*.mng=01;35:*.pcx=01;35:*.mov=01;35:*.mpg=01;35:*.mpeg=01;35:*.m2v=01;35:*.mkv=01;35:*.webm=01;35:*.webp=01;35:*.ogm=01;35:*.mp4=01;35:*.m4v=01;35:*.mp4v=01;35:*.vob=01;35:*.qt=01;35:*.nuv=01;35:*.wmv=01;35:*.asf=01;35:*.rm=01;35:*.rmvb=01;35:*.flc=01;35:*.avi=01;35:*.fli=01;35:*.flv=01;35:*.gl=01;35:*.dl=01;35:*.xcf=01;35:*.xwd=01;35:*.yuv=01;35:*.cgm=01;35:*.emf=01;35:*.ogv=01;35:*.ogx=01;35:*.aac=01;36:*.au=01;36:*.flac=01;36:*.m4a=01;36:*.mid=01;36:*.midi=01;36:*.mka=01;36:*.mp3=01;36:*.mpc=01;36:*.ogg=01;36:*.ra=01;36:*.wav=01;36:*.oga=01;36:*.opus=01;36:*.spx=01;36:*.xspf=01;36:*~=00;90:*#=00;90:*.bak=00;90:*.crdownload=00;90:*.dpkg-dist=00;90:*.dpkg-new=00;90:*.dpkg-old=00;90:*.dpkg-tmp=00;90:*.old=00;90:*.orig=00;90:*.part=00;90:*.rej=00;90:*.rpmnew=00;90:*.rpmorig=00;90:*.rpmsave=00;90:*.swp=00;90:*.tmp=00;90:*.ucf-dist=00;90:*.ucf-new=00;90:*.ucf-old=00;90:
    [SSH_CONNECTION] => 192.168.1.79 51368 192.168.1.126 22
    [MOZ_GMP_PATH] => /usr/lib64/mozilla/plugins/gmp-gmpopenh264/system-installed:/var/lib/widevine/gmp-widevinecdm/system-installed
    [XDG_SESSION_CLASS] => user
    [SELINUX_ROLE_REQUESTED] => 
    [TERM] => xterm-256color
    [LC_IDENTIFICATION] => ja_JP.utf8
    [LESSOPEN] => ||/usr/bin/lesspipe.sh %s
    [USER] => kn
    [SELINUX_USE_CURRENT_RANGE] => 
    [SHLVL] => 1
    [LC_TELEPHONE] => ja_JP.utf8
    [LC_MEASUREMENT] => ja_JP.utf8
    [XDG_SESSION_ID] => 15
    [XDG_RUNTIME_DIR] => /run/user/1000
    [SSH_CLIENT] => 192.168.1.79 51368 22
    [DEBUGINFOD_URLS] => https://debuginfod.fedoraproject.org/ 
    [LC_TIME] => ja_JP.utf8
    [DEBUGINFOD_IMA_CERT_PATH] => /etc/keys/ima:
    [KDEDIRS] => /usr
    [XDG_DATA_DIRS] => /home/kn/.local/share/flatpak/exports/share:/var/lib/flatpak/exports/share:/usr/local/share:/usr/share
    [PATH] => /home/kn/.local/bin:/home/kn/bin:/usr/local/bin:/usr/bin
    [SELINUX_LEVEL_REQUESTED] => 
    [DBUS_SESSION_BUS_ADDRESS] => unix:path=/run/user/1000/bus
    [MAIL] => /var/spool/mail/kn
    [SSH_TTY] => /dev/pts/1
    [LC_NUMERIC] => ja_JP.utf8
    [OLDPWD] => /var/www/html/result
    [PHP_SELF] => /var/www/cgi-bin/kendo-realtime/src/wsServer.php
    [SCRIPT_NAME] => /var/www/cgi-bin/kendo-realtime/src/wsServer.php
    [SCRIPT_FILENAME] => /var/www/cgi-bin/kendo-realtime/src/wsServer.php
    [PATH_TRANSLATED] => /var/www/cgi-bin/kendo-realtime/src/wsServer.php
    [DOCUMENT_ROOT] => 
    [REQUEST_TIME_FLOAT] => 1768686442.0477
    [REQUEST_TIME] => 1768686442
    [argv] => Array
        (
            [0] => /var/www/cgi-bin/kendo-realtime/src/wsServer.php
        )

    [argc] => 1
)

msg:New Connection (219:0)

[2026/01/18 15:36:32]--------------------------------------------------
server:Array
(
    [SHELL] => /bin/bash
    [HISTCONTROL] => ignoredups
    [HOSTNAME] => kn-macbookair
    [HISTSIZE] => 1000
    [LC_ADDRESS] => ja_JP.utf8
    [LC_NAME] => ja_JP.utf8
    [LC_MONETARY] => ja_JP.utf8
    [GPG_TTY] => /dev/pts/1
    [EDITOR] => /usr/bin/nano
    [PWD] => /var/www/cgi-bin
    [LOGNAME] => kn
    [XDG_SESSION_TYPE] => tty
    [_] => /usr/bin/nohup
    [MOTD_SHOWN] => pam
    [HOME] => /home/kn
    [SSH_ASKPASS] => /usr/bin/ksshaskpass
    [LANG] => ja_JP.utf8
    [LC_PAPER] => ja_JP.utf8
    [LS_COLORS] => rs=0:di=01;34:ln=01;36:mh=00:pi=40;33:so=01;35:do=01;35:bd=40;33;01:cd=40;33;01:or=40;31;01:mi=01;37;41:su=37;41:sg=30;43:ca=00:tw=30;42:ow=34;42:st=37;44:ex=01;32:*.7z=01;31:*.ace=01;31:*.alz=01;31:*.apk=01;31:*.arc=01;31:*.arj=01;31:*.bz=01;31:*.bz2=01;31:*.cab=01;31:*.cpio=01;31:*.crate=01;31:*.deb=01;31:*.drpm=01;31:*.dwm=01;31:*.dz=01;31:*.ear=01;31:*.egg=01;31:*.esd=01;31:*.gz=01;31:*.jar=01;31:*.lha=01;31:*.lrz=01;31:*.lz=01;31:*.lz4=01;31:*.lzh=01;31:*.lzma=01;31:*.lzo=01;31:*.pyz=01;31:*.rar=01;31:*.rpm=01;31:*.rz=01;31:*.sar=01;31:*.swm=01;31:*.t7z=01;31:*.tar=01;31:*.taz=01;31:*.tbz=01;31:*.tbz2=01;31:*.tgz=01;31:*.tlz=01;31:*.txz=01;31:*.tz=01;31:*.tzo=01;31:*.tzst=01;31:*.udeb=01;31:*.war=01;31:*.whl=01;31:*.wim=01;31:*.xz=01;31:*.z=01;31:*.zip=01;31:*.zoo=01;31:*.zst=01;31:*.avif=01;35:*.jpg=01;35:*.jpeg=01;35:*.mjpg=01;35:*.mjpeg=01;35:*.gif=01;35:*.bmp=01;35:*.pbm=01;35:*.pgm=01;35:*.ppm=01;35:*.tga=01;35:*.xbm=01;35:*.xpm=01;35:*.tif=01;35:*.tiff=01;35:*.png=01;35:*.svg=01;35:*.svgz=01;35:*.mng=01;35:*.pcx=01;35:*.mov=01;35:*.mpg=01;35:*.mpeg=01;35:*.m2v=01;35:*.mkv=01;35:*.webm=01;35:*.webp=01;35:*.ogm=01;35:*.mp4=01;35:*.m4v=01;35:*.mp4v=01;35:*.vob=01;35:*.qt=01;35:*.nuv=01;35:*.wmv=01;35:*.asf=01;35:*.rm=01;35:*.rmvb=01;35:*.flc=01;35:*.avi=01;35:*.fli=01;35:*.flv=01;35:*.gl=01;35:*.dl=01;35:*.xcf=01;35:*.xwd=01;35:*.yuv=01;35:*.cgm=01;35:*.emf=01;35:*.ogv=01;35:*.ogx=01;35:*.aac=01;36:*.au=01;36:*.flac=01;36:*.m4a=01;36:*.mid=01;36:*.midi=01;36:*.mka=01;36:*.mp3=01;36:*.mpc=01;36:*.ogg=01;36:*.ra=01;36:*.wav=01;36:*.oga=01;36:*.opus=01;36:*.spx=01;36:*.xspf=01;36:*~=00;90:*#=00;90:*.bak=00;90:*.crdownload=00;90:*.dpkg-dist=00;90:*.dpkg-new=00;90:*.dpkg-old=00;90:*.dpkg-tmp=00;90:*.old=00;90:*.orig=00;90:*.part=00;90:*.rej=00;90:*.rpmnew=00;90:*.rpmorig=00;90:*.rpmsave=00;90:*.swp=00;90:*.tmp=00;90:*.ucf-dist=00;90:*.ucf-new=00;90:*.ucf-old=00;90:
    [SSH_CONNECTION] => 192.168.1.79 51368 192.168.1.126 22
    [MOZ_GMP_PATH] => /usr/lib64/mozilla/plugins/gmp-gmpopenh264/system-installed:/var/lib/widevine/gmp-widevinecdm/system-installed
    [XDG_SESSION_CLASS] => user
    [SELINUX_ROLE_REQUESTED] => 
    [TERM] => xterm-256color
    [LC_IDENTIFICATION] => ja_JP.utf8
    [LESSOPEN] => ||/usr/bin/lesspipe.sh %s
    [USER] => kn
    [SELINUX_USE_CURRENT_RANGE] => 
    [SHLVL] => 1
    [LC_TELEPHONE] => ja_JP.utf8
    [LC_MEASUREMENT] => ja_JP.utf8
    [XDG_SESSION_ID] => 15
    [XDG_RUNTIME_DIR] => /run/user/1000
    [SSH_CLIENT] => 192.168.1.79 51368 22
    [DEBUGINFOD_URLS] => https://debuginfod.fedoraproject.org/ 
    [LC_TIME] => ja_JP.utf8
    [DEBUGINFOD_IMA_CERT_PATH] => /etc/keys/ima:
    [KDEDIRS] => /usr
    [XDG_DATA_DIRS] => /home/kn/.local/share/flatpak/exports/share:/var/lib/flatpak/exports/share:/usr/local/share:/usr/share
    [PATH] => /home/kn/.local/bin:/home/kn/bin:/usr/local/bin:/usr/bin
    [SELINUX_LEVEL_REQUESTED] => 
    [DBUS_SESSION_BUS_ADDRESS] => unix:path=/run/user/1000/bus
    [MAIL] => /var/spool/mail/kn
    [SSH_TTY] => /dev/pts/1
    [LC_NUMERIC] => ja_JP.utf8
    [OLDPWD] => /var/www/html/result
    [PHP_SELF] => /var/www/cgi-bin/kendo-realtime/src/wsServer.php
    [SCRIPT_NAME] => /var/www/cgi-bin/kendo-realtime/src/wsServer.php
    [SCRIPT_FILENAME] => /var/www/cgi-bin/kendo-realtime/src/wsServer.php
    [PATH_TRANSLATED] => /var/www/cgi-bin/kendo-realtime/src/wsServer.php
    [DOCUMENT_ROOT] => 
    [REQUEST_TIME_FLOAT] => 1768686442.0477
    [REQUEST_TIME] => 1768686442
    [argv] => Array
        (
            [0] => /var/www/cgi-bin/kendo-realtime/src/wsServer.php
        )

    [argc] => 1
)

msg:onMessage: {"mode":1,"navi":1004,"places":[3]}

[2026/01/18 15:37:49]--------------------------------------------------
server:Array
(
    [SHELL] => /bin/bash
    [HISTCONTROL] => ignoredups
    [HOSTNAME] => kn-macbookair
    [HISTSIZE] => 1000
    [LC_ADDRESS] => ja_JP.utf8
    [LC_NAME] => ja_JP.utf8
    [LC_MONETARY] => ja_JP.utf8
    [GPG_TTY] => /dev/pts/1
    [EDITOR] => /usr/bin/nano
    [PWD] => /var/www/cgi-bin
    [LOGNAME] => kn
    [XDG_SESSION_TYPE] => tty
    [_] => /usr/bin/nohup
    [MOTD_SHOWN] => pam
    [HOME] => /home/kn
    [SSH_ASKPASS] => /usr/bin/ksshaskpass
    [LANG] => ja_JP.utf8
    [LC_PAPER] => ja_JP.utf8
    [LS_COLORS] => rs=0:di=01;34:ln=01;36:mh=00:pi=40;33:so=01;35:do=01;35:bd=40;33;01:cd=40;33;01:or=40;31;01:mi=01;37;41:su=37;41:sg=30;43:ca=00:tw=30;42:ow=34;42:st=37;44:ex=01;32:*.7z=01;31:*.ace=01;31:*.alz=01;31:*.apk=01;31:*.arc=01;31:*.arj=01;31:*.bz=01;31:*.bz2=01;31:*.cab=01;31:*.cpio=01;31:*.crate=01;31:*.deb=01;31:*.drpm=01;31:*.dwm=01;31:*.dz=01;31:*.ear=01;31:*.egg=01;31:*.esd=01;31:*.gz=01;31:*.jar=01;31:*.lha=01;31:*.lrz=01;31:*.lz=01;31:*.lz4=01;31:*.lzh=01;31:*.lzma=01;31:*.lzo=01;31:*.pyz=01;31:*.rar=01;31:*.rpm=01;31:*.rz=01;31:*.sar=01;31:*.swm=01;31:*.t7z=01;31:*.tar=01;31:*.taz=01;31:*.tbz=01;31:*.tbz2=01;31:*.tgz=01;31:*.tlz=01;31:*.txz=01;31:*.tz=01;31:*.tzo=01;31:*.tzst=01;31:*.udeb=01;31:*.war=01;31:*.whl=01;31:*.wim=01;31:*.xz=01;31:*.z=01;31:*.zip=01;31:*.zoo=01;31:*.zst=01;31:*.avif=01;35:*.jpg=01;35:*.jpeg=01;35:*.mjpg=01;35:*.mjpeg=01;35:*.gif=01;35:*.bmp=01;35:*.pbm=01;35:*.pgm=01;35:*.ppm=01;35:*.tga=01;35:*.xbm=01;35:*.xpm=01;35:*.tif=01;35:*.tiff=01;35:*.png=01;35:*.svg=01;35:*.svgz=01;35:*.mng=01;35:*.pcx=01;35:*.mov=01;35:*.mpg=01;35:*.mpeg=01;35:*.m2v=01;35:*.mkv=01;35:*.webm=01;35:*.webp=01;35:*.ogm=01;35:*.mp4=01;35:*.m4v=01;35:*.mp4v=01;35:*.vob=01;35:*.qt=01;35:*.nuv=01;35:*.wmv=01;35:*.asf=01;35:*.rm=01;35:*.rmvb=01;35:*.flc=01;35:*.avi=01;35:*.fli=01;35:*.flv=01;35:*.gl=01;35:*.dl=01;35:*.xcf=01;35:*.xwd=01;35:*.yuv=01;35:*.cgm=01;35:*.emf=01;35:*.ogv=01;35:*.ogx=01;35:*.aac=01;36:*.au=01;36:*.flac=01;36:*.m4a=01;36:*.mid=01;36:*.midi=01;36:*.mka=01;36:*.mp3=01;36:*.mpc=01;36:*.ogg=01;36:*.ra=01;36:*.wav=01;36:*.oga=01;36:*.opus=01;36:*.spx=01;36:*.xspf=01;36:*~=00;90:*#=00;90:*.bak=00;90:*.crdownload=00;90:*.dpkg-dist=00;90:*.dpkg-new=00;90:*.dpkg-old=00;90:*.dpkg-tmp=00;90:*.old=00;90:*.orig=00;90:*.part=00;90:*.rej=00;90:*.rpmnew=00;90:*.rpmorig=00;90:*.rpmsave=00;90:*.swp=00;90:*.tmp=00;90:*.ucf-dist=00;90:*.ucf-new=00;90:*.ucf-old=00;90:
    [SSH_CONNECTION] => 192.168.1.79 51368 192.168.1.126 22
    [MOZ_GMP_PATH] => /usr/lib64/mozilla/plugins/gmp-gmpopenh264/system-installed:/var/lib/widevine/gmp-widevinecdm/system-installed
    [XDG_SESSION_CLASS] => user
    [SELINUX_ROLE_REQUESTED] => 
    [TERM] => xterm-256color
    [LC_IDENTIFICATION] => ja_JP.utf8
    [LESSOPEN] => ||/usr/bin/lesspipe.sh %s
    [USER] => kn
    [SELINUX_USE_CURRENT_RANGE] => 
    [SHLVL] => 1
    [LC_TELEPHONE] => ja_JP.utf8
    [LC_MEASUREMENT] => ja_JP.utf8
    [XDG_SESSION_ID] => 15
    [XDG_RUNTIME_DIR] => /run/user/1000
    [SSH_CLIENT] => 192.168.1.79 51368 22
    [DEBUGINFOD_URLS] => https://debuginfod.fedoraproject.org/ 
    [LC_TIME] => ja_JP.utf8
    [DEBUGINFOD_IMA_CERT_PATH] => /etc/keys/ima:
    [KDEDIRS] => /usr
    [XDG_DATA_DIRS] => /home/kn/.local/share/flatpak/exports/share:/var/lib/flatpak/exports/share:/usr/local/share:/usr/share
    [PATH] => /home/kn/.local/bin:/home/kn/bin:/usr/local/bin:/usr/bin
    [SELINUX_LEVEL_REQUESTED] => 
    [DBUS_SESSION_BUS_ADDRESS] => unix:path=/run/user/1000/bus
    [MAIL] => /var/spool/mail/kn
    [SSH_TTY] => /dev/pts/1
    [LC_NUMERIC] => ja_JP.utf8
    [OLDPWD] => /var/www/html/result
    [PHP_SELF] => /var/www/cgi-bin/kendo-realtime/src/wsServer.php
    [SCRIPT_NAME] => /var/www/cgi-bin/kendo-realtime/src/wsServer.php
    [SCRIPT_FILENAME] => /var/www/cgi-bin/kendo-realtime/src/wsServer.php
    [PATH_TRANSLATED] => /var/www/cgi-bin/kendo-realtime/src/wsServer.php
    [DOCUMENT_ROOT] => 
    [REQUEST_TIME_FLOAT] => 1768686442.0477
    [REQUEST_TIME] => 1768686442
    [argv] => Array
        (
            [0] => /var/www/cgi-bin/kendo-realtime/src/wsServer.php
        )

    [argc] => 1
)

msg:New Connection (224:0)

[2026/01/18 15:37:49]--------------------------------------------------
server:Array
(
    [SHELL] => /bin/bash
    [HISTCONTROL] => ignoredups
    [HOSTNAME] => kn-macbookair
    [HISTSIZE] => 1000
    [LC_ADDRESS] => ja_JP.utf8
    [LC_NAME] => ja_JP.utf8
    [LC_MONETARY] => ja_JP.utf8
    [GPG_TTY] => /dev/pts/1
    [EDITOR] => /usr/bin/nano
    [PWD] => /var/www/cgi-bin
    [LOGNAME] => kn
    [XDG_SESSION_TYPE] => tty
    [_] => /usr/bin/nohup
    [MOTD_SHOWN] => pam
    [HOME] => /home/kn
    [SSH_ASKPASS] => /usr/bin/ksshaskpass
    [LANG] => ja_JP.utf8
    [LC_PAPER] => ja_JP.utf8
    [LS_COLORS] => rs=0:di=01;34:ln=01;36:mh=00:pi=40;33:so=01;35:do=01;35:bd=40;33;01:cd=40;33;01:or=40;31;01:mi=01;37;41:su=37;41:sg=30;43:ca=00:tw=30;42:ow=34;42:st=37;44:ex=01;32:*.7z=01;31:*.ace=01;31:*.alz=01;31:*.apk=01;31:*.arc=01;31:*.arj=01;31:*.bz=01;31:*.bz2=01;31:*.cab=01;31:*.cpio=01;31:*.crate=01;31:*.deb=01;31:*.drpm=01;31:*.dwm=01;31:*.dz=01;31:*.ear=01;31:*.egg=01;31:*.esd=01;31:*.gz=01;31:*.jar=01;31:*.lha=01;31:*.lrz=01;31:*.lz=01;31:*.lz4=01;31:*.lzh=01;31:*.lzma=01;31:*.lzo=01;31:*.pyz=01;31:*.rar=01;31:*.rpm=01;31:*.rz=01;31:*.sar=01;31:*.swm=01;31:*.t7z=01;31:*.tar=01;31:*.taz=01;31:*.tbz=01;31:*.tbz2=01;31:*.tgz=01;31:*.tlz=01;31:*.txz=01;31:*.tz=01;31:*.tzo=01;31:*.tzst=01;31:*.udeb=01;31:*.war=01;31:*.whl=01;31:*.wim=01;31:*.xz=01;31:*.z=01;31:*.zip=01;31:*.zoo=01;31:*.zst=01;31:*.avif=01;35:*.jpg=01;35:*.jpeg=01;35:*.mjpg=01;35:*.mjpeg=01;35:*.gif=01;35:*.bmp=01;35:*.pbm=01;35:*.pgm=01;35:*.ppm=01;35:*.tga=01;35:*.xbm=01;35:*.xpm=01;35:*.tif=01;35:*.tiff=01;35:*.png=01;35:*.svg=01;35:*.svgz=01;35:*.mng=01;35:*.pcx=01;35:*.mov=01;35:*.mpg=01;35:*.mpeg=01;35:*.m2v=01;35:*.mkv=01;35:*.webm=01;35:*.webp=01;35:*.ogm=01;35:*.mp4=01;35:*.m4v=01;35:*.mp4v=01;35:*.vob=01;35:*.qt=01;35:*.nuv=01;35:*.wmv=01;35:*.asf=01;35:*.rm=01;35:*.rmvb=01;35:*.flc=01;35:*.avi=01;35:*.fli=01;35:*.flv=01;35:*.gl=01;35:*.dl=01;35:*.xcf=01;35:*.xwd=01;35:*.yuv=01;35:*.cgm=01;35:*.emf=01;35:*.ogv=01;35:*.ogx=01;35:*.aac=01;36:*.au=01;36:*.flac=01;36:*.m4a=01;36:*.mid=01;36:*.midi=01;36:*.mka=01;36:*.mp3=01;36:*.mpc=01;36:*.ogg=01;36:*.ra=01;36:*.wav=01;36:*.oga=01;36:*.opus=01;36:*.spx=01;36:*.xspf=01;36:*~=00;90:*#=00;90:*.bak=00;90:*.crdownload=00;90:*.dpkg-dist=00;90:*.dpkg-new=00;90:*.dpkg-old=00;90:*.dpkg-tmp=00;90:*.old=00;90:*.orig=00;90:*.part=00;90:*.rej=00;90:*.rpmnew=00;90:*.rpmorig=00;90:*.rpmsave=00;90:*.swp=00;90:*.tmp=00;90:*.ucf-dist=00;90:*.ucf-new=00;90:*.ucf-old=00;90:
    [SSH_CONNECTION] => 192.168.1.79 51368 192.168.1.126 22
    [MOZ_GMP_PATH] => /usr/lib64/mozilla/plugins/gmp-gmpopenh264/system-installed:/var/lib/widevine/gmp-widevinecdm/system-installed
    [XDG_SESSION_CLASS] => user
    [SELINUX_ROLE_REQUESTED] => 
    [TERM] => xterm-256color
    [LC_IDENTIFICATION] => ja_JP.utf8
    [LESSOPEN] => ||/usr/bin/lesspipe.sh %s
    [USER] => kn
    [SELINUX_USE_CURRENT_RANGE] => 
    [SHLVL] => 1
    [LC_TELEPHONE] => ja_JP.utf8
    [LC_MEASUREMENT] => ja_JP.utf8
    [XDG_SESSION_ID] => 15
    [XDG_RUNTIME_DIR] => /run/user/1000
    [SSH_CLIENT] => 192.168.1.79 51368 22
    [DEBUGINFOD_URLS] => https://debuginfod.fedoraproject.org/ 
    [LC_TIME] => ja_JP.utf8
    [DEBUGINFOD_IMA_CERT_PATH] => /etc/keys/ima:
    [KDEDIRS] => /usr
    [XDG_DATA_DIRS] => /home/kn/.local/share/flatpak/exports/share:/var/lib/flatpak/exports/share:/usr/local/share:/usr/share
    [PATH] => /home/kn/.local/bin:/home/kn/bin:/usr/local/bin:/usr/bin
    [SELINUX_LEVEL_REQUESTED] => 
    [DBUS_SESSION_BUS_ADDRESS] => unix:path=/run/user/1000/bus
    [MAIL] => /var/spool/mail/kn
    [SSH_TTY] => /dev/pts/1
    [LC_NUMERIC] => ja_JP.utf8
    [OLDPWD] => /var/www/html/result
    [PHP_SELF] => /var/www/cgi-bin/kendo-realtime/src/wsServer.php
    [SCRIPT_NAME] => /var/www/cgi-bin/kendo-realtime/src/wsServer.php
    [SCRIPT_FILENAME] => /var/www/cgi-bin/kendo-realtime/src/wsServer.php
    [PATH_TRANSLATED] => /var/www/cgi-bin/kendo-realtime/src/wsServer.php
    [DOCUMENT_ROOT] => 
    [REQUEST_TIME_FLOAT] => 1768686442.0477
    [REQUEST_TIME] => 1768686442
    [argv] => Array
        (
            [0] => /var/www/cgi-bin/kendo-realtime/src/wsServer.php
        )

    [argc] => 1
)

msg:onMessage: {"mode":1,"navi":1004,"places":[3]}

[2026/01/18 15:38:45]--------------------------------------------------
[2026/01/18 15:38:45]--------------------------------------------------
server:Array
(
    [SHELL] => /bin/bash
    [HISTCONTROL] => ignoredups
    [HOSTNAME] => kn-macbookair
    [HISTSIZE] => 1000
    [LC_ADDRESS] => ja_JP.utf8
    [LC_NAME] => ja_JP.utf8
    [LC_MONETARY] => ja_JP.utf8
    [GPG_TTY] => /dev/pts/1
    [EDITOR] => /usr/bin/nano
    [PWD] => /var/www/cgi-bin
    [LOGNAME] => kn
    [XDG_SESSION_TYPE] => tty
    [_] => /usr/bin/nohup
    [MOTD_SHOWN] => pam
    [HOME] => /home/kn
    [SSH_ASKPASS] => /usr/bin/ksshaskpass
    [LANG] => ja_JP.utf8
    [LC_PAPER] => ja_JP.utf8
    [LS_COLORS] => rs=0:di=01;34:ln=01;36:mh=00:pi=40;33:so=01;35:do=01;35:bd=40;33;01:cd=40;33;01:or=40;31;01:mi=01;37;41:su=37;41:sg=30;43:ca=00:tw=30;42:ow=34;42:st=37;44:ex=01;32:*.7z=01;31:*.ace=01;31:*.alz=01;31:*.apk=01;31:*.arc=01;31:*.arj=01;31:*.bz=01;31:*.bz2=01;31:*.cab=01;31:*.cpio=01;31:*.crate=01;31:*.deb=01;31:*.drpm=01;31:*.dwm=01;31:*.dz=01;31:*.ear=01;31:*.egg=01;31:*.esd=01;31:*.gz=01;31:*.jar=01;31:*.lha=01;31:*.lrz=01;31:*.lz=01;31:*.lz4=01;31:*.lzh=01;31:*.lzma=01;31:*.lzo=01;31:*.pyz=01;31:*.rar=01;31:*.rpm=01;31:*.rz=01;31:*.sar=01;31:*.swm=01;31:*.t7z=01;31:*.tar=01;31:*.taz=01;31:*.tbz=01;31:*.tbz2=01;31:*.tgz=01;31:*.tlz=01;31:*.txz=01;31:*.tz=01;31:*.tzo=01;31:*.tzst=01;31:*.udeb=01;31:*.war=01;31:*.whl=01;31:*.wim=01;31:*.xz=01;31:*.z=01;31:*.zip=01;31:*.zoo=01;31:*.zst=01;31:*.avif=01;35:*.jpg=01;35:*.jpeg=01;35:*.mjpg=01;35:*.mjpeg=01;35:*.gif=01;35:*.bmp=01;35:*.pbm=01;35:*.pgm=01;35:*.ppm=01;35:*.tga=01;35:*.xbm=01;35:*.xpm=01;35:*.tif=01;35:*.tiff=01;35:*.png=01;35:*.svg=01;35:*.svgz=01;35:*.mng=01;35:*.pcx=01;35:*.mov=01;35:*.mpg=01;35:*.mpeg=01;35:*.m2v=01;35:*.mkv=01;35:*.webm=01;35:*.webp=01;35:*.ogm=01;35:*.mp4=01;35:*.m4v=01;35:*.mp4v=01;35:*.vob=01;35:*.qt=01;35:*.nuv=01;35:*.wmv=01;35:*.asf=01;35:*.rm=01;35:*.rmvb=01;35:*.flc=01;35:*.avi=01;35:*.fli=01;35:*.flv=01;35:*.gl=01;35:*.dl=01;35:*.xcf=01;35:*.xwd=01;35:*.yuv=01;35:*.cgm=01;35:*.emf=01;35:*.ogv=01;35:*.ogx=01;35:*.aac=01;36:*.au=01;36:*.flac=01;36:*.m4a=01;36:*.mid=01;36:*.midi=01;36:*.mka=01;36:*.mp3=01;36:*.mpc=01;36:*.ogg=01;36:*.ra=01;36:*.wav=01;36:*.oga=01;36:*.opus=01;36:*.spx=01;36:*.xspf=01;36:*~=00;90:*#=00;90:*.bak=00;90:*.crdownload=00;90:*.dpkg-dist=00;90:*.dpkg-new=00;90:*.dpkg-old=00;90:*.dpkg-tmp=00;90:*.old=00;90:*.orig=00;90:*.part=00;90:*.rej=00;90:*.rpmnew=00;90:*.rpmorig=00;90:*.rpmsave=00;90:*.swp=00;90:*.tmp=00;90:*.ucf-dist=00;90:*.ucf-new=00;90:*.ucf-old=00;90:
    [SSH_CONNECTION] => 192.168.1.79 51368 192.168.1.126 22
    [MOZ_GMP_PATH] => /usr/lib64/mozilla/plugins/gmp-gmpopenh264/system-installed:/var/lib/widevine/gmp-widevinecdm/system-installed
    [XDG_SESSION_CLASS] => user
    [SELINUX_ROLE_REQUESTED] => 
    [TERM] => xterm-256color
    [LC_IDENTIFICATION] => ja_JP.utf8
    [LESSOPEN] => ||/usr/bin/lesspipe.sh %s
    [USER] => kn
    [SELINUX_USE_CURRENT_RANGE] => 
    [SHLVL] => 1
    [LC_TELEPHONE] => ja_JP.utf8
    [LC_MEASUREMENT] => ja_JP.utf8
    [XDG_SESSION_ID] => 15
    [XDG_RUNTIME_DIR] => /run/user/1000
    [SSH_CLIENT] => 192.168.1.79 51368 22
    [DEBUGINFOD_URLS] => https://debuginfod.fedoraproject.org/ 
    [LC_TIME] => ja_JP.utf8
    [DEBUGINFOD_IMA_CERT_PATH] => /etc/keys/ima:
    [KDEDIRS] => /usr
    [XDG_DATA_DIRS] => /home/kn/.local/share/flatpak/exports/share:/var/lib/flatpak/exports/share:/usr/local/share:/usr/share
    [PATH] => /home/kn/.local/bin:/home/kn/bin:/usr/local/bin:/usr/bin
    [SELINUX_LEVEL_REQUESTED] => 
    [DBUS_SESSION_BUS_ADDRESS] => unix:path=/run/user/1000/bus
    [MAIL] => /var/spool/mail/kn
    [SSH_TTY] => /dev/pts/1
    [LC_NUMERIC] => ja_JP.utf8
    [OLDPWD] => /var/www/html/result
    [PHP_SELF] => /var/www/cgi-bin/kendo-realtime/src/wsServer.php
    [SCRIPT_NAME] => /var/www/cgi-bin/kendo-realtime/src/wsServer.php
    [SCRIPT_FILENAME] => /var/www/cgi-bin/kendo-realtime/src/wsServer.php
    [PATH_TRANSLATED] => /var/www/cgi-bin/kendo-realtime/src/wsServer.php
    [DOCUMENT_ROOT] => 
    [REQUEST_TIME_FLOAT] => 1768686442.0477
    [REQUEST_TIME] => 1768686442
    [argv] => Array
        (
            [0] => /var/www/cgi-bin/kendo-realtime/src/wsServer.php
        )

    [argc] => 1
)

server:Array
(
    [SHELL] => /bin/bash
    [HISTCONTROL] => ignoredups
    [HOSTNAME] => kn-macbookair
    [HISTSIZE] => 1000
    [LC_ADDRESS] => ja_JP.utf8
    [LC_NAME] => ja_JP.utf8
    [LC_MONETARY] => ja_JP.utf8
    [GPG_TTY] => /dev/pts/1
    [EDITOR] => /usr/bin/nano
    [PWD] => /var/www/cgi-bin
    [LOGNAME] => kn
    [XDG_SESSION_TYPE] => tty
    [_] => /usr/bin/nohup
    [MOTD_SHOWN] => pam
    [HOME] => /home/kn
    [SSH_ASKPASS] => /usr/bin/ksshaskpass
    [LANG] => ja_JP.utf8
    [LC_PAPER] => ja_JP.utf8
    [LS_COLORS] => rs=0:di=01;34:ln=01;36:mh=00:pi=40;33:so=01;35:do=01;35:bd=40;33;01:cd=40;33;01:or=40;31;01:mi=01;37;41:su=37;41:sg=30;43:ca=00:tw=30;42:ow=34;42:st=37;44:ex=01;32:*.7z=01;31:*.ace=01;31:*.alz=01;31:*.apk=01;31:*.arc=01;31:*.arj=01;31:*.bz=01;31:*.bz2=01;31:*.cab=01;31:*.cpio=01;31:*.crate=01;31:*.deb=01;31:*.drpm=01;31:*.dwm=01;31:*.dz=01;31:*.ear=01;31:*.egg=01;31:*.esd=01;31:*.gz=01;31:*.jar=01;31:*.lha=01;31:*.lrz=01;31:*.lz=01;31:*.lz4=01;31:*.lzh=01;31:*.lzma=01;31:*.lzo=01;31:*.pyz=01;31:*.rar=01;31:*.rpm=01;31:*.rz=01;31:*.sar=01;31:*.swm=01;31:*.t7z=01;31:*.tar=01;31:*.taz=01;31:*.tbz=01;31:*.tbz2=01;31:*.tgz=01;31:*.tlz=01;31:*.txz=01;31:*.tz=01;31:*.tzo=01;31:*.tzst=01;31:*.udeb=01;31:*.war=01;31:*.whl=01;31:*.wim=01;31:*.xz=01;31:*.z=01;31:*.zip=01;31:*.zoo=01;31:*.zst=01;31:*.avif=01;35:*.jpg=01;35:*.jpeg=01;35:*.mjpg=01;35:*.mjpeg=01;35:*.gif=01;35:*.bmp=01;35:*.pbm=01;35:*.pgm=01;35:*.ppm=01;35:*.tga=01;35:*.xbm=01;35:*.xpm=01;35:*.tif=01;35:*.tiff=01;35:*.png=01;35:*.svg=01;35:*.svgz=01;35:*.mng=01;35:*.pcx=01;35:*.mov=01;35:*.mpg=01;35:*.mpeg=01;35:*.m2v=01;35:*.mkv=01;35:*.webm=01;35:*.webp=01;35:*.ogm=01;35:*.mp4=01;35:*.m4v=01;35:*.mp4v=01;35:*.vob=01;35:*.qt=01;35:*.nuv=01;35:*.wmv=01;35:*.asf=01;35:*.rm=01;35:*.rmvb=01;35:*.flc=01;35:*.avi=01;35:*.fli=01;35:*.flv=01;35:*.gl=01;35:*.dl=01;35:*.xcf=01;35:*.xwd=01;35:*.yuv=01;35:*.cgm=01;35:*.emf=01;35:*.ogv=01;35:*.ogx=01;35:*.aac=01;36:*.au=01;36:*.flac=01;36:*.m4a=01;36:*.mid=01;36:*.midi=01;36:*.mka=01;36:*.mp3=01;36:*.mpc=01;36:*.ogg=01;36:*.ra=01;36:*.wav=01;36:*.oga=01;36:*.opus=01;36:*.spx=01;36:*.xspf=01;36:*~=00;90:*#=00;90:*.bak=00;90:*.crdownload=00;90:*.dpkg-dist=00;90:*.dpkg-new=00;90:*.dpkg-old=00;90:*.dpkg-tmp=00;90:*.old=00;90:*.orig=00;90:*.part=00;90:*.rej=00;90:*.rpmnew=00;90:*.rpmorig=00;90:*.rpmsave=00;90:*.swp=00;90:*.tmp=00;90:*.ucf-dist=00;90:*.ucf-new=00;90:*.ucf-old=00;90:
    [SSH_CONNECTION] => 192.168.1.79 51368 192.168.1.126 22
    [MOZ_GMP_PATH] => /usr/lib64/mozilla/plugins/gmp-gmpopenh264/system-installed:/var/lib/widevine/gmp-widevinecdm/system-installed
    [XDG_SESSION_CLASS] => user
    [SELINUX_ROLE_REQUESTED] => 
    [TERM] => xterm-256color
    [LC_IDENTIFICATION] => ja_JP.utf8
    [LESSOPEN] => ||/usr/bin/lesspipe.sh %s
    [USER] => kn
    [SELINUX_USE_CURRENT_RANGE] => 
    [SHLVL] => 1
    [LC_TELEPHONE] => ja_JP.utf8
    [LC_MEASUREMENT] => ja_JP.utf8
    [XDG_SESSION_ID] => 15
    [XDG_RUNTIME_DIR] => /run/user/1000
    [SSH_CLIENT] => 192.168.1.79 51368 22
    [DEBUGINFOD_URLS] => https://debuginfod.fedoraproject.org/ 
    [LC_TIME] => ja_JP.utf8
    [DEBUGINFOD_IMA_CERT_PATH] => /etc/keys/ima:
    [KDEDIRS] => /usr
    [XDG_DATA_DIRS] => /home/kn/.local/share/flatpak/exports/share:/var/lib/flatpak/exports/share:/usr/local/share:/usr/share
    [PATH] => /home/kn/.local/bin:/home/kn/bin:/usr/local/bin:/usr/bin
    [SELINUX_LEVEL_REQUESTED] => 
    [DBUS_SESSION_BUS_ADDRESS] => unix:path=/run/user/1000/bus
    [MAIL] => /var/spool/mail/kn
    [SSH_TTY] => /dev/pts/1
    [LC_NUMERIC] => ja_JP.utf8
    [OLDPWD] => /var/www/html/result
    [PHP_SELF] => /var/www/cgi-bin/kendo-realtime/src/ws2Server.php
    [SCRIPT_NAME] => /var/www/cgi-bin/kendo-realtime/src/ws2Server.php
    [SCRIPT_FILENAME] => /var/www/cgi-bin/kendo-realtime/src/ws2Server.php
    [PATH_TRANSLATED] => /var/www/cgi-bin/kendo-realtime/src/ws2Server.php
    [DOCUMENT_ROOT] => 
    [REQUEST_TIME_FLOAT] => 1768686442.0333
    [REQUEST_TIME] => 1768686442
    [argv] => Array
        (
            [0] => /var/www/cgi-bin/kendo-realtime/src/ws2Server.php
        )

    [argc] => 1
)

msg:onCommand: 1,1004

msg:onCommand: 1,1004

[2026/01/18 15:41:56]--------------------------------------------------
server:Array
(
    [SHELL] => /bin/bash
    [HISTCONTROL] => ignoredups
    [HOSTNAME] => kn-macbookair
    [HISTSIZE] => 1000
    [LC_ADDRESS] => ja_JP.utf8
    [LC_NAME] => ja_JP.utf8
    [LC_MONETARY] => ja_JP.utf8
    [GPG_TTY] => /dev/pts/1
    [EDITOR] => /usr/bin/nano
    [PWD] => /var/www/cgi-bin
    [LOGNAME] => kn
    [XDG_SESSION_TYPE] => tty
    [_] => /usr/bin/nohup
    [MOTD_SHOWN] => pam
    [HOME] => /home/kn
    [SSH_ASKPASS] => /usr/bin/ksshaskpass
    [LANG] => ja_JP.utf8
    [LC_PAPER] => ja_JP.utf8
    [LS_COLORS] => rs=0:di=01;34:ln=01;36:mh=00:pi=40;33:so=01;35:do=01;35:bd=40;33;01:cd=40;33;01:or=40;31;01:mi=01;37;41:su=37;41:sg=30;43:ca=00:tw=30;42:ow=34;42:st=37;44:ex=01;32:*.7z=01;31:*.ace=01;31:*.alz=01;31:*.apk=01;31:*.arc=01;31:*.arj=01;31:*.bz=01;31:*.bz2=01;31:*.cab=01;31:*.cpio=01;31:*.crate=01;31:*.deb=01;31:*.drpm=01;31:*.dwm=01;31:*.dz=01;31:*.ear=01;31:*.egg=01;31:*.esd=01;31:*.gz=01;31:*.jar=01;31:*.lha=01;31:*.lrz=01;31:*.lz=01;31:*.lz4=01;31:*.lzh=01;31:*.lzma=01;31:*.lzo=01;31:*.pyz=01;31:*.rar=01;31:*.rpm=01;31:*.rz=01;31:*.sar=01;31:*.swm=01;31:*.t7z=01;31:*.tar=01;31:*.taz=01;31:*.tbz=01;31:*.tbz2=01;31:*.tgz=01;31:*.tlz=01;31:*.txz=01;31:*.tz=01;31:*.tzo=01;31:*.tzst=01;31:*.udeb=01;31:*.war=01;31:*.whl=01;31:*.wim=01;31:*.xz=01;31:*.z=01;31:*.zip=01;31:*.zoo=01;31:*.zst=01;31:*.avif=01;35:*.jpg=01;35:*.jpeg=01;35:*.mjpg=01;35:*.mjpeg=01;35:*.gif=01;35:*.bmp=01;35:*.pbm=01;35:*.pgm=01;35:*.ppm=01;35:*.tga=01;35:*.xbm=01;35:*.xpm=01;35:*.tif=01;35:*.tiff=01;35:*.png=01;35:*.svg=01;35:*.svgz=01;35:*.mng=01;35:*.pcx=01;35:*.mov=01;35:*.mpg=01;35:*.mpeg=01;35:*.m2v=01;35:*.mkv=01;35:*.webm=01;35:*.webp=01;35:*.ogm=01;35:*.mp4=01;35:*.m4v=01;35:*.mp4v=01;35:*.vob=01;35:*.qt=01;35:*.nuv=01;35:*.wmv=01;35:*.asf=01;35:*.rm=01;35:*.rmvb=01;35:*.flc=01;35:*.avi=01;35:*.fli=01;35:*.flv=01;35:*.gl=01;35:*.dl=01;35:*.xcf=01;35:*.xwd=01;35:*.yuv=01;35:*.cgm=01;35:*.emf=01;35:*.ogv=01;35:*.ogx=01;35:*.aac=01;36:*.au=01;36:*.flac=01;36:*.m4a=01;36:*.mid=01;36:*.midi=01;36:*.mka=01;36:*.mp3=01;36:*.mpc=01;36:*.ogg=01;36:*.ra=01;36:*.wav=01;36:*.oga=01;36:*.opus=01;36:*.spx=01;36:*.xspf=01;36:*~=00;90:*#=00;90:*.bak=00;90:*.crdownload=00;90:*.dpkg-dist=00;90:*.dpkg-new=00;90:*.dpkg-old=00;90:*.dpkg-tmp=00;90:*.old=00;90:*.orig=00;90:*.part=00;90:*.rej=00;90:*.rpmnew=00;90:*.rpmorig=00;90:*.rpmsave=00;90:*.swp=00;90:*.tmp=00;90:*.ucf-dist=00;90:*.ucf-new=00;90:*.ucf-old=00;90:
    [SSH_CONNECTION] => 192.168.1.79 51368 192.168.1.126 22
    [MOZ_GMP_PATH] => /usr/lib64/mozilla/plugins/gmp-gmpopenh264/system-installed:/var/lib/widevine/gmp-widevinecdm/system-installed
    [XDG_SESSION_CLASS] => user
    [SELINUX_ROLE_REQUESTED] => 
    [TERM] => xterm-256color
    [LC_IDENTIFICATION] => ja_JP.utf8
    [LESSOPEN] => ||/usr/bin/lesspipe.sh %s
    [USER] => kn
    [SELINUX_USE_CURRENT_RANGE] => 
    [SHLVL] => 1
    [LC_TELEPHONE] => ja_JP.utf8
    [LC_MEASUREMENT] => ja_JP.utf8
    [XDG_SESSION_ID] => 15
    [XDG_RUNTIME_DIR] => /run/user/1000
    [SSH_CLIENT] => 192.168.1.79 51368 22
    [DEBUGINFOD_URLS] => https://debuginfod.fedoraproject.org/ 
    [LC_TIME] => ja_JP.utf8
    [DEBUGINFOD_IMA_CERT_PATH] => /etc/keys/ima:
    [KDEDIRS] => /usr
    [XDG_DATA_DIRS] => /home/kn/.local/share/flatpak/exports/share:/var/lib/flatpak/exports/share:/usr/local/share:/usr/share
    [PATH] => /home/kn/.local/bin:/home/kn/bin:/usr/local/bin:/usr/bin
    [SELINUX_LEVEL_REQUESTED] => 
    [DBUS_SESSION_BUS_ADDRESS] => unix:path=/run/user/1000/bus
    [MAIL] => /var/spool/mail/kn
    [SSH_TTY] => /dev/pts/1
    [LC_NUMERIC] => ja_JP.utf8
    [OLDPWD] => /var/www/html/result
    [PHP_SELF] => /var/www/cgi-bin/kendo-realtime/src/wsServer.php
    [SCRIPT_NAME] => /var/www/cgi-bin/kendo-realtime/src/wsServer.php
    [SCRIPT_FILENAME] => /var/www/cgi-bin/kendo-realtime/src/wsServer.php
    [PATH_TRANSLATED] => /var/www/cgi-bin/kendo-realtime/src/wsServer.php
    [DOCUMENT_ROOT] => 
    [REQUEST_TIME_FLOAT] => 1768686442.0477
    [REQUEST_TIME] => 1768686442
    [argv] => Array
        (
            [0] => /var/www/cgi-bin/kendo-realtime/src/wsServer.php
        )

    [argc] => 1
)

msg:onCommand: 1,1004

[2026/01/18 15:41:56]--------------------------------------------------
server:Array
(
    [SHELL] => /bin/bash
    [HISTCONTROL] => ignoredups
    [HOSTNAME] => kn-macbookair
    [HISTSIZE] => 1000
    [LC_ADDRESS] => ja_JP.utf8
    [LC_NAME] => ja_JP.utf8
    [LC_MONETARY] => ja_JP.utf8
    [GPG_TTY] => /dev/pts/1
    [EDITOR] => /usr/bin/nano
    [PWD] => /var/www/cgi-bin
    [LOGNAME] => kn
    [XDG_SESSION_TYPE] => tty
    [_] => /usr/bin/nohup
    [MOTD_SHOWN] => pam
    [HOME] => /home/kn
    [SSH_ASKPASS] => /usr/bin/ksshaskpass
    [LANG] => ja_JP.utf8
    [LC_PAPER] => ja_JP.utf8
    [LS_COLORS] => rs=0:di=01;34:ln=01;36:mh=00:pi=40;33:so=01;35:do=01;35:bd=40;33;01:cd=40;33;01:or=40;31;01:mi=01;37;41:su=37;41:sg=30;43:ca=00:tw=30;42:ow=34;42:st=37;44:ex=01;32:*.7z=01;31:*.ace=01;31:*.alz=01;31:*.apk=01;31:*.arc=01;31:*.arj=01;31:*.bz=01;31:*.bz2=01;31:*.cab=01;31:*.cpio=01;31:*.crate=01;31:*.deb=01;31:*.drpm=01;31:*.dwm=01;31:*.dz=01;31:*.ear=01;31:*.egg=01;31:*.esd=01;31:*.gz=01;31:*.jar=01;31:*.lha=01;31:*.lrz=01;31:*.lz=01;31:*.lz4=01;31:*.lzh=01;31:*.lzma=01;31:*.lzo=01;31:*.pyz=01;31:*.rar=01;31:*.rpm=01;31:*.rz=01;31:*.sar=01;31:*.swm=01;31:*.t7z=01;31:*.tar=01;31:*.taz=01;31:*.tbz=01;31:*.tbz2=01;31:*.tgz=01;31:*.tlz=01;31:*.txz=01;31:*.tz=01;31:*.tzo=01;31:*.tzst=01;31:*.udeb=01;31:*.war=01;31:*.whl=01;31:*.wim=01;31:*.xz=01;31:*.z=01;31:*.zip=01;31:*.zoo=01;31:*.zst=01;31:*.avif=01;35:*.jpg=01;35:*.jpeg=01;35:*.mjpg=01;35:*.mjpeg=01;35:*.gif=01;35:*.bmp=01;35:*.pbm=01;35:*.pgm=01;35:*.ppm=01;35:*.tga=01;35:*.xbm=01;35:*.xpm=01;35:*.tif=01;35:*.tiff=01;35:*.png=01;35:*.svg=01;35:*.svgz=01;35:*.mng=01;35:*.pcx=01;35:*.mov=01;35:*.mpg=01;35:*.mpeg=01;35:*.m2v=01;35:*.mkv=01;35:*.webm=01;35:*.webp=01;35:*.ogm=01;35:*.mp4=01;35:*.m4v=01;35:*.mp4v=01;35:*.vob=01;35:*.qt=01;35:*.nuv=01;35:*.wmv=01;35:*.asf=01;35:*.rm=01;35:*.rmvb=01;35:*.flc=01;35:*.avi=01;35:*.fli=01;35:*.flv=01;35:*.gl=01;35:*.dl=01;35:*.xcf=01;35:*.xwd=01;35:*.yuv=01;35:*.cgm=01;35:*.emf=01;35:*.ogv=01;35:*.ogx=01;35:*.aac=01;36:*.au=01;36:*.flac=01;36:*.m4a=01;36:*.mid=01;36:*.midi=01;36:*.mka=01;36:*.mp3=01;36:*.mpc=01;36:*.ogg=01;36:*.ra=01;36:*.wav=01;36:*.oga=01;36:*.opus=01;36:*.spx=01;36:*.xspf=01;36:*~=00;90:*#=00;90:*.bak=00;90:*.crdownload=00;90:*.dpkg-dist=00;90:*.dpkg-new=00;90:*.dpkg-old=00;90:*.dpkg-tmp=00;90:*.old=00;90:*.orig=00;90:*.part=00;90:*.rej=00;90:*.rpmnew=00;90:*.rpmorig=00;90:*.rpmsave=00;90:*.swp=00;90:*.tmp=00;90:*.ucf-dist=00;90:*.ucf-new=00;90:*.ucf-old=00;90:
    [SSH_CONNECTION] => 192.168.1.79 51368 192.168.1.126 22
    [MOZ_GMP_PATH] => /usr/lib64/mozilla/plugins/gmp-gmpopenh264/system-installed:/var/lib/widevine/gmp-widevinecdm/system-installed
    [XDG_SESSION_CLASS] => user
    [SELINUX_ROLE_REQUESTED] => 
    [TERM] => xterm-256color
    [LC_IDENTIFICATION] => ja_JP.utf8
    [LESSOPEN] => ||/usr/bin/lesspipe.sh %s
    [USER] => kn
    [SELINUX_USE_CURRENT_RANGE] => 
    [SHLVL] => 1
    [LC_TELEPHONE] => ja_JP.utf8
    [LC_MEASUREMENT] => ja_JP.utf8
    [XDG_SESSION_ID] => 15
    [XDG_RUNTIME_DIR] => /run/user/1000
    [SSH_CLIENT] => 192.168.1.79 51368 22
    [DEBUGINFOD_URLS] => https://debuginfod.fedoraproject.org/ 
    [LC_TIME] => ja_JP.utf8
    [DEBUGINFOD_IMA_CERT_PATH] => /etc/keys/ima:
    [KDEDIRS] => /usr
    [XDG_DATA_DIRS] => /home/kn/.local/share/flatpak/exports/share:/var/lib/flatpak/exports/share:/usr/local/share:/usr/share
    [PATH] => /home/kn/.local/bin:/home/kn/bin:/usr/local/bin:/usr/bin
    [SELINUX_LEVEL_REQUESTED] => 
    [DBUS_SESSION_BUS_ADDRESS] => unix:path=/run/user/1000/bus
    [MAIL] => /var/spool/mail/kn
    [SSH_TTY] => /dev/pts/1
    [LC_NUMERIC] => ja_JP.utf8
    [OLDPWD] => /var/www/html/result
    [PHP_SELF] => /var/www/cgi-bin/kendo-realtime/src/ws2Server.php
    [SCRIPT_NAME] => /var/www/cgi-bin/kendo-realtime/src/ws2Server.php
    [SCRIPT_FILENAME] => /var/www/cgi-bin/kendo-realtime/src/ws2Server.php
    [PATH_TRANSLATED] => /var/www/cgi-bin/kendo-realtime/src/ws2Server.php
    [DOCUMENT_ROOT] => 
    [REQUEST_TIME_FLOAT] => 1768686442.0333
    [REQUEST_TIME] => 1768686442
    [argv] => Array
        (
            [0] => /var/www/cgi-bin/kendo-realtime/src/ws2Server.php
        )

    [argc] => 1
)

msg:onCommand: 1,1004

[2026/01/18 15:41:59]--------------------------------------------------
server:Array
(
    [SHELL] => /bin/bash
    [HISTCONTROL] => ignoredups
    [HOSTNAME] => kn-macbookair
    [HISTSIZE] => 1000
    [LC_ADDRESS] => ja_JP.utf8
    [LC_NAME] => ja_JP.utf8
    [LC_MONETARY] => ja_JP.utf8
    [GPG_TTY] => /dev/pts/1
    [EDITOR] => /usr/bin/nano
    [PWD] => /var/www/cgi-bin
    [LOGNAME] => kn
    [XDG_SESSION_TYPE] => tty
    [_] => /usr/bin/nohup
    [MOTD_SHOWN] => pam
    [HOME] => /home/kn
    [SSH_ASKPASS] => /usr/bin/ksshaskpass
    [LANG] => ja_JP.utf8
    [LC_PAPER] => ja_JP.utf8
    [LS_COLORS] => rs=0:di=01;34:ln=01;36:mh=00:pi=40;33:so=01;35:do=01;35:bd=40;33;01:cd=40;33;01:or=40;31;01:mi=01;37;41:su=37;41:sg=30;43:ca=00:tw=30;42:ow=34;42:st=37;44:ex=01;32:*.7z=01;31:*.ace=01;31:*.alz=01;31:*.apk=01;31:*.arc=01;31:*.arj=01;31:*.bz=01;31:*.bz2=01;31:*.cab=01;31:*.cpio=01;31:*.crate=01;31:*.deb=01;31:*.drpm=01;31:*.dwm=01;31:*.dz=01;31:*.ear=01;31:*.egg=01;31:*.esd=01;31:*.gz=01;31:*.jar=01;31:*.lha=01;31:*.lrz=01;31:*.lz=01;31:*.lz4=01;31:*.lzh=01;31:*.lzma=01;31:*.lzo=01;31:*.pyz=01;31:*.rar=01;31:*.rpm=01;31:*.rz=01;31:*.sar=01;31:*.swm=01;31:*.t7z=01;31:*.tar=01;31:*.taz=01;31:*.tbz=01;31:*.tbz2=01;31:*.tgz=01;31:*.tlz=01;31:*.txz=01;31:*.tz=01;31:*.tzo=01;31:*.tzst=01;31:*.udeb=01;31:*.war=01;31:*.whl=01;31:*.wim=01;31:*.xz=01;31:*.z=01;31:*.zip=01;31:*.zoo=01;31:*.zst=01;31:*.avif=01;35:*.jpg=01;35:*.jpeg=01;35:*.mjpg=01;35:*.mjpeg=01;35:*.gif=01;35:*.bmp=01;35:*.pbm=01;35:*.pgm=01;35:*.ppm=01;35:*.tga=01;35:*.xbm=01;35:*.xpm=01;35:*.tif=01;35:*.tiff=01;35:*.png=01;35:*.svg=01;35:*.svgz=01;35:*.mng=01;35:*.pcx=01;35:*.mov=01;35:*.mpg=01;35:*.mpeg=01;35:*.m2v=01;35:*.mkv=01;35:*.webm=01;35:*.webp=01;35:*.ogm=01;35:*.mp4=01;35:*.m4v=01;35:*.mp4v=01;35:*.vob=01;35:*.qt=01;35:*.nuv=01;35:*.wmv=01;35:*.asf=01;35:*.rm=01;35:*.rmvb=01;35:*.flc=01;35:*.avi=01;35:*.fli=01;35:*.flv=01;35:*.gl=01;35:*.dl=01;35:*.xcf=01;35:*.xwd=01;35:*.yuv=01;35:*.cgm=01;35:*.emf=01;35:*.ogv=01;35:*.ogx=01;35:*.aac=01;36:*.au=01;36:*.flac=01;36:*.m4a=01;36:*.mid=01;36:*.midi=01;36:*.mka=01;36:*.mp3=01;36:*.mpc=01;36:*.ogg=01;36:*.ra=01;36:*.wav=01;36:*.oga=01;36:*.opus=01;36:*.spx=01;36:*.xspf=01;36:*~=00;90:*#=00;90:*.bak=00;90:*.crdownload=00;90:*.dpkg-dist=00;90:*.dpkg-new=00;90:*.dpkg-old=00;90:*.dpkg-tmp=00;90:*.old=00;90:*.orig=00;90:*.part=00;90:*.rej=00;90:*.rpmnew=00;90:*.rpmorig=00;90:*.rpmsave=00;90:*.swp=00;90:*.tmp=00;90:*.ucf-dist=00;90:*.ucf-new=00;90:*.ucf-old=00;90:
    [SSH_CONNECTION] => 192.168.1.79 51368 192.168.1.126 22
    [MOZ_GMP_PATH] => /usr/lib64/mozilla/plugins/gmp-gmpopenh264/system-installed:/var/lib/widevine/gmp-widevinecdm/system-installed
    [XDG_SESSION_CLASS] => user
    [SELINUX_ROLE_REQUESTED] => 
    [TERM] => xterm-256color
    [LC_IDENTIFICATION] => ja_JP.utf8
    [LESSOPEN] => ||/usr/bin/lesspipe.sh %s
    [USER] => kn
    [SELINUX_USE_CURRENT_RANGE] => 
    [SHLVL] => 1
    [LC_TELEPHONE] => ja_JP.utf8
    [LC_MEASUREMENT] => ja_JP.utf8
    [XDG_SESSION_ID] => 15
    [XDG_RUNTIME_DIR] => /run/user/1000
    [SSH_CLIENT] => 192.168.1.79 51368 22
    [DEBUGINFOD_URLS] => https://debuginfod.fedoraproject.org/ 
    [LC_TIME] => ja_JP.utf8
    [DEBUGINFOD_IMA_CERT_PATH] => /etc/keys/ima:
    [KDEDIRS] => /usr
    [XDG_DATA_DIRS] => /home/kn/.local/share/flatpak/exports/share:/var/lib/flatpak/exports/share:/usr/local/share:/usr/share
    [PATH] => /home/kn/.local/bin:/home/kn/bin:/usr/local/bin:/usr/bin
    [SELINUX_LEVEL_REQUESTED] => 
    [DBUS_SESSION_BUS_ADDRESS] => unix:path=/run/user/1000/bus
    [MAIL] => /var/spool/mail/kn
    [SSH_TTY] => /dev/pts/1
    [LC_NUMERIC] => ja_JP.utf8
    [OLDPWD] => /var/www/html/result
    [PHP_SELF] => /var/www/cgi-bin/kendo-realtime/src/wsServer.php
    [SCRIPT_NAME] => /var/www/cgi-bin/kendo-realtime/src/wsServer.php
    [SCRIPT_FILENAME] => /var/www/cgi-bin/kendo-realtime/src/wsServer.php
    [PATH_TRANSLATED] => /var/www/cgi-bin/kendo-realtime/src/wsServer.php
    [DOCUMENT_ROOT] => 
    [REQUEST_TIME_FLOAT] => 1768686442.0477
    [REQUEST_TIME] => 1768686442
    [argv] => Array
        (
            [0] => /var/www/cgi-bin/kendo-realtime/src/wsServer.php
        )

    [argc] => 1
)

msg:New Connection (233:0)

[2026/01/18 15:41:59]--------------------------------------------------
server:Array
(
    [SHELL] => /bin/bash
    [HISTCONTROL] => ignoredups
    [HOSTNAME] => kn-macbookair
    [HISTSIZE] => 1000
    [LC_ADDRESS] => ja_JP.utf8
    [LC_NAME] => ja_JP.utf8
    [LC_MONETARY] => ja_JP.utf8
    [GPG_TTY] => /dev/pts/1
    [EDITOR] => /usr/bin/nano
    [PWD] => /var/www/cgi-bin
    [LOGNAME] => kn
    [XDG_SESSION_TYPE] => tty
    [_] => /usr/bin/nohup
    [MOTD_SHOWN] => pam
    [HOME] => /home/kn
    [SSH_ASKPASS] => /usr/bin/ksshaskpass
    [LANG] => ja_JP.utf8
    [LC_PAPER] => ja_JP.utf8
    [LS_COLORS] => rs=0:di=01;34:ln=01;36:mh=00:pi=40;33:so=01;35:do=01;35:bd=40;33;01:cd=40;33;01:or=40;31;01:mi=01;37;41:su=37;41:sg=30;43:ca=00:tw=30;42:ow=34;42:st=37;44:ex=01;32:*.7z=01;31:*.ace=01;31:*.alz=01;31:*.apk=01;31:*.arc=01;31:*.arj=01;31:*.bz=01;31:*.bz2=01;31:*.cab=01;31:*.cpio=01;31:*.crate=01;31:*.deb=01;31:*.drpm=01;31:*.dwm=01;31:*.dz=01;31:*.ear=01;31:*.egg=01;31:*.esd=01;31:*.gz=01;31:*.jar=01;31:*.lha=01;31:*.lrz=01;31:*.lz=01;31:*.lz4=01;31:*.lzh=01;31:*.lzma=01;31:*.lzo=01;31:*.pyz=01;31:*.rar=01;31:*.rpm=01;31:*.rz=01;31:*.sar=01;31:*.swm=01;31:*.t7z=01;31:*.tar=01;31:*.taz=01;31:*.tbz=01;31:*.tbz2=01;31:*.tgz=01;31:*.tlz=01;31:*.txz=01;31:*.tz=01;31:*.tzo=01;31:*.tzst=01;31:*.udeb=01;31:*.war=01;31:*.whl=01;31:*.wim=01;31:*.xz=01;31:*.z=01;31:*.zip=01;31:*.zoo=01;31:*.zst=01;31:*.avif=01;35:*.jpg=01;35:*.jpeg=01;35:*.mjpg=01;35:*.mjpeg=01;35:*.gif=01;35:*.bmp=01;35:*.pbm=01;35:*.pgm=01;35:*.ppm=01;35:*.tga=01;35:*.xbm=01;35:*.xpm=01;35:*.tif=01;35:*.tiff=01;35:*.png=01;35:*.svg=01;35:*.svgz=01;35:*.mng=01;35:*.pcx=01;35:*.mov=01;35:*.mpg=01;35:*.mpeg=01;35:*.m2v=01;35:*.mkv=01;35:*.webm=01;35:*.webp=01;35:*.ogm=01;35:*.mp4=01;35:*.m4v=01;35:*.mp4v=01;35:*.vob=01;35:*.qt=01;35:*.nuv=01;35:*.wmv=01;35:*.asf=01;35:*.rm=01;35:*.rmvb=01;35:*.flc=01;35:*.avi=01;35:*.fli=01;35:*.flv=01;35:*.gl=01;35:*.dl=01;35:*.xcf=01;35:*.xwd=01;35:*.yuv=01;35:*.cgm=01;35:*.emf=01;35:*.ogv=01;35:*.ogx=01;35:*.aac=01;36:*.au=01;36:*.flac=01;36:*.m4a=01;36:*.mid=01;36:*.midi=01;36:*.mka=01;36:*.mp3=01;36:*.mpc=01;36:*.ogg=01;36:*.ra=01;36:*.wav=01;36:*.oga=01;36:*.opus=01;36:*.spx=01;36:*.xspf=01;36:*~=00;90:*#=00;90:*.bak=00;90:*.crdownload=00;90:*.dpkg-dist=00;90:*.dpkg-new=00;90:*.dpkg-old=00;90:*.dpkg-tmp=00;90:*.old=00;90:*.orig=00;90:*.part=00;90:*.rej=00;90:*.rpmnew=00;90:*.rpmorig=00;90:*.rpmsave=00;90:*.swp=00;90:*.tmp=00;90:*.ucf-dist=00;90:*.ucf-new=00;90:*.ucf-old=00;90:
    [SSH_CONNECTION] => 192.168.1.79 51368 192.168.1.126 22
    [MOZ_GMP_PATH] => /usr/lib64/mozilla/plugins/gmp-gmpopenh264/system-installed:/var/lib/widevine/gmp-widevinecdm/system-installed
    [XDG_SESSION_CLASS] => user
    [SELINUX_ROLE_REQUESTED] => 
    [TERM] => xterm-256color
    [LC_IDENTIFICATION] => ja_JP.utf8
    [LESSOPEN] => ||/usr/bin/lesspipe.sh %s
    [USER] => kn
    [SELINUX_USE_CURRENT_RANGE] => 
    [SHLVL] => 1
    [LC_TELEPHONE] => ja_JP.utf8
    [LC_MEASUREMENT] => ja_JP.utf8
    [XDG_SESSION_ID] => 15
    [XDG_RUNTIME_DIR] => /run/user/1000
    [SSH_CLIENT] => 192.168.1.79 51368 22
    [DEBUGINFOD_URLS] => https://debuginfod.fedoraproject.org/ 
    [LC_TIME] => ja_JP.utf8
    [DEBUGINFOD_IMA_CERT_PATH] => /etc/keys/ima:
    [KDEDIRS] => /usr
    [XDG_DATA_DIRS] => /home/kn/.local/share/flatpak/exports/share:/var/lib/flatpak/exports/share:/usr/local/share:/usr/share
    [PATH] => /home/kn/.local/bin:/home/kn/bin:/usr/local/bin:/usr/bin
    [SELINUX_LEVEL_REQUESTED] => 
    [DBUS_SESSION_BUS_ADDRESS] => unix:path=/run/user/1000/bus
    [MAIL] => /var/spool/mail/kn
    [SSH_TTY] => /dev/pts/1
    [LC_NUMERIC] => ja_JP.utf8
    [OLDPWD] => /var/www/html/result
    [PHP_SELF] => /var/www/cgi-bin/kendo-realtime/src/wsServer.php
    [SCRIPT_NAME] => /var/www/cgi-bin/kendo-realtime/src/wsServer.php
    [SCRIPT_FILENAME] => /var/www/cgi-bin/kendo-realtime/src/wsServer.php
    [PATH_TRANSLATED] => /var/www/cgi-bin/kendo-realtime/src/wsServer.php
    [DOCUMENT_ROOT] => 
    [REQUEST_TIME_FLOAT] => 1768686442.0477
    [REQUEST_TIME] => 1768686442
    [argv] => Array
        (
            [0] => /var/www/cgi-bin/kendo-realtime/src/wsServer.php
        )

    [argc] => 1
)

msg:onMessage: {"mode":1,"navi":1004,"places":[5]}

[2026/01/18 15:46:22]--------------------------------------------------
server:Array
(
    [SHELL] => /bin/bash
    [HISTCONTROL] => ignoredups
    [HOSTNAME] => kn-macbookair
    [HISTSIZE] => 1000
    [LC_ADDRESS] => ja_JP.utf8
    [LC_NAME] => ja_JP.utf8
    [LC_MONETARY] => ja_JP.utf8
    [GPG_TTY] => /dev/pts/1
    [EDITOR] => /usr/bin/nano
    [PWD] => /var/www/cgi-bin
    [LOGNAME] => kn
    [XDG_SESSION_TYPE] => tty
    [_] => /usr/bin/nohup
    [MOTD_SHOWN] => pam
    [HOME] => /home/kn
    [SSH_ASKPASS] => /usr/bin/ksshaskpass
    [LANG] => ja_JP.utf8
    [LC_PAPER] => ja_JP.utf8
    [LS_COLORS] => rs=0:di=01;34:ln=01;36:mh=00:pi=40;33:so=01;35:do=01;35:bd=40;33;01:cd=40;33;01:or=40;31;01:mi=01;37;41:su=37;41:sg=30;43:ca=00:tw=30;42:ow=34;42:st=37;44:ex=01;32:*.7z=01;31:*.ace=01;31:*.alz=01;31:*.apk=01;31:*.arc=01;31:*.arj=01;31:*.bz=01;31:*.bz2=01;31:*.cab=01;31:*.cpio=01;31:*.crate=01;31:*.deb=01;31:*.drpm=01;31:*.dwm=01;31:*.dz=01;31:*.ear=01;31:*.egg=01;31:*.esd=01;31:*.gz=01;31:*.jar=01;31:*.lha=01;31:*.lrz=01;31:*.lz=01;31:*.lz4=01;31:*.lzh=01;31:*.lzma=01;31:*.lzo=01;31:*.pyz=01;31:*.rar=01;31:*.rpm=01;31:*.rz=01;31:*.sar=01;31:*.swm=01;31:*.t7z=01;31:*.tar=01;31:*.taz=01;31:*.tbz=01;31:*.tbz2=01;31:*.tgz=01;31:*.tlz=01;31:*.txz=01;31:*.tz=01;31:*.tzo=01;31:*.tzst=01;31:*.udeb=01;31:*.war=01;31:*.whl=01;31:*.wim=01;31:*.xz=01;31:*.z=01;31:*.zip=01;31:*.zoo=01;31:*.zst=01;31:*.avif=01;35:*.jpg=01;35:*.jpeg=01;35:*.mjpg=01;35:*.mjpeg=01;35:*.gif=01;35:*.bmp=01;35:*.pbm=01;35:*.pgm=01;35:*.ppm=01;35:*.tga=01;35:*.xbm=01;35:*.xpm=01;35:*.tif=01;35:*.tiff=01;35:*.png=01;35:*.svg=01;35:*.svgz=01;35:*.mng=01;35:*.pcx=01;35:*.mov=01;35:*.mpg=01;35:*.mpeg=01;35:*.m2v=01;35:*.mkv=01;35:*.webm=01;35:*.webp=01;35:*.ogm=01;35:*.mp4=01;35:*.m4v=01;35:*.mp4v=01;35:*.vob=01;35:*.qt=01;35:*.nuv=01;35:*.wmv=01;35:*.asf=01;35:*.rm=01;35:*.rmvb=01;35:*.flc=01;35:*.avi=01;35:*.fli=01;35:*.flv=01;35:*.gl=01;35:*.dl=01;35:*.xcf=01;35:*.xwd=01;35:*.yuv=01;35:*.cgm=01;35:*.emf=01;35:*.ogv=01;35:*.ogx=01;35:*.aac=01;36:*.au=01;36:*.flac=01;36:*.m4a=01;36:*.mid=01;36:*.midi=01;36:*.mka=01;36:*.mp3=01;36:*.mpc=01;36:*.ogg=01;36:*.ra=01;36:*.wav=01;36:*.oga=01;36:*.opus=01;36:*.spx=01;36:*.xspf=01;36:*~=00;90:*#=00;90:*.bak=00;90:*.crdownload=00;90:*.dpkg-dist=00;90:*.dpkg-new=00;90:*.dpkg-old=00;90:*.dpkg-tmp=00;90:*.old=00;90:*.orig=00;90:*.part=00;90:*.rej=00;90:*.rpmnew=00;90:*.rpmorig=00;90:*.rpmsave=00;90:*.swp=00;90:*.tmp=00;90:*.ucf-dist=00;90:*.ucf-new=00;90:*.ucf-old=00;90:
    [SSH_CONNECTION] => 192.168.1.79 51368 192.168.1.126 22
    [MOZ_GMP_PATH] => /usr/lib64/mozilla/plugins/gmp-gmpopenh264/system-installed:/var/lib/widevine/gmp-widevinecdm/system-installed
    [XDG_SESSION_CLASS] => user
    [SELINUX_ROLE_REQUESTED] => 
    [TERM] => xterm-256color
    [LC_IDENTIFICATION] => ja_JP.utf8
    [LESSOPEN] => ||/usr/bin/lesspipe.sh %s
    [USER] => kn
    [SELINUX_USE_CURRENT_RANGE] => 
    [SHLVL] => 1
    [LC_TELEPHONE] => ja_JP.utf8
    [LC_MEASUREMENT] => ja_JP.utf8
    [XDG_SESSION_ID] => 15
    [XDG_RUNTIME_DIR] => /run/user/1000
    [SSH_CLIENT] => 192.168.1.79 51368 22
    [DEBUGINFOD_URLS] => https://debuginfod.fedoraproject.org/ 
    [LC_TIME] => ja_JP.utf8
    [DEBUGINFOD_IMA_CERT_PATH] => /etc/keys/ima:
    [KDEDIRS] => /usr
    [XDG_DATA_DIRS] => /home/kn/.local/share/flatpak/exports/share:/var/lib/flatpak/exports/share:/usr/local/share:/usr/share
    [PATH] => /home/kn/.local/bin:/home/kn/bin:/usr/local/bin:/usr/bin
    [SELINUX_LEVEL_REQUESTED] => 
    [DBUS_SESSION_BUS_ADDRESS] => unix:path=/run/user/1000/bus
    [MAIL] => /var/spool/mail/kn
    [SSH_TTY] => /dev/pts/1
    [LC_NUMERIC] => ja_JP.utf8
    [OLDPWD] => /var/www/html/result
    [PHP_SELF] => /var/www/cgi-bin/kendo-realtime/src/wsServer.php
    [SCRIPT_NAME] => /var/www/cgi-bin/kendo-realtime/src/wsServer.php
    [SCRIPT_FILENAME] => /var/www/cgi-bin/kendo-realtime/src/wsServer.php
    [PATH_TRANSLATED] => /var/www/cgi-bin/kendo-realtime/src/wsServer.php
    [DOCUMENT_ROOT] => 
    [REQUEST_TIME_FLOAT] => 1768686442.0477
    [REQUEST_TIME] => 1768686442
    [argv] => Array
        (
            [0] => /var/www/cgi-bin/kendo-realtime/src/wsServer.php
        )

    [argc] => 1
)

msg:New Connection (239:0)

[2026/01/18 15:46:22]--------------------------------------------------
server:Array
(
    [SHELL] => /bin/bash
    [HISTCONTROL] => ignoredups
    [HOSTNAME] => kn-macbookair
    [HISTSIZE] => 1000
    [LC_ADDRESS] => ja_JP.utf8
    [LC_NAME] => ja_JP.utf8
    [LC_MONETARY] => ja_JP.utf8
    [GPG_TTY] => /dev/pts/1
    [EDITOR] => /usr/bin/nano
    [PWD] => /var/www/cgi-bin
    [LOGNAME] => kn
    [XDG_SESSION_TYPE] => tty
    [_] => /usr/bin/nohup
    [MOTD_SHOWN] => pam
    [HOME] => /home/kn
    [SSH_ASKPASS] => /usr/bin/ksshaskpass
    [LANG] => ja_JP.utf8
    [LC_PAPER] => ja_JP.utf8
    [LS_COLORS] => rs=0:di=01;34:ln=01;36:mh=00:pi=40;33:so=01;35:do=01;35:bd=40;33;01:cd=40;33;01:or=40;31;01:mi=01;37;41:su=37;41:sg=30;43:ca=00:tw=30;42:ow=34;42:st=37;44:ex=01;32:*.7z=01;31:*.ace=01;31:*.alz=01;31:*.apk=01;31:*.arc=01;31:*.arj=01;31:*.bz=01;31:*.bz2=01;31:*.cab=01;31:*.cpio=01;31:*.crate=01;31:*.deb=01;31:*.drpm=01;31:*.dwm=01;31:*.dz=01;31:*.ear=01;31:*.egg=01;31:*.esd=01;31:*.gz=01;31:*.jar=01;31:*.lha=01;31:*.lrz=01;31:*.lz=01;31:*.lz4=01;31:*.lzh=01;31:*.lzma=01;31:*.lzo=01;31:*.pyz=01;31:*.rar=01;31:*.rpm=01;31:*.rz=01;31:*.sar=01;31:*.swm=01;31:*.t7z=01;31:*.tar=01;31:*.taz=01;31:*.tbz=01;31:*.tbz2=01;31:*.tgz=01;31:*.tlz=01;31:*.txz=01;31:*.tz=01;31:*.tzo=01;31:*.tzst=01;31:*.udeb=01;31:*.war=01;31:*.whl=01;31:*.wim=01;31:*.xz=01;31:*.z=01;31:*.zip=01;31:*.zoo=01;31:*.zst=01;31:*.avif=01;35:*.jpg=01;35:*.jpeg=01;35:*.mjpg=01;35:*.mjpeg=01;35:*.gif=01;35:*.bmp=01;35:*.pbm=01;35:*.pgm=01;35:*.ppm=01;35:*.tga=01;35:*.xbm=01;35:*.xpm=01;35:*.tif=01;35:*.tiff=01;35:*.png=01;35:*.svg=01;35:*.svgz=01;35:*.mng=01;35:*.pcx=01;35:*.mov=01;35:*.mpg=01;35:*.mpeg=01;35:*.m2v=01;35:*.mkv=01;35:*.webm=01;35:*.webp=01;35:*.ogm=01;35:*.mp4=01;35:*.m4v=01;35:*.mp4v=01;35:*.vob=01;35:*.qt=01;35:*.nuv=01;35:*.wmv=01;35:*.asf=01;35:*.rm=01;35:*.rmvb=01;35:*.flc=01;35:*.avi=01;35:*.fli=01;35:*.flv=01;35:*.gl=01;35:*.dl=01;35:*.xcf=01;35:*.xwd=01;35:*.yuv=01;35:*.cgm=01;35:*.emf=01;35:*.ogv=01;35:*.ogx=01;35:*.aac=01;36:*.au=01;36:*.flac=01;36:*.m4a=01;36:*.mid=01;36:*.midi=01;36:*.mka=01;36:*.mp3=01;36:*.mpc=01;36:*.ogg=01;36:*.ra=01;36:*.wav=01;36:*.oga=01;36:*.opus=01;36:*.spx=01;36:*.xspf=01;36:*~=00;90:*#=00;90:*.bak=00;90:*.crdownload=00;90:*.dpkg-dist=00;90:*.dpkg-new=00;90:*.dpkg-old=00;90:*.dpkg-tmp=00;90:*.old=00;90:*.orig=00;90:*.part=00;90:*.rej=00;90:*.rpmnew=00;90:*.rpmorig=00;90:*.rpmsave=00;90:*.swp=00;90:*.tmp=00;90:*.ucf-dist=00;90:*.ucf-new=00;90:*.ucf-old=00;90:
    [SSH_CONNECTION] => 192.168.1.79 51368 192.168.1.126 22
    [MOZ_GMP_PATH] => /usr/lib64/mozilla/plugins/gmp-gmpopenh264/system-installed:/var/lib/widevine/gmp-widevinecdm/system-installed
    [XDG_SESSION_CLASS] => user
    [SELINUX_ROLE_REQUESTED] => 
    [TERM] => xterm-256color
    [LC_IDENTIFICATION] => ja_JP.utf8
    [LESSOPEN] => ||/usr/bin/lesspipe.sh %s
    [USER] => kn
    [SELINUX_USE_CURRENT_RANGE] => 
    [SHLVL] => 1
    [LC_TELEPHONE] => ja_JP.utf8
    [LC_MEASUREMENT] => ja_JP.utf8
    [XDG_SESSION_ID] => 15
    [XDG_RUNTIME_DIR] => /run/user/1000
    [SSH_CLIENT] => 192.168.1.79 51368 22
    [DEBUGINFOD_URLS] => https://debuginfod.fedoraproject.org/ 
    [LC_TIME] => ja_JP.utf8
    [DEBUGINFOD_IMA_CERT_PATH] => /etc/keys/ima:
    [KDEDIRS] => /usr
    [XDG_DATA_DIRS] => /home/kn/.local/share/flatpak/exports/share:/var/lib/flatpak/exports/share:/usr/local/share:/usr/share
    [PATH] => /home/kn/.local/bin:/home/kn/bin:/usr/local/bin:/usr/bin
    [SELINUX_LEVEL_REQUESTED] => 
    [DBUS_SESSION_BUS_ADDRESS] => unix:path=/run/user/1000/bus
    [MAIL] => /var/spool/mail/kn
    [SSH_TTY] => /dev/pts/1
    [LC_NUMERIC] => ja_JP.utf8
    [OLDPWD] => /var/www/html/result
    [PHP_SELF] => /var/www/cgi-bin/kendo-realtime/src/wsServer.php
    [SCRIPT_NAME] => /var/www/cgi-bin/kendo-realtime/src/wsServer.php
    [SCRIPT_FILENAME] => /var/www/cgi-bin/kendo-realtime/src/wsServer.php
    [PATH_TRANSLATED] => /var/www/cgi-bin/kendo-realtime/src/wsServer.php
    [DOCUMENT_ROOT] => 
    [REQUEST_TIME_FLOAT] => 1768686442.0477
    [REQUEST_TIME] => 1768686442
    [argv] => Array
        (
            [0] => /var/www/cgi-bin/kendo-realtime/src/wsServer.php
        )

    [argc] => 1
)

msg:onMessage: {"mode":1,"navi":1004,"places":[2]}

[2026/01/18 15:47:53]--------------------------------------------------
server:Array
(
    [SHELL] => /bin/bash
    [HISTCONTROL] => ignoredups
    [HOSTNAME] => kn-macbookair
    [HISTSIZE] => 1000
    [LC_ADDRESS] => ja_JP.utf8
    [LC_NAME] => ja_JP.utf8
    [LC_MONETARY] => ja_JP.utf8
    [GPG_TTY] => /dev/pts/1
    [EDITOR] => /usr/bin/nano
    [PWD] => /var/www/cgi-bin
    [LOGNAME] => kn
    [XDG_SESSION_TYPE] => tty
    [_] => /usr/bin/nohup
    [MOTD_SHOWN] => pam
    [HOME] => /home/kn
    [SSH_ASKPASS] => /usr/bin/ksshaskpass
    [LANG] => ja_JP.utf8
    [LC_PAPER] => ja_JP.utf8
    [LS_COLORS] => rs=0:di=01;34:ln=01;36:mh=00:pi=40;33:so=01;35:do=01;35:bd=40;33;01:cd=40;33;01:or=40;31;01:mi=01;37;41:su=37;41:sg=30;43:ca=00:tw=30;42:ow=34;42:st=37;44:ex=01;32:*.7z=01;31:*.ace=01;31:*.alz=01;31:*.apk=01;31:*.arc=01;31:*.arj=01;31:*.bz=01;31:*.bz2=01;31:*.cab=01;31:*.cpio=01;31:*.crate=01;31:*.deb=01;31:*.drpm=01;31:*.dwm=01;31:*.dz=01;31:*.ear=01;31:*.egg=01;31:*.esd=01;31:*.gz=01;31:*.jar=01;31:*.lha=01;31:*.lrz=01;31:*.lz=01;31:*.lz4=01;31:*.lzh=01;31:*.lzma=01;31:*.lzo=01;31:*.pyz=01;31:*.rar=01;31:*.rpm=01;31:*.rz=01;31:*.sar=01;31:*.swm=01;31:*.t7z=01;31:*.tar=01;31:*.taz=01;31:*.tbz=01;31:*.tbz2=01;31:*.tgz=01;31:*.tlz=01;31:*.txz=01;31:*.tz=01;31:*.tzo=01;31:*.tzst=01;31:*.udeb=01;31:*.war=01;31:*.whl=01;31:*.wim=01;31:*.xz=01;31:*.z=01;31:*.zip=01;31:*.zoo=01;31:*.zst=01;31:*.avif=01;35:*.jpg=01;35:*.jpeg=01;35:*.mjpg=01;35:*.mjpeg=01;35:*.gif=01;35:*.bmp=01;35:*.pbm=01;35:*.pgm=01;35:*.ppm=01;35:*.tga=01;35:*.xbm=01;35:*.xpm=01;35:*.tif=01;35:*.tiff=01;35:*.png=01;35:*.svg=01;35:*.svgz=01;35:*.mng=01;35:*.pcx=01;35:*.mov=01;35:*.mpg=01;35:*.mpeg=01;35:*.m2v=01;35:*.mkv=01;35:*.webm=01;35:*.webp=01;35:*.ogm=01;35:*.mp4=01;35:*.m4v=01;35:*.mp4v=01;35:*.vob=01;35:*.qt=01;35:*.nuv=01;35:*.wmv=01;35:*.asf=01;35:*.rm=01;35:*.rmvb=01;35:*.flc=01;35:*.avi=01;35:*.fli=01;35:*.flv=01;35:*.gl=01;35:*.dl=01;35:*.xcf=01;35:*.xwd=01;35:*.yuv=01;35:*.cgm=01;35:*.emf=01;35:*.ogv=01;35:*.ogx=01;35:*.aac=01;36:*.au=01;36:*.flac=01;36:*.m4a=01;36:*.mid=01;36:*.midi=01;36:*.mka=01;36:*.mp3=01;36:*.mpc=01;36:*.ogg=01;36:*.ra=01;36:*.wav=01;36:*.oga=01;36:*.opus=01;36:*.spx=01;36:*.xspf=01;36:*~=00;90:*#=00;90:*.bak=00;90:*.crdownload=00;90:*.dpkg-dist=00;90:*.dpkg-new=00;90:*.dpkg-old=00;90:*.dpkg-tmp=00;90:*.old=00;90:*.orig=00;90:*.part=00;90:*.rej=00;90:*.rpmnew=00;90:*.rpmorig=00;90:*.rpmsave=00;90:*.swp=00;90:*.tmp=00;90:*.ucf-dist=00;90:*.ucf-new=00;90:*.ucf-old=00;90:
    [SSH_CONNECTION] => 192.168.1.79 51368 192.168.1.126 22
    [MOZ_GMP_PATH] => /usr/lib64/mozilla/plugins/gmp-gmpopenh264/system-installed:/var/lib/widevine/gmp-widevinecdm/system-installed
    [XDG_SESSION_CLASS] => user
    [SELINUX_ROLE_REQUESTED] => 
    [TERM] => xterm-256color
    [LC_IDENTIFICATION] => ja_JP.utf8
    [LESSOPEN] => ||/usr/bin/lesspipe.sh %s
    [USER] => kn
    [SELINUX_USE_CURRENT_RANGE] => 
    [SHLVL] => 1
    [LC_TELEPHONE] => ja_JP.utf8
    [LC_MEASUREMENT] => ja_JP.utf8
    [XDG_SESSION_ID] => 15
    [XDG_RUNTIME_DIR] => /run/user/1000
    [SSH_CLIENT] => 192.168.1.79 51368 22
    [DEBUGINFOD_URLS] => https://debuginfod.fedoraproject.org/ 
    [LC_TIME] => ja_JP.utf8
    [DEBUGINFOD_IMA_CERT_PATH] => /etc/keys/ima:
    [KDEDIRS] => /usr
    [XDG_DATA_DIRS] => /home/kn/.local/share/flatpak/exports/share:/var/lib/flatpak/exports/share:/usr/local/share:/usr/share
    [PATH] => /home/kn/.local/bin:/home/kn/bin:/usr/local/bin:/usr/bin
    [SELINUX_LEVEL_REQUESTED] => 
    [DBUS_SESSION_BUS_ADDRESS] => unix:path=/run/user/1000/bus
    [MAIL] => /var/spool/mail/kn
    [SSH_TTY] => /dev/pts/1
    [LC_NUMERIC] => ja_JP.utf8
    [OLDPWD] => /var/www/html/result
    [PHP_SELF] => /var/www/cgi-bin/kendo-realtime/src/wsServer.php
    [SCRIPT_NAME] => /var/www/cgi-bin/kendo-realtime/src/wsServer.php
    [SCRIPT_FILENAME] => /var/www/cgi-bin/kendo-realtime/src/wsServer.php
    [PATH_TRANSLATED] => /var/www/cgi-bin/kendo-realtime/src/wsServer.php
    [DOCUMENT_ROOT] => 
    [REQUEST_TIME_FLOAT] => 1768686442.0477
    [REQUEST_TIME] => 1768686442
    [argv] => Array
        (
            [0] => /var/www/cgi-bin/kendo-realtime/src/wsServer.php
        )

    [argc] => 1
)

msg:onCommand: 1,1004

[2026/01/18 15:47:53]--------------------------------------------------
server:Array
(
    [SHELL] => /bin/bash
    [HISTCONTROL] => ignoredups
    [HOSTNAME] => kn-macbookair
    [HISTSIZE] => 1000
    [LC_ADDRESS] => ja_JP.utf8
    [LC_NAME] => ja_JP.utf8
    [LC_MONETARY] => ja_JP.utf8
    [GPG_TTY] => /dev/pts/1
    [EDITOR] => /usr/bin/nano
    [PWD] => /var/www/cgi-bin
    [LOGNAME] => kn
    [XDG_SESSION_TYPE] => tty
    [_] => /usr/bin/nohup
    [MOTD_SHOWN] => pam
    [HOME] => /home/kn
    [SSH_ASKPASS] => /usr/bin/ksshaskpass
    [LANG] => ja_JP.utf8
    [LC_PAPER] => ja_JP.utf8
    [LS_COLORS] => rs=0:di=01;34:ln=01;36:mh=00:pi=40;33:so=01;35:do=01;35:bd=40;33;01:cd=40;33;01:or=40;31;01:mi=01;37;41:su=37;41:sg=30;43:ca=00:tw=30;42:ow=34;42:st=37;44:ex=01;32:*.7z=01;31:*.ace=01;31:*.alz=01;31:*.apk=01;31:*.arc=01;31:*.arj=01;31:*.bz=01;31:*.bz2=01;31:*.cab=01;31:*.cpio=01;31:*.crate=01;31:*.deb=01;31:*.drpm=01;31:*.dwm=01;31:*.dz=01;31:*.ear=01;31:*.egg=01;31:*.esd=01;31:*.gz=01;31:*.jar=01;31:*.lha=01;31:*.lrz=01;31:*.lz=01;31:*.lz4=01;31:*.lzh=01;31:*.lzma=01;31:*.lzo=01;31:*.pyz=01;31:*.rar=01;31:*.rpm=01;31:*.rz=01;31:*.sar=01;31:*.swm=01;31:*.t7z=01;31:*.tar=01;31:*.taz=01;31:*.tbz=01;31:*.tbz2=01;31:*.tgz=01;31:*.tlz=01;31:*.txz=01;31:*.tz=01;31:*.tzo=01;31:*.tzst=01;31:*.udeb=01;31:*.war=01;31:*.whl=01;31:*.wim=01;31:*.xz=01;31:*.z=01;31:*.zip=01;31:*.zoo=01;31:*.zst=01;31:*.avif=01;35:*.jpg=01;35:*.jpeg=01;35:*.mjpg=01;35:*.mjpeg=01;35:*.gif=01;35:*.bmp=01;35:*.pbm=01;35:*.pgm=01;35:*.ppm=01;35:*.tga=01;35:*.xbm=01;35:*.xpm=01;35:*.tif=01;35:*.tiff=01;35:*.png=01;35:*.svg=01;35:*.svgz=01;35:*.mng=01;35:*.pcx=01;35:*.mov=01;35:*.mpg=01;35:*.mpeg=01;35:*.m2v=01;35:*.mkv=01;35:*.webm=01;35:*.webp=01;35:*.ogm=01;35:*.mp4=01;35:*.m4v=01;35:*.mp4v=01;35:*.vob=01;35:*.qt=01;35:*.nuv=01;35:*.wmv=01;35:*.asf=01;35:*.rm=01;35:*.rmvb=01;35:*.flc=01;35:*.avi=01;35:*.fli=01;35:*.flv=01;35:*.gl=01;35:*.dl=01;35:*.xcf=01;35:*.xwd=01;35:*.yuv=01;35:*.cgm=01;35:*.emf=01;35:*.ogv=01;35:*.ogx=01;35:*.aac=01;36:*.au=01;36:*.flac=01;36:*.m4a=01;36:*.mid=01;36:*.midi=01;36:*.mka=01;36:*.mp3=01;36:*.mpc=01;36:*.ogg=01;36:*.ra=01;36:*.wav=01;36:*.oga=01;36:*.opus=01;36:*.spx=01;36:*.xspf=01;36:*~=00;90:*#=00;90:*.bak=00;90:*.crdownload=00;90:*.dpkg-dist=00;90:*.dpkg-new=00;90:*.dpkg-old=00;90:*.dpkg-tmp=00;90:*.old=00;90:*.orig=00;90:*.part=00;90:*.rej=00;90:*.rpmnew=00;90:*.rpmorig=00;90:*.rpmsave=00;90:*.swp=00;90:*.tmp=00;90:*.ucf-dist=00;90:*.ucf-new=00;90:*.ucf-old=00;90:
    [SSH_CONNECTION] => 192.168.1.79 51368 192.168.1.126 22
    [MOZ_GMP_PATH] => /usr/lib64/mozilla/plugins/gmp-gmpopenh264/system-installed:/var/lib/widevine/gmp-widevinecdm/system-installed
    [XDG_SESSION_CLASS] => user
    [SELINUX_ROLE_REQUESTED] => 
    [TERM] => xterm-256color
    [LC_IDENTIFICATION] => ja_JP.utf8
    [LESSOPEN] => ||/usr/bin/lesspipe.sh %s
    [USER] => kn
    [SELINUX_USE_CURRENT_RANGE] => 
    [SHLVL] => 1
    [LC_TELEPHONE] => ja_JP.utf8
    [LC_MEASUREMENT] => ja_JP.utf8
    [XDG_SESSION_ID] => 15
    [XDG_RUNTIME_DIR] => /run/user/1000
    [SSH_CLIENT] => 192.168.1.79 51368 22
    [DEBUGINFOD_URLS] => https://debuginfod.fedoraproject.org/ 
    [LC_TIME] => ja_JP.utf8
    [DEBUGINFOD_IMA_CERT_PATH] => /etc/keys/ima:
    [KDEDIRS] => /usr
    [XDG_DATA_DIRS] => /home/kn/.local/share/flatpak/exports/share:/var/lib/flatpak/exports/share:/usr/local/share:/usr/share
    [PATH] => /home/kn/.local/bin:/home/kn/bin:/usr/local/bin:/usr/bin
    [SELINUX_LEVEL_REQUESTED] => 
    [DBUS_SESSION_BUS_ADDRESS] => unix:path=/run/user/1000/bus
    [MAIL] => /var/spool/mail/kn
    [SSH_TTY] => /dev/pts/1
    [LC_NUMERIC] => ja_JP.utf8
    [OLDPWD] => /var/www/html/result
    [PHP_SELF] => /var/www/cgi-bin/kendo-realtime/src/ws2Server.php
    [SCRIPT_NAME] => /var/www/cgi-bin/kendo-realtime/src/ws2Server.php
    [SCRIPT_FILENAME] => /var/www/cgi-bin/kendo-realtime/src/ws2Server.php
    [PATH_TRANSLATED] => /var/www/cgi-bin/kendo-realtime/src/ws2Server.php
    [DOCUMENT_ROOT] => 
    [REQUEST_TIME_FLOAT] => 1768686442.0333
    [REQUEST_TIME] => 1768686442
    [argv] => Array
        (
            [0] => /var/www/cgi-bin/kendo-realtime/src/ws2Server.php
        )

    [argc] => 1
)

msg:onCommand: 1,1004

[2026/01/18 15:51:55]--------------------------------------------------
server:Array
(
    [SHELL] => /bin/bash
    [HISTCONTROL] => ignoredups
    [HOSTNAME] => kn-macbookair
    [HISTSIZE] => 1000
    [LC_ADDRESS] => ja_JP.utf8
    [LC_NAME] => ja_JP.utf8
    [LC_MONETARY] => ja_JP.utf8
    [GPG_TTY] => /dev/pts/1
    [EDITOR] => /usr/bin/nano
    [PWD] => /var/www/cgi-bin
    [LOGNAME] => kn
    [XDG_SESSION_TYPE] => tty
    [_] => /usr/bin/nohup
    [MOTD_SHOWN] => pam
    [HOME] => /home/kn
    [SSH_ASKPASS] => /usr/bin/ksshaskpass
    [LANG] => ja_JP.utf8
    [LC_PAPER] => ja_JP.utf8
    [LS_COLORS] => rs=0:di=01;34:ln=01;36:mh=00:pi=40;33:so=01;35:do=01;35:bd=40;33;01:cd=40;33;01:or=40;31;01:mi=01;37;41:su=37;41:sg=30;43:ca=00:tw=30;42:ow=34;42:st=37;44:ex=01;32:*.7z=01;31:*.ace=01;31:*.alz=01;31:*.apk=01;31:*.arc=01;31:*.arj=01;31:*.bz=01;31:*.bz2=01;31:*.cab=01;31:*.cpio=01;31:*.crate=01;31:*.deb=01;31:*.drpm=01;31:*.dwm=01;31:*.dz=01;31:*.ear=01;31:*.egg=01;31:*.esd=01;31:*.gz=01;31:*.jar=01;31:*.lha=01;31:*.lrz=01;31:*.lz=01;31:*.lz4=01;31:*.lzh=01;31:*.lzma=01;31:*.lzo=01;31:*.pyz=01;31:*.rar=01;31:*.rpm=01;31:*.rz=01;31:*.sar=01;31:*.swm=01;31:*.t7z=01;31:*.tar=01;31:*.taz=01;31:*.tbz=01;31:*.tbz2=01;31:*.tgz=01;31:*.tlz=01;31:*.txz=01;31:*.tz=01;31:*.tzo=01;31:*.tzst=01;31:*.udeb=01;31:*.war=01;31:*.whl=01;31:*.wim=01;31:*.xz=01;31:*.z=01;31:*.zip=01;31:*.zoo=01;31:*.zst=01;31:*.avif=01;35:*.jpg=01;35:*.jpeg=01;35:*.mjpg=01;35:*.mjpeg=01;35:*.gif=01;35:*.bmp=01;35:*.pbm=01;35:*.pgm=01;35:*.ppm=01;35:*.tga=01;35:*.xbm=01;35:*.xpm=01;35:*.tif=01;35:*.tiff=01;35:*.png=01;35:*.svg=01;35:*.svgz=01;35:*.mng=01;35:*.pcx=01;35:*.mov=01;35:*.mpg=01;35:*.mpeg=01;35:*.m2v=01;35:*.mkv=01;35:*.webm=01;35:*.webp=01;35:*.ogm=01;35:*.mp4=01;35:*.m4v=01;35:*.mp4v=01;35:*.vob=01;35:*.qt=01;35:*.nuv=01;35:*.wmv=01;35:*.asf=01;35:*.rm=01;35:*.rmvb=01;35:*.flc=01;35:*.avi=01;35:*.fli=01;35:*.flv=01;35:*.gl=01;35:*.dl=01;35:*.xcf=01;35:*.xwd=01;35:*.yuv=01;35:*.cgm=01;35:*.emf=01;35:*.ogv=01;35:*.ogx=01;35:*.aac=01;36:*.au=01;36:*.flac=01;36:*.m4a=01;36:*.mid=01;36:*.midi=01;36:*.mka=01;36:*.mp3=01;36:*.mpc=01;36:*.ogg=01;36:*.ra=01;36:*.wav=01;36:*.oga=01;36:*.opus=01;36:*.spx=01;36:*.xspf=01;36:*~=00;90:*#=00;90:*.bak=00;90:*.crdownload=00;90:*.dpkg-dist=00;90:*.dpkg-new=00;90:*.dpkg-old=00;90:*.dpkg-tmp=00;90:*.old=00;90:*.orig=00;90:*.part=00;90:*.rej=00;90:*.rpmnew=00;90:*.rpmorig=00;90:*.rpmsave=00;90:*.swp=00;90:*.tmp=00;90:*.ucf-dist=00;90:*.ucf-new=00;90:*.ucf-old=00;90:
    [SSH_CONNECTION] => 192.168.1.79 51368 192.168.1.126 22
    [MOZ_GMP_PATH] => /usr/lib64/mozilla/plugins/gmp-gmpopenh264/system-installed:/var/lib/widevine/gmp-widevinecdm/system-installed
    [XDG_SESSION_CLASS] => user
    [SELINUX_ROLE_REQUESTED] => 
    [TERM] => xterm-256color
    [LC_IDENTIFICATION] => ja_JP.utf8
    [LESSOPEN] => ||/usr/bin/lesspipe.sh %s
    [USER] => kn
    [SELINUX_USE_CURRENT_RANGE] => 
    [SHLVL] => 1
    [LC_TELEPHONE] => ja_JP.utf8
    [LC_MEASUREMENT] => ja_JP.utf8
    [XDG_SESSION_ID] => 15
    [XDG_RUNTIME_DIR] => /run/user/1000
    [SSH_CLIENT] => 192.168.1.79 51368 22
    [DEBUGINFOD_URLS] => https://debuginfod.fedoraproject.org/ 
    [LC_TIME] => ja_JP.utf8
    [DEBUGINFOD_IMA_CERT_PATH] => /etc/keys/ima:
    [KDEDIRS] => /usr
    [XDG_DATA_DIRS] => /home/kn/.local/share/flatpak/exports/share:/var/lib/flatpak/exports/share:/usr/local/share:/usr/share
    [PATH] => /home/kn/.local/bin:/home/kn/bin:/usr/local/bin:/usr/bin
    [SELINUX_LEVEL_REQUESTED] => 
    [DBUS_SESSION_BUS_ADDRESS] => unix:path=/run/user/1000/bus
    [MAIL] => /var/spool/mail/kn
    [SSH_TTY] => /dev/pts/1
    [LC_NUMERIC] => ja_JP.utf8
    [OLDPWD] => /var/www/html/result
    [PHP_SELF] => /var/www/cgi-bin/kendo-realtime/src/wsServer.php
    [SCRIPT_NAME] => /var/www/cgi-bin/kendo-realtime/src/wsServer.php
    [SCRIPT_FILENAME] => /var/www/cgi-bin/kendo-realtime/src/wsServer.php
    [PATH_TRANSLATED] => /var/www/cgi-bin/kendo-realtime/src/wsServer.php
    [DOCUMENT_ROOT] => 
    [REQUEST_TIME_FLOAT] => 1768686442.0477
    [REQUEST_TIME] => 1768686442
    [argv] => Array
        (
            [0] => /var/www/cgi-bin/kendo-realtime/src/wsServer.php
        )

    [argc] => 1
)

msg:New Connection (247:0)

[2026/01/18 15:51:55]--------------------------------------------------
server:Array
(
    [SHELL] => /bin/bash
    [HISTCONTROL] => ignoredups
    [HOSTNAME] => kn-macbookair
    [HISTSIZE] => 1000
    [LC_ADDRESS] => ja_JP.utf8
    [LC_NAME] => ja_JP.utf8
    [LC_MONETARY] => ja_JP.utf8
    [GPG_TTY] => /dev/pts/1
    [EDITOR] => /usr/bin/nano
    [PWD] => /var/www/cgi-bin
    [LOGNAME] => kn
    [XDG_SESSION_TYPE] => tty
    [_] => /usr/bin/nohup
    [MOTD_SHOWN] => pam
    [HOME] => /home/kn
    [SSH_ASKPASS] => /usr/bin/ksshaskpass
    [LANG] => ja_JP.utf8
    [LC_PAPER] => ja_JP.utf8
    [LS_COLORS] => rs=0:di=01;34:ln=01;36:mh=00:pi=40;33:so=01;35:do=01;35:bd=40;33;01:cd=40;33;01:or=40;31;01:mi=01;37;41:su=37;41:sg=30;43:ca=00:tw=30;42:ow=34;42:st=37;44:ex=01;32:*.7z=01;31:*.ace=01;31:*.alz=01;31:*.apk=01;31:*.arc=01;31:*.arj=01;31:*.bz=01;31:*.bz2=01;31:*.cab=01;31:*.cpio=01;31:*.crate=01;31:*.deb=01;31:*.drpm=01;31:*.dwm=01;31:*.dz=01;31:*.ear=01;31:*.egg=01;31:*.esd=01;31:*.gz=01;31:*.jar=01;31:*.lha=01;31:*.lrz=01;31:*.lz=01;31:*.lz4=01;31:*.lzh=01;31:*.lzma=01;31:*.lzo=01;31:*.pyz=01;31:*.rar=01;31:*.rpm=01;31:*.rz=01;31:*.sar=01;31:*.swm=01;31:*.t7z=01;31:*.tar=01;31:*.taz=01;31:*.tbz=01;31:*.tbz2=01;31:*.tgz=01;31:*.tlz=01;31:*.txz=01;31:*.tz=01;31:*.tzo=01;31:*.tzst=01;31:*.udeb=01;31:*.war=01;31:*.whl=01;31:*.wim=01;31:*.xz=01;31:*.z=01;31:*.zip=01;31:*.zoo=01;31:*.zst=01;31:*.avif=01;35:*.jpg=01;35:*.jpeg=01;35:*.mjpg=01;35:*.mjpeg=01;35:*.gif=01;35:*.bmp=01;35:*.pbm=01;35:*.pgm=01;35:*.ppm=01;35:*.tga=01;35:*.xbm=01;35:*.xpm=01;35:*.tif=01;35:*.tiff=01;35:*.png=01;35:*.svg=01;35:*.svgz=01;35:*.mng=01;35:*.pcx=01;35:*.mov=01;35:*.mpg=01;35:*.mpeg=01;35:*.m2v=01;35:*.mkv=01;35:*.webm=01;35:*.webp=01;35:*.ogm=01;35:*.mp4=01;35:*.m4v=01;35:*.mp4v=01;35:*.vob=01;35:*.qt=01;35:*.nuv=01;35:*.wmv=01;35:*.asf=01;35:*.rm=01;35:*.rmvb=01;35:*.flc=01;35:*.avi=01;35:*.fli=01;35:*.flv=01;35:*.gl=01;35:*.dl=01;35:*.xcf=01;35:*.xwd=01;35:*.yuv=01;35:*.cgm=01;35:*.emf=01;35:*.ogv=01;35:*.ogx=01;35:*.aac=01;36:*.au=01;36:*.flac=01;36:*.m4a=01;36:*.mid=01;36:*.midi=01;36:*.mka=01;36:*.mp3=01;36:*.mpc=01;36:*.ogg=01;36:*.ra=01;36:*.wav=01;36:*.oga=01;36:*.opus=01;36:*.spx=01;36:*.xspf=01;36:*~=00;90:*#=00;90:*.bak=00;90:*.crdownload=00;90:*.dpkg-dist=00;90:*.dpkg-new=00;90:*.dpkg-old=00;90:*.dpkg-tmp=00;90:*.old=00;90:*.orig=00;90:*.part=00;90:*.rej=00;90:*.rpmnew=00;90:*.rpmorig=00;90:*.rpmsave=00;90:*.swp=00;90:*.tmp=00;90:*.ucf-dist=00;90:*.ucf-new=00;90:*.ucf-old=00;90:
    [SSH_CONNECTION] => 192.168.1.79 51368 192.168.1.126 22
    [MOZ_GMP_PATH] => /usr/lib64/mozilla/plugins/gmp-gmpopenh264/system-installed:/var/lib/widevine/gmp-widevinecdm/system-installed
    [XDG_SESSION_CLASS] => user
    [SELINUX_ROLE_REQUESTED] => 
    [TERM] => xterm-256color
    [LC_IDENTIFICATION] => ja_JP.utf8
    [LESSOPEN] => ||/usr/bin/lesspipe.sh %s
    [USER] => kn
    [SELINUX_USE_CURRENT_RANGE] => 
    [SHLVL] => 1
    [LC_TELEPHONE] => ja_JP.utf8
    [LC_MEASUREMENT] => ja_JP.utf8
    [XDG_SESSION_ID] => 15
    [XDG_RUNTIME_DIR] => /run/user/1000
    [SSH_CLIENT] => 192.168.1.79 51368 22
    [DEBUGINFOD_URLS] => https://debuginfod.fedoraproject.org/ 
    [LC_TIME] => ja_JP.utf8
    [DEBUGINFOD_IMA_CERT_PATH] => /etc/keys/ima:
    [KDEDIRS] => /usr
    [XDG_DATA_DIRS] => /home/kn/.local/share/flatpak/exports/share:/var/lib/flatpak/exports/share:/usr/local/share:/usr/share
    [PATH] => /home/kn/.local/bin:/home/kn/bin:/usr/local/bin:/usr/bin
    [SELINUX_LEVEL_REQUESTED] => 
    [DBUS_SESSION_BUS_ADDRESS] => unix:path=/run/user/1000/bus
    [MAIL] => /var/spool/mail/kn
    [SSH_TTY] => /dev/pts/1
    [LC_NUMERIC] => ja_JP.utf8
    [OLDPWD] => /var/www/html/result
    [PHP_SELF] => /var/www/cgi-bin/kendo-realtime/src/wsServer.php
    [SCRIPT_NAME] => /var/www/cgi-bin/kendo-realtime/src/wsServer.php
    [SCRIPT_FILENAME] => /var/www/cgi-bin/kendo-realtime/src/wsServer.php
    [PATH_TRANSLATED] => /var/www/cgi-bin/kendo-realtime/src/wsServer.php
    [DOCUMENT_ROOT] => 
    [REQUEST_TIME_FLOAT] => 1768686442.0477
    [REQUEST_TIME] => 1768686442
    [argv] => Array
        (
            [0] => /var/www/cgi-bin/kendo-realtime/src/wsServer.php
        )

    [argc] => 1
)

msg:onMessage: {"mode":1,"navi":1004,"places":[2]}

[2026/01/18 15:52:18]--------------------------------------------------
server:Array
(
    [SHELL] => /bin/bash
    [HISTCONTROL] => ignoredups
    [HOSTNAME] => kn-macbookair
    [HISTSIZE] => 1000
    [LC_ADDRESS] => ja_JP.utf8
    [LC_NAME] => ja_JP.utf8
    [LC_MONETARY] => ja_JP.utf8
    [GPG_TTY] => /dev/pts/1
    [EDITOR] => /usr/bin/nano
    [PWD] => /var/www/cgi-bin
    [LOGNAME] => kn
    [XDG_SESSION_TYPE] => tty
    [_] => /usr/bin/nohup
    [MOTD_SHOWN] => pam
    [HOME] => /home/kn
    [SSH_ASKPASS] => /usr/bin/ksshaskpass
    [LANG] => ja_JP.utf8
    [LC_PAPER] => ja_JP.utf8
    [LS_COLORS] => rs=0:di=01;34:ln=01;36:mh=00:pi=40;33:so=01;35:do=01;35:bd=40;33;01:cd=40;33;01:or=40;31;01:mi=01;37;41:su=37;41:sg=30;43:ca=00:tw=30;42:ow=34;42:st=37;44:ex=01;32:*.7z=01;31:*.ace=01;31:*.alz=01;31:*.apk=01;31:*.arc=01;31:*.arj=01;31:*.bz=01;31:*.bz2=01;31:*.cab=01;31:*.cpio=01;31:*.crate=01;31:*.deb=01;31:*.drpm=01;31:*.dwm=01;31:*.dz=01;31:*.ear=01;31:*.egg=01;31:*.esd=01;31:*.gz=01;31:*.jar=01;31:*.lha=01;31:*.lrz=01;31:*.lz=01;31:*.lz4=01;31:*.lzh=01;31:*.lzma=01;31:*.lzo=01;31:*.pyz=01;31:*.rar=01;31:*.rpm=01;31:*.rz=01;31:*.sar=01;31:*.swm=01;31:*.t7z=01;31:*.tar=01;31:*.taz=01;31:*.tbz=01;31:*.tbz2=01;31:*.tgz=01;31:*.tlz=01;31:*.txz=01;31:*.tz=01;31:*.tzo=01;31:*.tzst=01;31:*.udeb=01;31:*.war=01;31:*.whl=01;31:*.wim=01;31:*.xz=01;31:*.z=01;31:*.zip=01;31:*.zoo=01;31:*.zst=01;31:*.avif=01;35:*.jpg=01;35:*.jpeg=01;35:*.mjpg=01;35:*.mjpeg=01;35:*.gif=01;35:*.bmp=01;35:*.pbm=01;35:*.pgm=01;35:*.ppm=01;35:*.tga=01;35:*.xbm=01;35:*.xpm=01;35:*.tif=01;35:*.tiff=01;35:*.png=01;35:*.svg=01;35:*.svgz=01;35:*.mng=01;35:*.pcx=01;35:*.mov=01;35:*.mpg=01;35:*.mpeg=01;35:*.m2v=01;35:*.mkv=01;35:*.webm=01;35:*.webp=01;35:*.ogm=01;35:*.mp4=01;35:*.m4v=01;35:*.mp4v=01;35:*.vob=01;35:*.qt=01;35:*.nuv=01;35:*.wmv=01;35:*.asf=01;35:*.rm=01;35:*.rmvb=01;35:*.flc=01;35:*.avi=01;35:*.fli=01;35:*.flv=01;35:*.gl=01;35:*.dl=01;35:*.xcf=01;35:*.xwd=01;35:*.yuv=01;35:*.cgm=01;35:*.emf=01;35:*.ogv=01;35:*.ogx=01;35:*.aac=01;36:*.au=01;36:*.flac=01;36:*.m4a=01;36:*.mid=01;36:*.midi=01;36:*.mka=01;36:*.mp3=01;36:*.mpc=01;36:*.ogg=01;36:*.ra=01;36:*.wav=01;36:*.oga=01;36:*.opus=01;36:*.spx=01;36:*.xspf=01;36:*~=00;90:*#=00;90:*.bak=00;90:*.crdownload=00;90:*.dpkg-dist=00;90:*.dpkg-new=00;90:*.dpkg-old=00;90:*.dpkg-tmp=00;90:*.old=00;90:*.orig=00;90:*.part=00;90:*.rej=00;90:*.rpmnew=00;90:*.rpmorig=00;90:*.rpmsave=00;90:*.swp=00;90:*.tmp=00;90:*.ucf-dist=00;90:*.ucf-new=00;90:*.ucf-old=00;90:
    [SSH_CONNECTION] => 192.168.1.79 51368 192.168.1.126 22
    [MOZ_GMP_PATH] => /usr/lib64/mozilla/plugins/gmp-gmpopenh264/system-installed:/var/lib/widevine/gmp-widevinecdm/system-installed
    [XDG_SESSION_CLASS] => user
    [SELINUX_ROLE_REQUESTED] => 
    [TERM] => xterm-256color
    [LC_IDENTIFICATION] => ja_JP.utf8
    [LESSOPEN] => ||/usr/bin/lesspipe.sh %s
    [USER] => kn
    [SELINUX_USE_CURRENT_RANGE] => 
    [SHLVL] => 1
    [LC_TELEPHONE] => ja_JP.utf8
    [LC_MEASUREMENT] => ja_JP.utf8
    [XDG_SESSION_ID] => 15
    [XDG_RUNTIME_DIR] => /run/user/1000
    [SSH_CLIENT] => 192.168.1.79 51368 22
    [DEBUGINFOD_URLS] => https://debuginfod.fedoraproject.org/ 
    [LC_TIME] => ja_JP.utf8
    [DEBUGINFOD_IMA_CERT_PATH] => /etc/keys/ima:
    [KDEDIRS] => /usr
    [XDG_DATA_DIRS] => /home/kn/.local/share/flatpak/exports/share:/var/lib/flatpak/exports/share:/usr/local/share:/usr/share
    [PATH] => /home/kn/.local/bin:/home/kn/bin:/usr/local/bin:/usr/bin
    [SELINUX_LEVEL_REQUESTED] => 
    [DBUS_SESSION_BUS_ADDRESS] => unix:path=/run/user/1000/bus
    [MAIL] => /var/spool/mail/kn
    [SSH_TTY] => /dev/pts/1
    [LC_NUMERIC] => ja_JP.utf8
    [OLDPWD] => /var/www/html/result
    [PHP_SELF] => /var/www/cgi-bin/kendo-realtime/src/wsServer.php
    [SCRIPT_NAME] => /var/www/cgi-bin/kendo-realtime/src/wsServer.php
    [SCRIPT_FILENAME] => /var/www/cgi-bin/kendo-realtime/src/wsServer.php
    [PATH_TRANSLATED] => /var/www/cgi-bin/kendo-realtime/src/wsServer.php
    [DOCUMENT_ROOT] => 
    [REQUEST_TIME_FLOAT] => 1768686442.0477
    [REQUEST_TIME] => 1768686442
    [argv] => Array
        (
            [0] => /var/www/cgi-bin/kendo-realtime/src/wsServer.php
        )

    [argc] => 1
)

[2026/01/18 15:52:18]--------------------------------------------------
msg:onCommand: 1,1004

server:Array
(
    [SHELL] => /bin/bash
    [HISTCONTROL] => ignoredups
    [HOSTNAME] => kn-macbookair
    [HISTSIZE] => 1000
    [LC_ADDRESS] => ja_JP.utf8
    [LC_NAME] => ja_JP.utf8
    [LC_MONETARY] => ja_JP.utf8
    [GPG_TTY] => /dev/pts/1
    [EDITOR] => /usr/bin/nano
    [PWD] => /var/www/cgi-bin
    [LOGNAME] => kn
    [XDG_SESSION_TYPE] => tty
    [_] => /usr/bin/nohup
    [MOTD_SHOWN] => pam
    [HOME] => /home/kn
    [SSH_ASKPASS] => /usr/bin/ksshaskpass
    [LANG] => ja_JP.utf8
    [LC_PAPER] => ja_JP.utf8
    [LS_COLORS] => rs=0:di=01;34:ln=01;36:mh=00:pi=40;33:so=01;35:do=01;35:bd=40;33;01:cd=40;33;01:or=40;31;01:mi=01;37;41:su=37;41:sg=30;43:ca=00:tw=30;42:ow=34;42:st=37;44:ex=01;32:*.7z=01;31:*.ace=01;31:*.alz=01;31:*.apk=01;31:*.arc=01;31:*.arj=01;31:*.bz=01;31:*.bz2=01;31:*.cab=01;31:*.cpio=01;31:*.crate=01;31:*.deb=01;31:*.drpm=01;31:*.dwm=01;31:*.dz=01;31:*.ear=01;31:*.egg=01;31:*.esd=01;31:*.gz=01;31:*.jar=01;31:*.lha=01;31:*.lrz=01;31:*.lz=01;31:*.lz4=01;31:*.lzh=01;31:*.lzma=01;31:*.lzo=01;31:*.pyz=01;31:*.rar=01;31:*.rpm=01;31:*.rz=01;31:*.sar=01;31:*.swm=01;31:*.t7z=01;31:*.tar=01;31:*.taz=01;31:*.tbz=01;31:*.tbz2=01;31:*.tgz=01;31:*.tlz=01;31:*.txz=01;31:*.tz=01;31:*.tzo=01;31:*.tzst=01;31:*.udeb=01;31:*.war=01;31:*.whl=01;31:*.wim=01;31:*.xz=01;31:*.z=01;31:*.zip=01;31:*.zoo=01;31:*.zst=01;31:*.avif=01;35:*.jpg=01;35:*.jpeg=01;35:*.mjpg=01;35:*.mjpeg=01;35:*.gif=01;35:*.bmp=01;35:*.pbm=01;35:*.pgm=01;35:*.ppm=01;35:*.tga=01;35:*.xbm=01;35:*.xpm=01;35:*.tif=01;35:*.tiff=01;35:*.png=01;35:*.svg=01;35:*.svgz=01;35:*.mng=01;35:*.pcx=01;35:*.mov=01;35:*.mpg=01;35:*.mpeg=01;35:*.m2v=01;35:*.mkv=01;35:*.webm=01;35:*.webp=01;35:*.ogm=01;35:*.mp4=01;35:*.m4v=01;35:*.mp4v=01;35:*.vob=01;35:*.qt=01;35:*.nuv=01;35:*.wmv=01;35:*.asf=01;35:*.rm=01;35:*.rmvb=01;35:*.flc=01;35:*.avi=01;35:*.fli=01;35:*.flv=01;35:*.gl=01;35:*.dl=01;35:*.xcf=01;35:*.xwd=01;35:*.yuv=01;35:*.cgm=01;35:*.emf=01;35:*.ogv=01;35:*.ogx=01;35:*.aac=01;36:*.au=01;36:*.flac=01;36:*.m4a=01;36:*.mid=01;36:*.midi=01;36:*.mka=01;36:*.mp3=01;36:*.mpc=01;36:*.ogg=01;36:*.ra=01;36:*.wav=01;36:*.oga=01;36:*.opus=01;36:*.spx=01;36:*.xspf=01;36:*~=00;90:*#=00;90:*.bak=00;90:*.crdownload=00;90:*.dpkg-dist=00;90:*.dpkg-new=00;90:*.dpkg-old=00;90:*.dpkg-tmp=00;90:*.old=00;90:*.orig=00;90:*.part=00;90:*.rej=00;90:*.rpmnew=00;90:*.rpmorig=00;90:*.rpmsave=00;90:*.swp=00;90:*.tmp=00;90:*.ucf-dist=00;90:*.ucf-new=00;90:*.ucf-old=00;90:
    [SSH_CONNECTION] => 192.168.1.79 51368 192.168.1.126 22
    [MOZ_GMP_PATH] => /usr/lib64/mozilla/plugins/gmp-gmpopenh264/system-installed:/var/lib/widevine/gmp-widevinecdm/system-installed
    [XDG_SESSION_CLASS] => user
    [SELINUX_ROLE_REQUESTED] => 
    [TERM] => xterm-256color
    [LC_IDENTIFICATION] => ja_JP.utf8
    [LESSOPEN] => ||/usr/bin/lesspipe.sh %s
    [USER] => kn
    [SELINUX_USE_CURRENT_RANGE] => 
    [SHLVL] => 1
    [LC_TELEPHONE] => ja_JP.utf8
    [LC_MEASUREMENT] => ja_JP.utf8
    [XDG_SESSION_ID] => 15
    [XDG_RUNTIME_DIR] => /run/user/1000
    [SSH_CLIENT] => 192.168.1.79 51368 22
    [DEBUGINFOD_URLS] => https://debuginfod.fedoraproject.org/ 
    [LC_TIME] => ja_JP.utf8
    [DEBUGINFOD_IMA_CERT_PATH] => /etc/keys/ima:
    [KDEDIRS] => /usr
    [XDG_DATA_DIRS] => /home/kn/.local/share/flatpak/exports/share:/var/lib/flatpak/exports/share:/usr/local/share:/usr/share
    [PATH] => /home/kn/.local/bin:/home/kn/bin:/usr/local/bin:/usr/bin
    [SELINUX_LEVEL_REQUESTED] => 
    [DBUS_SESSION_BUS_ADDRESS] => unix:path=/run/user/1000/bus
    [MAIL] => /var/spool/mail/kn
    [SSH_TTY] => /dev/pts/1
    [LC_NUMERIC] => ja_JP.utf8
    [OLDPWD] => /var/www/html/result
    [PHP_SELF] => /var/www/cgi-bin/kendo-realtime/src/ws2Server.php
    [SCRIPT_NAME] => /var/www/cgi-bin/kendo-realtime/src/ws2Server.php
    [SCRIPT_FILENAME] => /var/www/cgi-bin/kendo-realtime/src/ws2Server.php
    [PATH_TRANSLATED] => /var/www/cgi-bin/kendo-realtime/src/ws2Server.php
    [DOCUMENT_ROOT] => 
    [REQUEST_TIME_FLOAT] => 1768686442.0333
    [REQUEST_TIME] => 1768686442
    [argv] => Array
        (
            [0] => /var/www/cgi-bin/kendo-realtime/src/ws2Server.php
        )

    [argc] => 1
)

msg:onCommand: 1,1004

[2026/01/18 15:58:15]--------------------------------------------------
server:Array
(
    [SHELL] => /bin/bash
    [HISTCONTROL] => ignoredups
    [HOSTNAME] => kn-macbookair
    [HISTSIZE] => 1000
    [LC_ADDRESS] => ja_JP.utf8
    [LC_NAME] => ja_JP.utf8
    [LC_MONETARY] => ja_JP.utf8
    [GPG_TTY] => /dev/pts/1
    [EDITOR] => /usr/bin/nano
    [PWD] => /var/www/cgi-bin
    [LOGNAME] => kn
    [XDG_SESSION_TYPE] => tty
    [_] => /usr/bin/nohup
    [MOTD_SHOWN] => pam
    [HOME] => /home/kn
    [SSH_ASKPASS] => /usr/bin/ksshaskpass
    [LANG] => ja_JP.utf8
    [LC_PAPER] => ja_JP.utf8
    [LS_COLORS] => rs=0:di=01;34:ln=01;36:mh=00:pi=40;33:so=01;35:do=01;35:bd=40;33;01:cd=40;33;01:or=40;31;01:mi=01;37;41:su=37;41:sg=30;43:ca=00:tw=30;42:ow=34;42:st=37;44:ex=01;32:*.7z=01;31:*.ace=01;31:*.alz=01;31:*.apk=01;31:*.arc=01;31:*.arj=01;31:*.bz=01;31:*.bz2=01;31:*.cab=01;31:*.cpio=01;31:*.crate=01;31:*.deb=01;31:*.drpm=01;31:*.dwm=01;31:*.dz=01;31:*.ear=01;31:*.egg=01;31:*.esd=01;31:*.gz=01;31:*.jar=01;31:*.lha=01;31:*.lrz=01;31:*.lz=01;31:*.lz4=01;31:*.lzh=01;31:*.lzma=01;31:*.lzo=01;31:*.pyz=01;31:*.rar=01;31:*.rpm=01;31:*.rz=01;31:*.sar=01;31:*.swm=01;31:*.t7z=01;31:*.tar=01;31:*.taz=01;31:*.tbz=01;31:*.tbz2=01;31:*.tgz=01;31:*.tlz=01;31:*.txz=01;31:*.tz=01;31:*.tzo=01;31:*.tzst=01;31:*.udeb=01;31:*.war=01;31:*.whl=01;31:*.wim=01;31:*.xz=01;31:*.z=01;31:*.zip=01;31:*.zoo=01;31:*.zst=01;31:*.avif=01;35:*.jpg=01;35:*.jpeg=01;35:*.mjpg=01;35:*.mjpeg=01;35:*.gif=01;35:*.bmp=01;35:*.pbm=01;35:*.pgm=01;35:*.ppm=01;35:*.tga=01;35:*.xbm=01;35:*.xpm=01;35:*.tif=01;35:*.tiff=01;35:*.png=01;35:*.svg=01;35:*.svgz=01;35:*.mng=01;35:*.pcx=01;35:*.mov=01;35:*.mpg=01;35:*.mpeg=01;35:*.m2v=01;35:*.mkv=01;35:*.webm=01;35:*.webp=01;35:*.ogm=01;35:*.mp4=01;35:*.m4v=01;35:*.mp4v=01;35:*.vob=01;35:*.qt=01;35:*.nuv=01;35:*.wmv=01;35:*.asf=01;35:*.rm=01;35:*.rmvb=01;35:*.flc=01;35:*.avi=01;35:*.fli=01;35:*.flv=01;35:*.gl=01;35:*.dl=01;35:*.xcf=01;35:*.xwd=01;35:*.yuv=01;35:*.cgm=01;35:*.emf=01;35:*.ogv=01;35:*.ogx=01;35:*.aac=01;36:*.au=01;36:*.flac=01;36:*.m4a=01;36:*.mid=01;36:*.midi=01;36:*.mka=01;36:*.mp3=01;36:*.mpc=01;36:*.ogg=01;36:*.ra=01;36:*.wav=01;36:*.oga=01;36:*.opus=01;36:*.spx=01;36:*.xspf=01;36:*~=00;90:*#=00;90:*.bak=00;90:*.crdownload=00;90:*.dpkg-dist=00;90:*.dpkg-new=00;90:*.dpkg-old=00;90:*.dpkg-tmp=00;90:*.old=00;90:*.orig=00;90:*.part=00;90:*.rej=00;90:*.rpmnew=00;90:*.rpmorig=00;90:*.rpmsave=00;90:*.swp=00;90:*.tmp=00;90:*.ucf-dist=00;90:*.ucf-new=00;90:*.ucf-old=00;90:
    [SSH_CONNECTION] => 192.168.1.79 51368 192.168.1.126 22
    [MOZ_GMP_PATH] => /usr/lib64/mozilla/plugins/gmp-gmpopenh264/system-installed:/var/lib/widevine/gmp-widevinecdm/system-installed
    [XDG_SESSION_CLASS] => user
    [SELINUX_ROLE_REQUESTED] => 
    [TERM] => xterm-256color
    [LC_IDENTIFICATION] => ja_JP.utf8
    [LESSOPEN] => ||/usr/bin/lesspipe.sh %s
    [USER] => kn
    [SELINUX_USE_CURRENT_RANGE] => 
    [SHLVL] => 1
    [LC_TELEPHONE] => ja_JP.utf8
    [LC_MEASUREMENT] => ja_JP.utf8
    [XDG_SESSION_ID] => 15
    [XDG_RUNTIME_DIR] => /run/user/1000
    [SSH_CLIENT] => 192.168.1.79 51368 22
    [DEBUGINFOD_URLS] => https://debuginfod.fedoraproject.org/ 
    [LC_TIME] => ja_JP.utf8
    [DEBUGINFOD_IMA_CERT_PATH] => /etc/keys/ima:
    [KDEDIRS] => /usr
    [XDG_DATA_DIRS] => /home/kn/.local/share/flatpak/exports/share:/var/lib/flatpak/exports/share:/usr/local/share:/usr/share
    [PATH] => /home/kn/.local/bin:/home/kn/bin:/usr/local/bin:/usr/bin
    [SELINUX_LEVEL_REQUESTED] => 
    [DBUS_SESSION_BUS_ADDRESS] => unix:path=/run/user/1000/bus
    [MAIL] => /var/spool/mail/kn
    [SSH_TTY] => /dev/pts/1
    [LC_NUMERIC] => ja_JP.utf8
    [OLDPWD] => /var/www/html/result
    [PHP_SELF] => /var/www/cgi-bin/kendo-realtime/src/wsServer.php
    [SCRIPT_NAME] => /var/www/cgi-bin/kendo-realtime/src/wsServer.php
    [SCRIPT_FILENAME] => /var/www/cgi-bin/kendo-realtime/src/wsServer.php
    [PATH_TRANSLATED] => /var/www/cgi-bin/kendo-realtime/src/wsServer.php
    [DOCUMENT_ROOT] => 
    [REQUEST_TIME_FLOAT] => 1768686442.0477
    [REQUEST_TIME] => 1768686442
    [argv] => Array
        (
            [0] => /var/www/cgi-bin/kendo-realtime/src/wsServer.php
        )

    [argc] => 1
)

msg:New Connection (255:0)

[2026/01/18 15:58:15]--------------------------------------------------
server:Array
(
    [SHELL] => /bin/bash
    [HISTCONTROL] => ignoredups
    [HOSTNAME] => kn-macbookair
    [HISTSIZE] => 1000
    [LC_ADDRESS] => ja_JP.utf8
    [LC_NAME] => ja_JP.utf8
    [LC_MONETARY] => ja_JP.utf8
    [GPG_TTY] => /dev/pts/1
    [EDITOR] => /usr/bin/nano
    [PWD] => /var/www/cgi-bin
    [LOGNAME] => kn
    [XDG_SESSION_TYPE] => tty
    [_] => /usr/bin/nohup
    [MOTD_SHOWN] => pam
    [HOME] => /home/kn
    [SSH_ASKPASS] => /usr/bin/ksshaskpass
    [LANG] => ja_JP.utf8
    [LC_PAPER] => ja_JP.utf8
    [LS_COLORS] => rs=0:di=01;34:ln=01;36:mh=00:pi=40;33:so=01;35:do=01;35:bd=40;33;01:cd=40;33;01:or=40;31;01:mi=01;37;41:su=37;41:sg=30;43:ca=00:tw=30;42:ow=34;42:st=37;44:ex=01;32:*.7z=01;31:*.ace=01;31:*.alz=01;31:*.apk=01;31:*.arc=01;31:*.arj=01;31:*.bz=01;31:*.bz2=01;31:*.cab=01;31:*.cpio=01;31:*.crate=01;31:*.deb=01;31:*.drpm=01;31:*.dwm=01;31:*.dz=01;31:*.ear=01;31:*.egg=01;31:*.esd=01;31:*.gz=01;31:*.jar=01;31:*.lha=01;31:*.lrz=01;31:*.lz=01;31:*.lz4=01;31:*.lzh=01;31:*.lzma=01;31:*.lzo=01;31:*.pyz=01;31:*.rar=01;31:*.rpm=01;31:*.rz=01;31:*.sar=01;31:*.swm=01;31:*.t7z=01;31:*.tar=01;31:*.taz=01;31:*.tbz=01;31:*.tbz2=01;31:*.tgz=01;31:*.tlz=01;31:*.txz=01;31:*.tz=01;31:*.tzo=01;31:*.tzst=01;31:*.udeb=01;31:*.war=01;31:*.whl=01;31:*.wim=01;31:*.xz=01;31:*.z=01;31:*.zip=01;31:*.zoo=01;31:*.zst=01;31:*.avif=01;35:*.jpg=01;35:*.jpeg=01;35:*.mjpg=01;35:*.mjpeg=01;35:*.gif=01;35:*.bmp=01;35:*.pbm=01;35:*.pgm=01;35:*.ppm=01;35:*.tga=01;35:*.xbm=01;35:*.xpm=01;35:*.tif=01;35:*.tiff=01;35:*.png=01;35:*.svg=01;35:*.svgz=01;35:*.mng=01;35:*.pcx=01;35:*.mov=01;35:*.mpg=01;35:*.mpeg=01;35:*.m2v=01;35:*.mkv=01;35:*.webm=01;35:*.webp=01;35:*.ogm=01;35:*.mp4=01;35:*.m4v=01;35:*.mp4v=01;35:*.vob=01;35:*.qt=01;35:*.nuv=01;35:*.wmv=01;35:*.asf=01;35:*.rm=01;35:*.rmvb=01;35:*.flc=01;35:*.avi=01;35:*.fli=01;35:*.flv=01;35:*.gl=01;35:*.dl=01;35:*.xcf=01;35:*.xwd=01;35:*.yuv=01;35:*.cgm=01;35:*.emf=01;35:*.ogv=01;35:*.ogx=01;35:*.aac=01;36:*.au=01;36:*.flac=01;36:*.m4a=01;36:*.mid=01;36:*.midi=01;36:*.mka=01;36:*.mp3=01;36:*.mpc=01;36:*.ogg=01;36:*.ra=01;36:*.wav=01;36:*.oga=01;36:*.opus=01;36:*.spx=01;36:*.xspf=01;36:*~=00;90:*#=00;90:*.bak=00;90:*.crdownload=00;90:*.dpkg-dist=00;90:*.dpkg-new=00;90:*.dpkg-old=00;90:*.dpkg-tmp=00;90:*.old=00;90:*.orig=00;90:*.part=00;90:*.rej=00;90:*.rpmnew=00;90:*.rpmorig=00;90:*.rpmsave=00;90:*.swp=00;90:*.tmp=00;90:*.ucf-dist=00;90:*.ucf-new=00;90:*.ucf-old=00;90:
    [SSH_CONNECTION] => 192.168.1.79 51368 192.168.1.126 22
    [MOZ_GMP_PATH] => /usr/lib64/mozilla/plugins/gmp-gmpopenh264/system-installed:/var/lib/widevine/gmp-widevinecdm/system-installed
    [XDG_SESSION_CLASS] => user
    [SELINUX_ROLE_REQUESTED] => 
    [TERM] => xterm-256color
    [LC_IDENTIFICATION] => ja_JP.utf8
    [LESSOPEN] => ||/usr/bin/lesspipe.sh %s
    [USER] => kn
    [SELINUX_USE_CURRENT_RANGE] => 
    [SHLVL] => 1
    [LC_TELEPHONE] => ja_JP.utf8
    [LC_MEASUREMENT] => ja_JP.utf8
    [XDG_SESSION_ID] => 15
    [XDG_RUNTIME_DIR] => /run/user/1000
    [SSH_CLIENT] => 192.168.1.79 51368 22
    [DEBUGINFOD_URLS] => https://debuginfod.fedoraproject.org/ 
    [LC_TIME] => ja_JP.utf8
    [DEBUGINFOD_IMA_CERT_PATH] => /etc/keys/ima:
    [KDEDIRS] => /usr
    [XDG_DATA_DIRS] => /home/kn/.local/share/flatpak/exports/share:/var/lib/flatpak/exports/share:/usr/local/share:/usr/share
    [PATH] => /home/kn/.local/bin:/home/kn/bin:/usr/local/bin:/usr/bin
    [SELINUX_LEVEL_REQUESTED] => 
    [DBUS_SESSION_BUS_ADDRESS] => unix:path=/run/user/1000/bus
    [MAIL] => /var/spool/mail/kn
    [SSH_TTY] => /dev/pts/1
    [LC_NUMERIC] => ja_JP.utf8
    [OLDPWD] => /var/www/html/result
    [PHP_SELF] => /var/www/cgi-bin/kendo-realtime/src/wsServer.php
    [SCRIPT_NAME] => /var/www/cgi-bin/kendo-realtime/src/wsServer.php
    [SCRIPT_FILENAME] => /var/www/cgi-bin/kendo-realtime/src/wsServer.php
    [PATH_TRANSLATED] => /var/www/cgi-bin/kendo-realtime/src/wsServer.php
    [DOCUMENT_ROOT] => 
    [REQUEST_TIME_FLOAT] => 1768686442.0477
    [REQUEST_TIME] => 1768686442
    [argv] => Array
        (
            [0] => /var/www/cgi-bin/kendo-realtime/src/wsServer.php
        )

    [argc] => 1
)

msg:onMessage: {"mode":1,"navi":1004,"places":[4]}

[2026/01/18 15:59:07]--------------------------------------------------
server:Array
(
    [SHELL] => /bin/bash
    [HISTCONTROL] => ignoredups
    [HOSTNAME] => kn-macbookair
    [HISTSIZE] => 1000
    [LC_ADDRESS] => ja_JP.utf8
    [LC_NAME] => ja_JP.utf8
    [LC_MONETARY] => ja_JP.utf8
    [GPG_TTY] => /dev/pts/1
    [EDITOR] => /usr/bin/nano
    [PWD] => /var/www/cgi-bin
    [LOGNAME] => kn
    [XDG_SESSION_TYPE] => tty
    [_] => /usr/bin/nohup
    [MOTD_SHOWN] => pam
    [HOME] => /home/kn
    [SSH_ASKPASS] => /usr/bin/ksshaskpass
    [LANG] => ja_JP.utf8
    [LC_PAPER] => ja_JP.utf8
    [LS_COLORS] => rs=0:di=01;34:ln=01;36:mh=00:pi=40;33:so=01;35:do=01;35:bd=40;33;01:cd=40;33;01:or=40;31;01:mi=01;37;41:su=37;41:sg=30;43:ca=00:tw=30;42:ow=34;42:st=37;44:ex=01;32:*.7z=01;31:*.ace=01;31:*.alz=01;31:*.apk=01;31:*.arc=01;31:*.arj=01;31:*.bz=01;31:*.bz2=01;31:*.cab=01;31:*.cpio=01;31:*.crate=01;31:*.deb=01;31:*.drpm=01;31:*.dwm=01;31:*.dz=01;31:*.ear=01;31:*.egg=01;31:*.esd=01;31:*.gz=01;31:*.jar=01;31:*.lha=01;31:*.lrz=01;31:*.lz=01;31:*.lz4=01;31:*.lzh=01;31:*.lzma=01;31:*.lzo=01;31:*.pyz=01;31:*.rar=01;31:*.rpm=01;31:*.rz=01;31:*.sar=01;31:*.swm=01;31:*.t7z=01;31:*.tar=01;31:*.taz=01;31:*.tbz=01;31:*.tbz2=01;31:*.tgz=01;31:*.tlz=01;31:*.txz=01;31:*.tz=01;31:*.tzo=01;31:*.tzst=01;31:*.udeb=01;31:*.war=01;31:*.whl=01;31:*.wim=01;31:*.xz=01;31:*.z=01;31:*.zip=01;31:*.zoo=01;31:*.zst=01;31:*.avif=01;35:*.jpg=01;35:*.jpeg=01;35:*.mjpg=01;35:*.mjpeg=01;35:*.gif=01;35:*.bmp=01;35:*.pbm=01;35:*.pgm=01;35:*.ppm=01;35:*.tga=01;35:*.xbm=01;35:*.xpm=01;35:*.tif=01;35:*.tiff=01;35:*.png=01;35:*.svg=01;35:*.svgz=01;35:*.mng=01;35:*.pcx=01;35:*.mov=01;35:*.mpg=01;35:*.mpeg=01;35:*.m2v=01;35:*.mkv=01;35:*.webm=01;35:*.webp=01;35:*.ogm=01;35:*.mp4=01;35:*.m4v=01;35:*.mp4v=01;35:*.vob=01;35:*.qt=01;35:*.nuv=01;35:*.wmv=01;35:*.asf=01;35:*.rm=01;35:*.rmvb=01;35:*.flc=01;35:*.avi=01;35:*.fli=01;35:*.flv=01;35:*.gl=01;35:*.dl=01;35:*.xcf=01;35:*.xwd=01;35:*.yuv=01;35:*.cgm=01;35:*.emf=01;35:*.ogv=01;35:*.ogx=01;35:*.aac=01;36:*.au=01;36:*.flac=01;36:*.m4a=01;36:*.mid=01;36:*.midi=01;36:*.mka=01;36:*.mp3=01;36:*.mpc=01;36:*.ogg=01;36:*.ra=01;36:*.wav=01;36:*.oga=01;36:*.opus=01;36:*.spx=01;36:*.xspf=01;36:*~=00;90:*#=00;90:*.bak=00;90:*.crdownload=00;90:*.dpkg-dist=00;90:*.dpkg-new=00;90:*.dpkg-old=00;90:*.dpkg-tmp=00;90:*.old=00;90:*.orig=00;90:*.part=00;90:*.rej=00;90:*.rpmnew=00;90:*.rpmorig=00;90:*.rpmsave=00;90:*.swp=00;90:*.tmp=00;90:*.ucf-dist=00;90:*.ucf-new=00;90:*.ucf-old=00;90:
    [SSH_CONNECTION] => 192.168.1.79 51368 192.168.1.126 22
    [MOZ_GMP_PATH] => /usr/lib64/mozilla/plugins/gmp-gmpopenh264/system-installed:/var/lib/widevine/gmp-widevinecdm/system-installed
    [XDG_SESSION_CLASS] => user
    [SELINUX_ROLE_REQUESTED] => 
    [TERM] => xterm-256color
    [LC_IDENTIFICATION] => ja_JP.utf8
    [LESSOPEN] => ||/usr/bin/lesspipe.sh %s
    [USER] => kn
    [SELINUX_USE_CURRENT_RANGE] => 
    [SHLVL] => 1
    [LC_TELEPHONE] => ja_JP.utf8
    [LC_MEASUREMENT] => ja_JP.utf8
    [XDG_SESSION_ID] => 15
    [XDG_RUNTIME_DIR] => /run/user/1000
    [SSH_CLIENT] => 192.168.1.79 51368 22
    [DEBUGINFOD_URLS] => https://debuginfod.fedoraproject.org/ 
    [LC_TIME] => ja_JP.utf8
    [DEBUGINFOD_IMA_CERT_PATH] => /etc/keys/ima:
    [KDEDIRS] => /usr
    [XDG_DATA_DIRS] => /home/kn/.local/share/flatpak/exports/share:/var/lib/flatpak/exports/share:/usr/local/share:/usr/share
    [PATH] => /home/kn/.local/bin:/home/kn/bin:/usr/local/bin:/usr/bin
    [SELINUX_LEVEL_REQUESTED] => 
    [DBUS_SESSION_BUS_ADDRESS] => unix:path=/run/user/1000/bus
    [MAIL] => /var/spool/mail/kn
    [SSH_TTY] => /dev/pts/1
    [LC_NUMERIC] => ja_JP.utf8
    [OLDPWD] => /var/www/html/result
    [PHP_SELF] => /var/www/cgi-bin/kendo-realtime/src/wsServer.php
    [SCRIPT_NAME] => /var/www/cgi-bin/kendo-realtime/src/wsServer.php
    [SCRIPT_FILENAME] => /var/www/cgi-bin/kendo-realtime/src/wsServer.php
    [PATH_TRANSLATED] => /var/www/cgi-bin/kendo-realtime/src/wsServer.php
    [DOCUMENT_ROOT] => 
    [REQUEST_TIME_FLOAT] => 1768686442.0477
    [REQUEST_TIME] => 1768686442
    [argv] => Array
        (
            [0] => /var/www/cgi-bin/kendo-realtime/src/wsServer.php
        )

    [argc] => 1
)

[2026/01/18 15:59:07]--------------------------------------------------
msg:onCommand: 1,1004

server:Array
(
    [SHELL] => /bin/bash
    [HISTCONTROL] => ignoredups
    [HOSTNAME] => kn-macbookair
    [HISTSIZE] => 1000
    [LC_ADDRESS] => ja_JP.utf8
    [LC_NAME] => ja_JP.utf8
    [LC_MONETARY] => ja_JP.utf8
    [GPG_TTY] => /dev/pts/1
    [EDITOR] => /usr/bin/nano
    [PWD] => /var/www/cgi-bin
    [LOGNAME] => kn
    [XDG_SESSION_TYPE] => tty
    [_] => /usr/bin/nohup
    [MOTD_SHOWN] => pam
    [HOME] => /home/kn
    [SSH_ASKPASS] => /usr/bin/ksshaskpass
    [LANG] => ja_JP.utf8
    [LC_PAPER] => ja_JP.utf8
    [LS_COLORS] => rs=0:di=01;34:ln=01;36:mh=00:pi=40;33:so=01;35:do=01;35:bd=40;33;01:cd=40;33;01:or=40;31;01:mi=01;37;41:su=37;41:sg=30;43:ca=00:tw=30;42:ow=34;42:st=37;44:ex=01;32:*.7z=01;31:*.ace=01;31:*.alz=01;31:*.apk=01;31:*.arc=01;31:*.arj=01;31:*.bz=01;31:*.bz2=01;31:*.cab=01;31:*.cpio=01;31:*.crate=01;31:*.deb=01;31:*.drpm=01;31:*.dwm=01;31:*.dz=01;31:*.ear=01;31:*.egg=01;31:*.esd=01;31:*.gz=01;31:*.jar=01;31:*.lha=01;31:*.lrz=01;31:*.lz=01;31:*.lz4=01;31:*.lzh=01;31:*.lzma=01;31:*.lzo=01;31:*.pyz=01;31:*.rar=01;31:*.rpm=01;31:*.rz=01;31:*.sar=01;31:*.swm=01;31:*.t7z=01;31:*.tar=01;31:*.taz=01;31:*.tbz=01;31:*.tbz2=01;31:*.tgz=01;31:*.tlz=01;31:*.txz=01;31:*.tz=01;31:*.tzo=01;31:*.tzst=01;31:*.udeb=01;31:*.war=01;31:*.whl=01;31:*.wim=01;31:*.xz=01;31:*.z=01;31:*.zip=01;31:*.zoo=01;31:*.zst=01;31:*.avif=01;35:*.jpg=01;35:*.jpeg=01;35:*.mjpg=01;35:*.mjpeg=01;35:*.gif=01;35:*.bmp=01;35:*.pbm=01;35:*.pgm=01;35:*.ppm=01;35:*.tga=01;35:*.xbm=01;35:*.xpm=01;35:*.tif=01;35:*.tiff=01;35:*.png=01;35:*.svg=01;35:*.svgz=01;35:*.mng=01;35:*.pcx=01;35:*.mov=01;35:*.mpg=01;35:*.mpeg=01;35:*.m2v=01;35:*.mkv=01;35:*.webm=01;35:*.webp=01;35:*.ogm=01;35:*.mp4=01;35:*.m4v=01;35:*.mp4v=01;35:*.vob=01;35:*.qt=01;35:*.nuv=01;35:*.wmv=01;35:*.asf=01;35:*.rm=01;35:*.rmvb=01;35:*.flc=01;35:*.avi=01;35:*.fli=01;35:*.flv=01;35:*.gl=01;35:*.dl=01;35:*.xcf=01;35:*.xwd=01;35:*.yuv=01;35:*.cgm=01;35:*.emf=01;35:*.ogv=01;35:*.ogx=01;35:*.aac=01;36:*.au=01;36:*.flac=01;36:*.m4a=01;36:*.mid=01;36:*.midi=01;36:*.mka=01;36:*.mp3=01;36:*.mpc=01;36:*.ogg=01;36:*.ra=01;36:*.wav=01;36:*.oga=01;36:*.opus=01;36:*.spx=01;36:*.xspf=01;36:*~=00;90:*#=00;90:*.bak=00;90:*.crdownload=00;90:*.dpkg-dist=00;90:*.dpkg-new=00;90:*.dpkg-old=00;90:*.dpkg-tmp=00;90:*.old=00;90:*.orig=00;90:*.part=00;90:*.rej=00;90:*.rpmnew=00;90:*.rpmorig=00;90:*.rpmsave=00;90:*.swp=00;90:*.tmp=00;90:*.ucf-dist=00;90:*.ucf-new=00;90:*.ucf-old=00;90:
    [SSH_CONNECTION] => 192.168.1.79 51368 192.168.1.126 22
    [MOZ_GMP_PATH] => /usr/lib64/mozilla/plugins/gmp-gmpopenh264/system-installed:/var/lib/widevine/gmp-widevinecdm/system-installed
    [XDG_SESSION_CLASS] => user
    [SELINUX_ROLE_REQUESTED] => 
    [TERM] => xterm-256color
    [LC_IDENTIFICATION] => ja_JP.utf8
    [LESSOPEN] => ||/usr/bin/lesspipe.sh %s
    [USER] => kn
    [SELINUX_USE_CURRENT_RANGE] => 
    [SHLVL] => 1
    [LC_TELEPHONE] => ja_JP.utf8
    [LC_MEASUREMENT] => ja_JP.utf8
    [XDG_SESSION_ID] => 15
    [XDG_RUNTIME_DIR] => /run/user/1000
    [SSH_CLIENT] => 192.168.1.79 51368 22
    [DEBUGINFOD_URLS] => https://debuginfod.fedoraproject.org/ 
    [LC_TIME] => ja_JP.utf8
    [DEBUGINFOD_IMA_CERT_PATH] => /etc/keys/ima:
    [KDEDIRS] => /usr
    [XDG_DATA_DIRS] => /home/kn/.local/share/flatpak/exports/share:/var/lib/flatpak/exports/share:/usr/local/share:/usr/share
    [PATH] => /home/kn/.local/bin:/home/kn/bin:/usr/local/bin:/usr/bin
    [SELINUX_LEVEL_REQUESTED] => 
    [DBUS_SESSION_BUS_ADDRESS] => unix:path=/run/user/1000/bus
    [MAIL] => /var/spool/mail/kn
    [SSH_TTY] => /dev/pts/1
    [LC_NUMERIC] => ja_JP.utf8
    [OLDPWD] => /var/www/html/result
    [PHP_SELF] => /var/www/cgi-bin/kendo-realtime/src/ws2Server.php
    [SCRIPT_NAME] => /var/www/cgi-bin/kendo-realtime/src/ws2Server.php
    [SCRIPT_FILENAME] => /var/www/cgi-bin/kendo-realtime/src/ws2Server.php
    [PATH_TRANSLATED] => /var/www/cgi-bin/kendo-realtime/src/ws2Server.php
    [DOCUMENT_ROOT] => 
    [REQUEST_TIME_FLOAT] => 1768686442.0333
    [REQUEST_TIME] => 1768686442
    [argv] => Array
        (
            [0] => /var/www/cgi-bin/kendo-realtime/src/ws2Server.php
        )

    [argc] => 1
)

msg:onCommand: 1,1004

[2026/01/18 16:18:01]--------------------------------------------------
server:Array
(
    [SHELL] => /bin/bash
    [HISTCONTROL] => ignoredups
    [HOSTNAME] => kn-macbookair
    [HISTSIZE] => 1000
    [LC_ADDRESS] => ja_JP.utf8
    [LC_NAME] => ja_JP.utf8
    [LC_MONETARY] => ja_JP.utf8
    [GPG_TTY] => /dev/pts/1
    [EDITOR] => /usr/bin/nano
    [PWD] => /var/www/cgi-bin
    [LOGNAME] => kn
    [XDG_SESSION_TYPE] => tty
    [_] => /usr/bin/nohup
    [MOTD_SHOWN] => pam
    [HOME] => /home/kn
    [SSH_ASKPASS] => /usr/bin/ksshaskpass
    [LANG] => ja_JP.utf8
    [LC_PAPER] => ja_JP.utf8
    [LS_COLORS] => rs=0:di=01;34:ln=01;36:mh=00:pi=40;33:so=01;35:do=01;35:bd=40;33;01:cd=40;33;01:or=40;31;01:mi=01;37;41:su=37;41:sg=30;43:ca=00:tw=30;42:ow=34;42:st=37;44:ex=01;32:*.7z=01;31:*.ace=01;31:*.alz=01;31:*.apk=01;31:*.arc=01;31:*.arj=01;31:*.bz=01;31:*.bz2=01;31:*.cab=01;31:*.cpio=01;31:*.crate=01;31:*.deb=01;31:*.drpm=01;31:*.dwm=01;31:*.dz=01;31:*.ear=01;31:*.egg=01;31:*.esd=01;31:*.gz=01;31:*.jar=01;31:*.lha=01;31:*.lrz=01;31:*.lz=01;31:*.lz4=01;31:*.lzh=01;31:*.lzma=01;31:*.lzo=01;31:*.pyz=01;31:*.rar=01;31:*.rpm=01;31:*.rz=01;31:*.sar=01;31:*.swm=01;31:*.t7z=01;31:*.tar=01;31:*.taz=01;31:*.tbz=01;31:*.tbz2=01;31:*.tgz=01;31:*.tlz=01;31:*.txz=01;31:*.tz=01;31:*.tzo=01;31:*.tzst=01;31:*.udeb=01;31:*.war=01;31:*.whl=01;31:*.wim=01;31:*.xz=01;31:*.z=01;31:*.zip=01;31:*.zoo=01;31:*.zst=01;31:*.avif=01;35:*.jpg=01;35:*.jpeg=01;35:*.mjpg=01;35:*.mjpeg=01;35:*.gif=01;35:*.bmp=01;35:*.pbm=01;35:*.pgm=01;35:*.ppm=01;35:*.tga=01;35:*.xbm=01;35:*.xpm=01;35:*.tif=01;35:*.tiff=01;35:*.png=01;35:*.svg=01;35:*.svgz=01;35:*.mng=01;35:*.pcx=01;35:*.mov=01;35:*.mpg=01;35:*.mpeg=01;35:*.m2v=01;35:*.mkv=01;35:*.webm=01;35:*.webp=01;35:*.ogm=01;35:*.mp4=01;35:*.m4v=01;35:*.mp4v=01;35:*.vob=01;35:*.qt=01;35:*.nuv=01;35:*.wmv=01;35:*.asf=01;35:*.rm=01;35:*.rmvb=01;35:*.flc=01;35:*.avi=01;35:*.fli=01;35:*.flv=01;35:*.gl=01;35:*.dl=01;35:*.xcf=01;35:*.xwd=01;35:*.yuv=01;35:*.cgm=01;35:*.emf=01;35:*.ogv=01;35:*.ogx=01;35:*.aac=01;36:*.au=01;36:*.flac=01;36:*.m4a=01;36:*.mid=01;36:*.midi=01;36:*.mka=01;36:*.mp3=01;36:*.mpc=01;36:*.ogg=01;36:*.ra=01;36:*.wav=01;36:*.oga=01;36:*.opus=01;36:*.spx=01;36:*.xspf=01;36:*~=00;90:*#=00;90:*.bak=00;90:*.crdownload=00;90:*.dpkg-dist=00;90:*.dpkg-new=00;90:*.dpkg-old=00;90:*.dpkg-tmp=00;90:*.old=00;90:*.orig=00;90:*.part=00;90:*.rej=00;90:*.rpmnew=00;90:*.rpmorig=00;90:*.rpmsave=00;90:*.swp=00;90:*.tmp=00;90:*.ucf-dist=00;90:*.ucf-new=00;90:*.ucf-old=00;90:
    [SSH_CONNECTION] => 192.168.1.79 51368 192.168.1.126 22
    [MOZ_GMP_PATH] => /usr/lib64/mozilla/plugins/gmp-gmpopenh264/system-installed:/var/lib/widevine/gmp-widevinecdm/system-installed
    [XDG_SESSION_CLASS] => user
    [SELINUX_ROLE_REQUESTED] => 
    [TERM] => xterm-256color
    [LC_IDENTIFICATION] => ja_JP.utf8
    [LESSOPEN] => ||/usr/bin/lesspipe.sh %s
    [USER] => kn
    [SELINUX_USE_CURRENT_RANGE] => 
    [SHLVL] => 1
    [LC_TELEPHONE] => ja_JP.utf8
    [LC_MEASUREMENT] => ja_JP.utf8
    [XDG_SESSION_ID] => 15
    [XDG_RUNTIME_DIR] => /run/user/1000
    [SSH_CLIENT] => 192.168.1.79 51368 22
    [DEBUGINFOD_URLS] => https://debuginfod.fedoraproject.org/ 
    [LC_TIME] => ja_JP.utf8
    [DEBUGINFOD_IMA_CERT_PATH] => /etc/keys/ima:
    [KDEDIRS] => /usr
    [XDG_DATA_DIRS] => /home/kn/.local/share/flatpak/exports/share:/var/lib/flatpak/exports/share:/usr/local/share:/usr/share
    [PATH] => /home/kn/.local/bin:/home/kn/bin:/usr/local/bin:/usr/bin
    [SELINUX_LEVEL_REQUESTED] => 
    [DBUS_SESSION_BUS_ADDRESS] => unix:path=/run/user/1000/bus
    [MAIL] => /var/spool/mail/kn
    [SSH_TTY] => /dev/pts/1
    [LC_NUMERIC] => ja_JP.utf8
    [OLDPWD] => /var/www/html/result
    [PHP_SELF] => /var/www/cgi-bin/kendo-realtime/src/wsServer.php
    [SCRIPT_NAME] => /var/www/cgi-bin/kendo-realtime/src/wsServer.php
    [SCRIPT_FILENAME] => /var/www/cgi-bin/kendo-realtime/src/wsServer.php
    [PATH_TRANSLATED] => /var/www/cgi-bin/kendo-realtime/src/wsServer.php
    [DOCUMENT_ROOT] => 
    [REQUEST_TIME_FLOAT] => 1768686442.0477
    [REQUEST_TIME] => 1768686442
    [argv] => Array
        (
            [0] => /var/www/cgi-bin/kendo-realtime/src/wsServer.php
        )

    [argc] => 1
)

msg:New Connection (262:0)

[2026/01/18 16:18:01]--------------------------------------------------
server:Array
(
    [SHELL] => /bin/bash
    [HISTCONTROL] => ignoredups
    [HOSTNAME] => kn-macbookair
    [HISTSIZE] => 1000
    [LC_ADDRESS] => ja_JP.utf8
    [LC_NAME] => ja_JP.utf8
    [LC_MONETARY] => ja_JP.utf8
    [GPG_TTY] => /dev/pts/1
    [EDITOR] => /usr/bin/nano
    [PWD] => /var/www/cgi-bin
    [LOGNAME] => kn
    [XDG_SESSION_TYPE] => tty
    [_] => /usr/bin/nohup
    [MOTD_SHOWN] => pam
    [HOME] => /home/kn
    [SSH_ASKPASS] => /usr/bin/ksshaskpass
    [LANG] => ja_JP.utf8
    [LC_PAPER] => ja_JP.utf8
    [LS_COLORS] => rs=0:di=01;34:ln=01;36:mh=00:pi=40;33:so=01;35:do=01;35:bd=40;33;01:cd=40;33;01:or=40;31;01:mi=01;37;41:su=37;41:sg=30;43:ca=00:tw=30;42:ow=34;42:st=37;44:ex=01;32:*.7z=01;31:*.ace=01;31:*.alz=01;31:*.apk=01;31:*.arc=01;31:*.arj=01;31:*.bz=01;31:*.bz2=01;31:*.cab=01;31:*.cpio=01;31:*.crate=01;31:*.deb=01;31:*.drpm=01;31:*.dwm=01;31:*.dz=01;31:*.ear=01;31:*.egg=01;31:*.esd=01;31:*.gz=01;31:*.jar=01;31:*.lha=01;31:*.lrz=01;31:*.lz=01;31:*.lz4=01;31:*.lzh=01;31:*.lzma=01;31:*.lzo=01;31:*.pyz=01;31:*.rar=01;31:*.rpm=01;31:*.rz=01;31:*.sar=01;31:*.swm=01;31:*.t7z=01;31:*.tar=01;31:*.taz=01;31:*.tbz=01;31:*.tbz2=01;31:*.tgz=01;31:*.tlz=01;31:*.txz=01;31:*.tz=01;31:*.tzo=01;31:*.tzst=01;31:*.udeb=01;31:*.war=01;31:*.whl=01;31:*.wim=01;31:*.xz=01;31:*.z=01;31:*.zip=01;31:*.zoo=01;31:*.zst=01;31:*.avif=01;35:*.jpg=01;35:*.jpeg=01;35:*.mjpg=01;35:*.mjpeg=01;35:*.gif=01;35:*.bmp=01;35:*.pbm=01;35:*.pgm=01;35:*.ppm=01;35:*.tga=01;35:*.xbm=01;35:*.xpm=01;35:*.tif=01;35:*.tiff=01;35:*.png=01;35:*.svg=01;35:*.svgz=01;35:*.mng=01;35:*.pcx=01;35:*.mov=01;35:*.mpg=01;35:*.mpeg=01;35:*.m2v=01;35:*.mkv=01;35:*.webm=01;35:*.webp=01;35:*.ogm=01;35:*.mp4=01;35:*.m4v=01;35:*.mp4v=01;35:*.vob=01;35:*.qt=01;35:*.nuv=01;35:*.wmv=01;35:*.asf=01;35:*.rm=01;35:*.rmvb=01;35:*.flc=01;35:*.avi=01;35:*.fli=01;35:*.flv=01;35:*.gl=01;35:*.dl=01;35:*.xcf=01;35:*.xwd=01;35:*.yuv=01;35:*.cgm=01;35:*.emf=01;35:*.ogv=01;35:*.ogx=01;35:*.aac=01;36:*.au=01;36:*.flac=01;36:*.m4a=01;36:*.mid=01;36:*.midi=01;36:*.mka=01;36:*.mp3=01;36:*.mpc=01;36:*.ogg=01;36:*.ra=01;36:*.wav=01;36:*.oga=01;36:*.opus=01;36:*.spx=01;36:*.xspf=01;36:*~=00;90:*#=00;90:*.bak=00;90:*.crdownload=00;90:*.dpkg-dist=00;90:*.dpkg-new=00;90:*.dpkg-old=00;90:*.dpkg-tmp=00;90:*.old=00;90:*.orig=00;90:*.part=00;90:*.rej=00;90:*.rpmnew=00;90:*.rpmorig=00;90:*.rpmsave=00;90:*.swp=00;90:*.tmp=00;90:*.ucf-dist=00;90:*.ucf-new=00;90:*.ucf-old=00;90:
    [SSH_CONNECTION] => 192.168.1.79 51368 192.168.1.126 22
    [MOZ_GMP_PATH] => /usr/lib64/mozilla/plugins/gmp-gmpopenh264/system-installed:/var/lib/widevine/gmp-widevinecdm/system-installed
    [XDG_SESSION_CLASS] => user
    [SELINUX_ROLE_REQUESTED] => 
    [TERM] => xterm-256color
    [LC_IDENTIFICATION] => ja_JP.utf8
    [LESSOPEN] => ||/usr/bin/lesspipe.sh %s
    [USER] => kn
    [SELINUX_USE_CURRENT_RANGE] => 
    [SHLVL] => 1
    [LC_TELEPHONE] => ja_JP.utf8
    [LC_MEASUREMENT] => ja_JP.utf8
    [XDG_SESSION_ID] => 15
    [XDG_RUNTIME_DIR] => /run/user/1000
    [SSH_CLIENT] => 192.168.1.79 51368 22
    [DEBUGINFOD_URLS] => https://debuginfod.fedoraproject.org/ 
    [LC_TIME] => ja_JP.utf8
    [DEBUGINFOD_IMA_CERT_PATH] => /etc/keys/ima:
    [KDEDIRS] => /usr
    [XDG_DATA_DIRS] => /home/kn/.local/share/flatpak/exports/share:/var/lib/flatpak/exports/share:/usr/local/share:/usr/share
    [PATH] => /home/kn/.local/bin:/home/kn/bin:/usr/local/bin:/usr/bin
    [SELINUX_LEVEL_REQUESTED] => 
    [DBUS_SESSION_BUS_ADDRESS] => unix:path=/run/user/1000/bus
    [MAIL] => /var/spool/mail/kn
    [SSH_TTY] => /dev/pts/1
    [LC_NUMERIC] => ja_JP.utf8
    [OLDPWD] => /var/www/html/result
    [PHP_SELF] => /var/www/cgi-bin/kendo-realtime/src/wsServer.php
    [SCRIPT_NAME] => /var/www/cgi-bin/kendo-realtime/src/wsServer.php
    [SCRIPT_FILENAME] => /var/www/cgi-bin/kendo-realtime/src/wsServer.php
    [PATH_TRANSLATED] => /var/www/cgi-bin/kendo-realtime/src/wsServer.php
    [DOCUMENT_ROOT] => 
    [REQUEST_TIME_FLOAT] => 1768686442.0477
    [REQUEST_TIME] => 1768686442
    [argv] => Array
        (
            [0] => /var/www/cgi-bin/kendo-realtime/src/wsServer.php
        )

    [argc] => 1
)

msg:onMessage: {"mode":1,"navi":1004,"places":[6]}

[2026/01/18 16:19:10]--------------------------------------------------
server:Array
(
    [SHELL] => /bin/bash
    [HISTCONTROL] => ignoredups
    [HOSTNAME] => kn-macbookair
    [HISTSIZE] => 1000
    [LC_ADDRESS] => ja_JP.utf8
    [LC_NAME] => ja_JP.utf8
    [LC_MONETARY] => ja_JP.utf8
    [GPG_TTY] => /dev/pts/1
    [EDITOR] => /usr/bin/nano
    [PWD] => /var/www/cgi-bin
    [LOGNAME] => kn
    [XDG_SESSION_TYPE] => tty
    [_] => /usr/bin/nohup
    [MOTD_SHOWN] => pam
    [HOME] => /home/kn
    [SSH_ASKPASS] => /usr/bin/ksshaskpass
    [LANG] => ja_JP.utf8
    [LC_PAPER] => ja_JP.utf8
    [LS_COLORS] => rs=0:di=01;34:ln=01;36:mh=00:pi=40;33:so=01;35:do=01;35:bd=40;33;01:cd=40;33;01:or=40;31;01:mi=01;37;41:su=37;41:sg=30;43:ca=00:tw=30;42:ow=34;42:st=37;44:ex=01;32:*.7z=01;31:*.ace=01;31:*.alz=01;31:*.apk=01;31:*.arc=01;31:*.arj=01;31:*.bz=01;31:*.bz2=01;31:*.cab=01;31:*.cpio=01;31:*.crate=01;31:*.deb=01;31:*.drpm=01;31:*.dwm=01;31:*.dz=01;31:*.ear=01;31:*.egg=01;31:*.esd=01;31:*.gz=01;31:*.jar=01;31:*.lha=01;31:*.lrz=01;31:*.lz=01;31:*.lz4=01;31:*.lzh=01;31:*.lzma=01;31:*.lzo=01;31:*.pyz=01;31:*.rar=01;31:*.rpm=01;31:*.rz=01;31:*.sar=01;31:*.swm=01;31:*.t7z=01;31:*.tar=01;31:*.taz=01;31:*.tbz=01;31:*.tbz2=01;31:*.tgz=01;31:*.tlz=01;31:*.txz=01;31:*.tz=01;31:*.tzo=01;31:*.tzst=01;31:*.udeb=01;31:*.war=01;31:*.whl=01;31:*.wim=01;31:*.xz=01;31:*.z=01;31:*.zip=01;31:*.zoo=01;31:*.zst=01;31:*.avif=01;35:*.jpg=01;35:*.jpeg=01;35:*.mjpg=01;35:*.mjpeg=01;35:*.gif=01;35:*.bmp=01;35:*.pbm=01;35:*.pgm=01;35:*.ppm=01;35:*.tga=01;35:*.xbm=01;35:*.xpm=01;35:*.tif=01;35:*.tiff=01;35:*.png=01;35:*.svg=01;35:*.svgz=01;35:*.mng=01;35:*.pcx=01;35:*.mov=01;35:*.mpg=01;35:*.mpeg=01;35:*.m2v=01;35:*.mkv=01;35:*.webm=01;35:*.webp=01;35:*.ogm=01;35:*.mp4=01;35:*.m4v=01;35:*.mp4v=01;35:*.vob=01;35:*.qt=01;35:*.nuv=01;35:*.wmv=01;35:*.asf=01;35:*.rm=01;35:*.rmvb=01;35:*.flc=01;35:*.avi=01;35:*.fli=01;35:*.flv=01;35:*.gl=01;35:*.dl=01;35:*.xcf=01;35:*.xwd=01;35:*.yuv=01;35:*.cgm=01;35:*.emf=01;35:*.ogv=01;35:*.ogx=01;35:*.aac=01;36:*.au=01;36:*.flac=01;36:*.m4a=01;36:*.mid=01;36:*.midi=01;36:*.mka=01;36:*.mp3=01;36:*.mpc=01;36:*.ogg=01;36:*.ra=01;36:*.wav=01;36:*.oga=01;36:*.opus=01;36:*.spx=01;36:*.xspf=01;36:*~=00;90:*#=00;90:*.bak=00;90:*.crdownload=00;90:*.dpkg-dist=00;90:*.dpkg-new=00;90:*.dpkg-old=00;90:*.dpkg-tmp=00;90:*.old=00;90:*.orig=00;90:*.part=00;90:*.rej=00;90:*.rpmnew=00;90:*.rpmorig=00;90:*.rpmsave=00;90:*.swp=00;90:*.tmp=00;90:*.ucf-dist=00;90:*.ucf-new=00;90:*.ucf-old=00;90:
    [SSH_CONNECTION] => 192.168.1.79 51368 192.168.1.126 22
    [MOZ_GMP_PATH] => /usr/lib64/mozilla/plugins/gmp-gmpopenh264/system-installed:/var/lib/widevine/gmp-widevinecdm/system-installed
    [XDG_SESSION_CLASS] => user
    [SELINUX_ROLE_REQUESTED] => 
    [TERM] => xterm-256color
    [LC_IDENTIFICATION] => ja_JP.utf8
    [LESSOPEN] => ||/usr/bin/lesspipe.sh %s
    [USER] => kn
    [SELINUX_USE_CURRENT_RANGE] => 
    [SHLVL] => 1
    [LC_TELEPHONE] => ja_JP.utf8
    [LC_MEASUREMENT] => ja_JP.utf8
    [XDG_SESSION_ID] => 15
    [XDG_RUNTIME_DIR] => /run/user/1000
    [SSH_CLIENT] => 192.168.1.79 51368 22
    [DEBUGINFOD_URLS] => https://debuginfod.fedoraproject.org/ 
    [LC_TIME] => ja_JP.utf8
    [DEBUGINFOD_IMA_CERT_PATH] => /etc/keys/ima:
    [KDEDIRS] => /usr
    [XDG_DATA_DIRS] => /home/kn/.local/share/flatpak/exports/share:/var/lib/flatpak/exports/share:/usr/local/share:/usr/share
    [PATH] => /home/kn/.local/bin:/home/kn/bin:/usr/local/bin:/usr/bin
    [SELINUX_LEVEL_REQUESTED] => 
    [DBUS_SESSION_BUS_ADDRESS] => unix:path=/run/user/1000/bus
    [MAIL] => /var/spool/mail/kn
    [SSH_TTY] => /dev/pts/1
    [LC_NUMERIC] => ja_JP.utf8
    [OLDPWD] => /var/www/html/result
    [PHP_SELF] => /var/www/cgi-bin/kendo-realtime/src/wsServer.php
    [SCRIPT_NAME] => /var/www/cgi-bin/kendo-realtime/src/wsServer.php
    [SCRIPT_FILENAME] => /var/www/cgi-bin/kendo-realtime/src/wsServer.php
    [PATH_TRANSLATED] => /var/www/cgi-bin/kendo-realtime/src/wsServer.php
    [DOCUMENT_ROOT] => 
    [REQUEST_TIME_FLOAT] => 1768686442.0477
    [REQUEST_TIME] => 1768686442
    [argv] => Array
        (
            [0] => /var/www/cgi-bin/kendo-realtime/src/wsServer.php
        )

    [argc] => 1
)

msg:onCommand: 1,1004

[2026/01/18 16:19:10]--------------------------------------------------
server:Array
(
    [SHELL] => /bin/bash
    [HISTCONTROL] => ignoredups
    [HOSTNAME] => kn-macbookair
    [HISTSIZE] => 1000
    [LC_ADDRESS] => ja_JP.utf8
    [LC_NAME] => ja_JP.utf8
    [LC_MONETARY] => ja_JP.utf8
    [GPG_TTY] => /dev/pts/1
    [EDITOR] => /usr/bin/nano
    [PWD] => /var/www/cgi-bin
    [LOGNAME] => kn
    [XDG_SESSION_TYPE] => tty
    [_] => /usr/bin/nohup
    [MOTD_SHOWN] => pam
    [HOME] => /home/kn
    [SSH_ASKPASS] => /usr/bin/ksshaskpass
    [LANG] => ja_JP.utf8
    [LC_PAPER] => ja_JP.utf8
    [LS_COLORS] => rs=0:di=01;34:ln=01;36:mh=00:pi=40;33:so=01;35:do=01;35:bd=40;33;01:cd=40;33;01:or=40;31;01:mi=01;37;41:su=37;41:sg=30;43:ca=00:tw=30;42:ow=34;42:st=37;44:ex=01;32:*.7z=01;31:*.ace=01;31:*.alz=01;31:*.apk=01;31:*.arc=01;31:*.arj=01;31:*.bz=01;31:*.bz2=01;31:*.cab=01;31:*.cpio=01;31:*.crate=01;31:*.deb=01;31:*.drpm=01;31:*.dwm=01;31:*.dz=01;31:*.ear=01;31:*.egg=01;31:*.esd=01;31:*.gz=01;31:*.jar=01;31:*.lha=01;31:*.lrz=01;31:*.lz=01;31:*.lz4=01;31:*.lzh=01;31:*.lzma=01;31:*.lzo=01;31:*.pyz=01;31:*.rar=01;31:*.rpm=01;31:*.rz=01;31:*.sar=01;31:*.swm=01;31:*.t7z=01;31:*.tar=01;31:*.taz=01;31:*.tbz=01;31:*.tbz2=01;31:*.tgz=01;31:*.tlz=01;31:*.txz=01;31:*.tz=01;31:*.tzo=01;31:*.tzst=01;31:*.udeb=01;31:*.war=01;31:*.whl=01;31:*.wim=01;31:*.xz=01;31:*.z=01;31:*.zip=01;31:*.zoo=01;31:*.zst=01;31:*.avif=01;35:*.jpg=01;35:*.jpeg=01;35:*.mjpg=01;35:*.mjpeg=01;35:*.gif=01;35:*.bmp=01;35:*.pbm=01;35:*.pgm=01;35:*.ppm=01;35:*.tga=01;35:*.xbm=01;35:*.xpm=01;35:*.tif=01;35:*.tiff=01;35:*.png=01;35:*.svg=01;35:*.svgz=01;35:*.mng=01;35:*.pcx=01;35:*.mov=01;35:*.mpg=01;35:*.mpeg=01;35:*.m2v=01;35:*.mkv=01;35:*.webm=01;35:*.webp=01;35:*.ogm=01;35:*.mp4=01;35:*.m4v=01;35:*.mp4v=01;35:*.vob=01;35:*.qt=01;35:*.nuv=01;35:*.wmv=01;35:*.asf=01;35:*.rm=01;35:*.rmvb=01;35:*.flc=01;35:*.avi=01;35:*.fli=01;35:*.flv=01;35:*.gl=01;35:*.dl=01;35:*.xcf=01;35:*.xwd=01;35:*.yuv=01;35:*.cgm=01;35:*.emf=01;35:*.ogv=01;35:*.ogx=01;35:*.aac=01;36:*.au=01;36:*.flac=01;36:*.m4a=01;36:*.mid=01;36:*.midi=01;36:*.mka=01;36:*.mp3=01;36:*.mpc=01;36:*.ogg=01;36:*.ra=01;36:*.wav=01;36:*.oga=01;36:*.opus=01;36:*.spx=01;36:*.xspf=01;36:*~=00;90:*#=00;90:*.bak=00;90:*.crdownload=00;90:*.dpkg-dist=00;90:*.dpkg-new=00;90:*.dpkg-old=00;90:*.dpkg-tmp=00;90:*.old=00;90:*.orig=00;90:*.part=00;90:*.rej=00;90:*.rpmnew=00;90:*.rpmorig=00;90:*.rpmsave=00;90:*.swp=00;90:*.tmp=00;90:*.ucf-dist=00;90:*.ucf-new=00;90:*.ucf-old=00;90:
    [SSH_CONNECTION] => 192.168.1.79 51368 192.168.1.126 22
    [MOZ_GMP_PATH] => /usr/lib64/mozilla/plugins/gmp-gmpopenh264/system-installed:/var/lib/widevine/gmp-widevinecdm/system-installed
    [XDG_SESSION_CLASS] => user
    [SELINUX_ROLE_REQUESTED] => 
    [TERM] => xterm-256color
    [LC_IDENTIFICATION] => ja_JP.utf8
    [LESSOPEN] => ||/usr/bin/lesspipe.sh %s
    [USER] => kn
    [SELINUX_USE_CURRENT_RANGE] => 
    [SHLVL] => 1
    [LC_TELEPHONE] => ja_JP.utf8
    [LC_MEASUREMENT] => ja_JP.utf8
    [XDG_SESSION_ID] => 15
    [XDG_RUNTIME_DIR] => /run/user/1000
    [SSH_CLIENT] => 192.168.1.79 51368 22
    [DEBUGINFOD_URLS] => https://debuginfod.fedoraproject.org/ 
    [LC_TIME] => ja_JP.utf8
    [DEBUGINFOD_IMA_CERT_PATH] => /etc/keys/ima:
    [KDEDIRS] => /usr
    [XDG_DATA_DIRS] => /home/kn/.local/share/flatpak/exports/share:/var/lib/flatpak/exports/share:/usr/local/share:/usr/share
    [PATH] => /home/kn/.local/bin:/home/kn/bin:/usr/local/bin:/usr/bin
    [SELINUX_LEVEL_REQUESTED] => 
    [DBUS_SESSION_BUS_ADDRESS] => unix:path=/run/user/1000/bus
    [MAIL] => /var/spool/mail/kn
    [SSH_TTY] => /dev/pts/1
    [LC_NUMERIC] => ja_JP.utf8
    [OLDPWD] => /var/www/html/result
    [PHP_SELF] => /var/www/cgi-bin/kendo-realtime/src/ws2Server.php
    [SCRIPT_NAME] => /var/www/cgi-bin/kendo-realtime/src/ws2Server.php
    [SCRIPT_FILENAME] => /var/www/cgi-bin/kendo-realtime/src/ws2Server.php
    [PATH_TRANSLATED] => /var/www/cgi-bin/kendo-realtime/src/ws2Server.php
    [DOCUMENT_ROOT] => 
    [REQUEST_TIME_FLOAT] => 1768686442.0333
    [REQUEST_TIME] => 1768686442
    [argv] => Array
        (
            [0] => /var/www/cgi-bin/kendo-realtime/src/ws2Server.php
        )

    [argc] => 1
)

msg:onCommand: 1,1004

[2026/01/18 16:29:14]--------------------------------------------------
server:Array
(
    [SHELL] => /bin/bash
    [HISTCONTROL] => ignoredups
    [HOSTNAME] => kn-macbookair
    [HISTSIZE] => 1000
    [LC_ADDRESS] => ja_JP.utf8
    [LC_NAME] => ja_JP.utf8
    [LC_MONETARY] => ja_JP.utf8
    [GPG_TTY] => /dev/pts/1
    [EDITOR] => /usr/bin/nano
    [PWD] => /var/www/cgi-bin
    [LOGNAME] => kn
    [XDG_SESSION_TYPE] => tty
    [_] => /usr/bin/nohup
    [MOTD_SHOWN] => pam
    [HOME] => /home/kn
    [SSH_ASKPASS] => /usr/bin/ksshaskpass
    [LANG] => ja_JP.utf8
    [LC_PAPER] => ja_JP.utf8
    [LS_COLORS] => rs=0:di=01;34:ln=01;36:mh=00:pi=40;33:so=01;35:do=01;35:bd=40;33;01:cd=40;33;01:or=40;31;01:mi=01;37;41:su=37;41:sg=30;43:ca=00:tw=30;42:ow=34;42:st=37;44:ex=01;32:*.7z=01;31:*.ace=01;31:*.alz=01;31:*.apk=01;31:*.arc=01;31:*.arj=01;31:*.bz=01;31:*.bz2=01;31:*.cab=01;31:*.cpio=01;31:*.crate=01;31:*.deb=01;31:*.drpm=01;31:*.dwm=01;31:*.dz=01;31:*.ear=01;31:*.egg=01;31:*.esd=01;31:*.gz=01;31:*.jar=01;31:*.lha=01;31:*.lrz=01;31:*.lz=01;31:*.lz4=01;31:*.lzh=01;31:*.lzma=01;31:*.lzo=01;31:*.pyz=01;31:*.rar=01;31:*.rpm=01;31:*.rz=01;31:*.sar=01;31:*.swm=01;31:*.t7z=01;31:*.tar=01;31:*.taz=01;31:*.tbz=01;31:*.tbz2=01;31:*.tgz=01;31:*.tlz=01;31:*.txz=01;31:*.tz=01;31:*.tzo=01;31:*.tzst=01;31:*.udeb=01;31:*.war=01;31:*.whl=01;31:*.wim=01;31:*.xz=01;31:*.z=01;31:*.zip=01;31:*.zoo=01;31:*.zst=01;31:*.avif=01;35:*.jpg=01;35:*.jpeg=01;35:*.mjpg=01;35:*.mjpeg=01;35:*.gif=01;35:*.bmp=01;35:*.pbm=01;35:*.pgm=01;35:*.ppm=01;35:*.tga=01;35:*.xbm=01;35:*.xpm=01;35:*.tif=01;35:*.tiff=01;35:*.png=01;35:*.svg=01;35:*.svgz=01;35:*.mng=01;35:*.pcx=01;35:*.mov=01;35:*.mpg=01;35:*.mpeg=01;35:*.m2v=01;35:*.mkv=01;35:*.webm=01;35:*.webp=01;35:*.ogm=01;35:*.mp4=01;35:*.m4v=01;35:*.mp4v=01;35:*.vob=01;35:*.qt=01;35:*.nuv=01;35:*.wmv=01;35:*.asf=01;35:*.rm=01;35:*.rmvb=01;35:*.flc=01;35:*.avi=01;35:*.fli=01;35:*.flv=01;35:*.gl=01;35:*.dl=01;35:*.xcf=01;35:*.xwd=01;35:*.yuv=01;35:*.cgm=01;35:*.emf=01;35:*.ogv=01;35:*.ogx=01;35:*.aac=01;36:*.au=01;36:*.flac=01;36:*.m4a=01;36:*.mid=01;36:*.midi=01;36:*.mka=01;36:*.mp3=01;36:*.mpc=01;36:*.ogg=01;36:*.ra=01;36:*.wav=01;36:*.oga=01;36:*.opus=01;36:*.spx=01;36:*.xspf=01;36:*~=00;90:*#=00;90:*.bak=00;90:*.crdownload=00;90:*.dpkg-dist=00;90:*.dpkg-new=00;90:*.dpkg-old=00;90:*.dpkg-tmp=00;90:*.old=00;90:*.orig=00;90:*.part=00;90:*.rej=00;90:*.rpmnew=00;90:*.rpmorig=00;90:*.rpmsave=00;90:*.swp=00;90:*.tmp=00;90:*.ucf-dist=00;90:*.ucf-new=00;90:*.ucf-old=00;90:
    [SSH_CONNECTION] => 192.168.1.79 51368 192.168.1.126 22
    [MOZ_GMP_PATH] => /usr/lib64/mozilla/plugins/gmp-gmpopenh264/system-installed:/var/lib/widevine/gmp-widevinecdm/system-installed
    [XDG_SESSION_CLASS] => user
    [SELINUX_ROLE_REQUESTED] => 
    [TERM] => xterm-256color
    [LC_IDENTIFICATION] => ja_JP.utf8
    [LESSOPEN] => ||/usr/bin/lesspipe.sh %s
    [USER] => kn
    [SELINUX_USE_CURRENT_RANGE] => 
    [SHLVL] => 1
    [LC_TELEPHONE] => ja_JP.utf8
    [LC_MEASUREMENT] => ja_JP.utf8
    [XDG_SESSION_ID] => 15
    [XDG_RUNTIME_DIR] => /run/user/1000
    [SSH_CLIENT] => 192.168.1.79 51368 22
    [DEBUGINFOD_URLS] => https://debuginfod.fedoraproject.org/ 
    [LC_TIME] => ja_JP.utf8
    [DEBUGINFOD_IMA_CERT_PATH] => /etc/keys/ima:
    [KDEDIRS] => /usr
    [XDG_DATA_DIRS] => /home/kn/.local/share/flatpak/exports/share:/var/lib/flatpak/exports/share:/usr/local/share:/usr/share
    [PATH] => /home/kn/.local/bin:/home/kn/bin:/usr/local/bin:/usr/bin
    [SELINUX_LEVEL_REQUESTED] => 
    [DBUS_SESSION_BUS_ADDRESS] => unix:path=/run/user/1000/bus
    [MAIL] => /var/spool/mail/kn
    [SSH_TTY] => /dev/pts/1
    [LC_NUMERIC] => ja_JP.utf8
    [OLDPWD] => /var/www/html/result
    [PHP_SELF] => /var/www/cgi-bin/kendo-realtime/src/wsServer.php
    [SCRIPT_NAME] => /var/www/cgi-bin/kendo-realtime/src/wsServer.php
    [SCRIPT_FILENAME] => /var/www/cgi-bin/kendo-realtime/src/wsServer.php
    [PATH_TRANSLATED] => /var/www/cgi-bin/kendo-realtime/src/wsServer.php
    [DOCUMENT_ROOT] => 
    [REQUEST_TIME_FLOAT] => 1768686442.0477
    [REQUEST_TIME] => 1768686442
    [argv] => Array
        (
            [0] => /var/www/cgi-bin/kendo-realtime/src/wsServer.php
        )

    [argc] => 1
)

msg:New Connection (269:0)

[2026/01/18 16:29:14]--------------------------------------------------
server:Array
(
    [SHELL] => /bin/bash
    [HISTCONTROL] => ignoredups
    [HOSTNAME] => kn-macbookair
    [HISTSIZE] => 1000
    [LC_ADDRESS] => ja_JP.utf8
    [LC_NAME] => ja_JP.utf8
    [LC_MONETARY] => ja_JP.utf8
    [GPG_TTY] => /dev/pts/1
    [EDITOR] => /usr/bin/nano
    [PWD] => /var/www/cgi-bin
    [LOGNAME] => kn
    [XDG_SESSION_TYPE] => tty
    [_] => /usr/bin/nohup
    [MOTD_SHOWN] => pam
    [HOME] => /home/kn
    [SSH_ASKPASS] => /usr/bin/ksshaskpass
    [LANG] => ja_JP.utf8
    [LC_PAPER] => ja_JP.utf8
    [LS_COLORS] => rs=0:di=01;34:ln=01;36:mh=00:pi=40;33:so=01;35:do=01;35:bd=40;33;01:cd=40;33;01:or=40;31;01:mi=01;37;41:su=37;41:sg=30;43:ca=00:tw=30;42:ow=34;42:st=37;44:ex=01;32:*.7z=01;31:*.ace=01;31:*.alz=01;31:*.apk=01;31:*.arc=01;31:*.arj=01;31:*.bz=01;31:*.bz2=01;31:*.cab=01;31:*.cpio=01;31:*.crate=01;31:*.deb=01;31:*.drpm=01;31:*.dwm=01;31:*.dz=01;31:*.ear=01;31:*.egg=01;31:*.esd=01;31:*.gz=01;31:*.jar=01;31:*.lha=01;31:*.lrz=01;31:*.lz=01;31:*.lz4=01;31:*.lzh=01;31:*.lzma=01;31:*.lzo=01;31:*.pyz=01;31:*.rar=01;31:*.rpm=01;31:*.rz=01;31:*.sar=01;31:*.swm=01;31:*.t7z=01;31:*.tar=01;31:*.taz=01;31:*.tbz=01;31:*.tbz2=01;31:*.tgz=01;31:*.tlz=01;31:*.txz=01;31:*.tz=01;31:*.tzo=01;31:*.tzst=01;31:*.udeb=01;31:*.war=01;31:*.whl=01;31:*.wim=01;31:*.xz=01;31:*.z=01;31:*.zip=01;31:*.zoo=01;31:*.zst=01;31:*.avif=01;35:*.jpg=01;35:*.jpeg=01;35:*.mjpg=01;35:*.mjpeg=01;35:*.gif=01;35:*.bmp=01;35:*.pbm=01;35:*.pgm=01;35:*.ppm=01;35:*.tga=01;35:*.xbm=01;35:*.xpm=01;35:*.tif=01;35:*.tiff=01;35:*.png=01;35:*.svg=01;35:*.svgz=01;35:*.mng=01;35:*.pcx=01;35:*.mov=01;35:*.mpg=01;35:*.mpeg=01;35:*.m2v=01;35:*.mkv=01;35:*.webm=01;35:*.webp=01;35:*.ogm=01;35:*.mp4=01;35:*.m4v=01;35:*.mp4v=01;35:*.vob=01;35:*.qt=01;35:*.nuv=01;35:*.wmv=01;35:*.asf=01;35:*.rm=01;35:*.rmvb=01;35:*.flc=01;35:*.avi=01;35:*.fli=01;35:*.flv=01;35:*.gl=01;35:*.dl=01;35:*.xcf=01;35:*.xwd=01;35:*.yuv=01;35:*.cgm=01;35:*.emf=01;35:*.ogv=01;35:*.ogx=01;35:*.aac=01;36:*.au=01;36:*.flac=01;36:*.m4a=01;36:*.mid=01;36:*.midi=01;36:*.mka=01;36:*.mp3=01;36:*.mpc=01;36:*.ogg=01;36:*.ra=01;36:*.wav=01;36:*.oga=01;36:*.opus=01;36:*.spx=01;36:*.xspf=01;36:*~=00;90:*#=00;90:*.bak=00;90:*.crdownload=00;90:*.dpkg-dist=00;90:*.dpkg-new=00;90:*.dpkg-old=00;90:*.dpkg-tmp=00;90:*.old=00;90:*.orig=00;90:*.part=00;90:*.rej=00;90:*.rpmnew=00;90:*.rpmorig=00;90:*.rpmsave=00;90:*.swp=00;90:*.tmp=00;90:*.ucf-dist=00;90:*.ucf-new=00;90:*.ucf-old=00;90:
    [SSH_CONNECTION] => 192.168.1.79 51368 192.168.1.126 22
    [MOZ_GMP_PATH] => /usr/lib64/mozilla/plugins/gmp-gmpopenh264/system-installed:/var/lib/widevine/gmp-widevinecdm/system-installed
    [XDG_SESSION_CLASS] => user
    [SELINUX_ROLE_REQUESTED] => 
    [TERM] => xterm-256color
    [LC_IDENTIFICATION] => ja_JP.utf8
    [LESSOPEN] => ||/usr/bin/lesspipe.sh %s
    [USER] => kn
    [SELINUX_USE_CURRENT_RANGE] => 
    [SHLVL] => 1
    [LC_TELEPHONE] => ja_JP.utf8
    [LC_MEASUREMENT] => ja_JP.utf8
    [XDG_SESSION_ID] => 15
    [XDG_RUNTIME_DIR] => /run/user/1000
    [SSH_CLIENT] => 192.168.1.79 51368 22
    [DEBUGINFOD_URLS] => https://debuginfod.fedoraproject.org/ 
    [LC_TIME] => ja_JP.utf8
    [DEBUGINFOD_IMA_CERT_PATH] => /etc/keys/ima:
    [KDEDIRS] => /usr
    [XDG_DATA_DIRS] => /home/kn/.local/share/flatpak/exports/share:/var/lib/flatpak/exports/share:/usr/local/share:/usr/share
    [PATH] => /home/kn/.local/bin:/home/kn/bin:/usr/local/bin:/usr/bin
    [SELINUX_LEVEL_REQUESTED] => 
    [DBUS_SESSION_BUS_ADDRESS] => unix:path=/run/user/1000/bus
    [MAIL] => /var/spool/mail/kn
    [SSH_TTY] => /dev/pts/1
    [LC_NUMERIC] => ja_JP.utf8
    [OLDPWD] => /var/www/html/result
    [PHP_SELF] => /var/www/cgi-bin/kendo-realtime/src/wsServer.php
    [SCRIPT_NAME] => /var/www/cgi-bin/kendo-realtime/src/wsServer.php
    [SCRIPT_FILENAME] => /var/www/cgi-bin/kendo-realtime/src/wsServer.php
    [PATH_TRANSLATED] => /var/www/cgi-bin/kendo-realtime/src/wsServer.php
    [DOCUMENT_ROOT] => 
    [REQUEST_TIME_FLOAT] => 1768686442.0477
    [REQUEST_TIME] => 1768686442
    [argv] => Array
        (
            [0] => /var/www/cgi-bin/kendo-realtime/src/wsServer.php
        )

    [argc] => 1
)

msg:onMessage: {"mode":1,"navi":1004,"places":["1","2","3","4","5","6"]}

[2026/01/18 16:34:03]--------------------------------------------------
server:Array
(
    [SHELL] => /bin/bash
    [HISTCONTROL] => ignoredups
    [HOSTNAME] => kn-macbookair
    [HISTSIZE] => 1000
    [LC_ADDRESS] => ja_JP.utf8
    [LC_NAME] => ja_JP.utf8
    [LC_MONETARY] => ja_JP.utf8
    [GPG_TTY] => /dev/pts/1
    [EDITOR] => /usr/bin/nano
    [PWD] => /var/www/cgi-bin
    [LOGNAME] => kn
    [XDG_SESSION_TYPE] => tty
    [_] => /usr/bin/nohup
    [MOTD_SHOWN] => pam
    [HOME] => /home/kn
    [SSH_ASKPASS] => /usr/bin/ksshaskpass
    [LANG] => ja_JP.utf8
    [LC_PAPER] => ja_JP.utf8
    [LS_COLORS] => rs=0:di=01;34:ln=01;36:mh=00:pi=40;33:so=01;35:do=01;35:bd=40;33;01:cd=40;33;01:or=40;31;01:mi=01;37;41:su=37;41:sg=30;43:ca=00:tw=30;42:ow=34;42:st=37;44:ex=01;32:*.7z=01;31:*.ace=01;31:*.alz=01;31:*.apk=01;31:*.arc=01;31:*.arj=01;31:*.bz=01;31:*.bz2=01;31:*.cab=01;31:*.cpio=01;31:*.crate=01;31:*.deb=01;31:*.drpm=01;31:*.dwm=01;31:*.dz=01;31:*.ear=01;31:*.egg=01;31:*.esd=01;31:*.gz=01;31:*.jar=01;31:*.lha=01;31:*.lrz=01;31:*.lz=01;31:*.lz4=01;31:*.lzh=01;31:*.lzma=01;31:*.lzo=01;31:*.pyz=01;31:*.rar=01;31:*.rpm=01;31:*.rz=01;31:*.sar=01;31:*.swm=01;31:*.t7z=01;31:*.tar=01;31:*.taz=01;31:*.tbz=01;31:*.tbz2=01;31:*.tgz=01;31:*.tlz=01;31:*.txz=01;31:*.tz=01;31:*.tzo=01;31:*.tzst=01;31:*.udeb=01;31:*.war=01;31:*.whl=01;31:*.wim=01;31:*.xz=01;31:*.z=01;31:*.zip=01;31:*.zoo=01;31:*.zst=01;31:*.avif=01;35:*.jpg=01;35:*.jpeg=01;35:*.mjpg=01;35:*.mjpeg=01;35:*.gif=01;35:*.bmp=01;35:*.pbm=01;35:*.pgm=01;35:*.ppm=01;35:*.tga=01;35:*.xbm=01;35:*.xpm=01;35:*.tif=01;35:*.tiff=01;35:*.png=01;35:*.svg=01;35:*.svgz=01;35:*.mng=01;35:*.pcx=01;35:*.mov=01;35:*.mpg=01;35:*.mpeg=01;35:*.m2v=01;35:*.mkv=01;35:*.webm=01;35:*.webp=01;35:*.ogm=01;35:*.mp4=01;35:*.m4v=01;35:*.mp4v=01;35:*.vob=01;35:*.qt=01;35:*.nuv=01;35:*.wmv=01;35:*.asf=01;35:*.rm=01;35:*.rmvb=01;35:*.flc=01;35:*.avi=01;35:*.fli=01;35:*.flv=01;35:*.gl=01;35:*.dl=01;35:*.xcf=01;35:*.xwd=01;35:*.yuv=01;35:*.cgm=01;35:*.emf=01;35:*.ogv=01;35:*.ogx=01;35:*.aac=01;36:*.au=01;36:*.flac=01;36:*.m4a=01;36:*.mid=01;36:*.midi=01;36:*.mka=01;36:*.mp3=01;36:*.mpc=01;36:*.ogg=01;36:*.ra=01;36:*.wav=01;36:*.oga=01;36:*.opus=01;36:*.spx=01;36:*.xspf=01;36:*~=00;90:*#=00;90:*.bak=00;90:*.crdownload=00;90:*.dpkg-dist=00;90:*.dpkg-new=00;90:*.dpkg-old=00;90:*.dpkg-tmp=00;90:*.old=00;90:*.orig=00;90:*.part=00;90:*.rej=00;90:*.rpmnew=00;90:*.rpmorig=00;90:*.rpmsave=00;90:*.swp=00;90:*.tmp=00;90:*.ucf-dist=00;90:*.ucf-new=00;90:*.ucf-old=00;90:
    [SSH_CONNECTION] => 192.168.1.79 51368 192.168.1.126 22
    [MOZ_GMP_PATH] => /usr/lib64/mozilla/plugins/gmp-gmpopenh264/system-installed:/var/lib/widevine/gmp-widevinecdm/system-installed
    [XDG_SESSION_CLASS] => user
    [SELINUX_ROLE_REQUESTED] => 
    [TERM] => xterm-256color
    [LC_IDENTIFICATION] => ja_JP.utf8
    [LESSOPEN] => ||/usr/bin/lesspipe.sh %s
    [USER] => kn
    [SELINUX_USE_CURRENT_RANGE] => 
    [SHLVL] => 1
    [LC_TELEPHONE] => ja_JP.utf8
    [LC_MEASUREMENT] => ja_JP.utf8
    [XDG_SESSION_ID] => 15
    [XDG_RUNTIME_DIR] => /run/user/1000
    [SSH_CLIENT] => 192.168.1.79 51368 22
    [DEBUGINFOD_URLS] => https://debuginfod.fedoraproject.org/ 
    [LC_TIME] => ja_JP.utf8
    [DEBUGINFOD_IMA_CERT_PATH] => /etc/keys/ima:
    [KDEDIRS] => /usr
    [XDG_DATA_DIRS] => /home/kn/.local/share/flatpak/exports/share:/var/lib/flatpak/exports/share:/usr/local/share:/usr/share
    [PATH] => /home/kn/.local/bin:/home/kn/bin:/usr/local/bin:/usr/bin
    [SELINUX_LEVEL_REQUESTED] => 
    [DBUS_SESSION_BUS_ADDRESS] => unix:path=/run/user/1000/bus
    [MAIL] => /var/spool/mail/kn
    [SSH_TTY] => /dev/pts/1
    [LC_NUMERIC] => ja_JP.utf8
    [OLDPWD] => /var/www/html/result
    [PHP_SELF] => /var/www/cgi-bin/kendo-realtime/src/wsServer.php
    [SCRIPT_NAME] => /var/www/cgi-bin/kendo-realtime/src/wsServer.php
    [SCRIPT_FILENAME] => /var/www/cgi-bin/kendo-realtime/src/wsServer.php
    [PATH_TRANSLATED] => /var/www/cgi-bin/kendo-realtime/src/wsServer.php
    [DOCUMENT_ROOT] => 
    [REQUEST_TIME_FLOAT] => 1768686442.0477
    [REQUEST_TIME] => 1768686442
    [argv] => Array
        (
            [0] => /var/www/cgi-bin/kendo-realtime/src/wsServer.php
        )

    [argc] => 1
)

msg:New Connection (280:0)

[2026/01/18 16:34:03]--------------------------------------------------
server:Array
(
    [SHELL] => /bin/bash
    [HISTCONTROL] => ignoredups
    [HOSTNAME] => kn-macbookair
    [HISTSIZE] => 1000
    [LC_ADDRESS] => ja_JP.utf8
    [LC_NAME] => ja_JP.utf8
    [LC_MONETARY] => ja_JP.utf8
    [GPG_TTY] => /dev/pts/1
    [EDITOR] => /usr/bin/nano
    [PWD] => /var/www/cgi-bin
    [LOGNAME] => kn
    [XDG_SESSION_TYPE] => tty
    [_] => /usr/bin/nohup
    [MOTD_SHOWN] => pam
    [HOME] => /home/kn
    [SSH_ASKPASS] => /usr/bin/ksshaskpass
    [LANG] => ja_JP.utf8
    [LC_PAPER] => ja_JP.utf8
    [LS_COLORS] => rs=0:di=01;34:ln=01;36:mh=00:pi=40;33:so=01;35:do=01;35:bd=40;33;01:cd=40;33;01:or=40;31;01:mi=01;37;41:su=37;41:sg=30;43:ca=00:tw=30;42:ow=34;42:st=37;44:ex=01;32:*.7z=01;31:*.ace=01;31:*.alz=01;31:*.apk=01;31:*.arc=01;31:*.arj=01;31:*.bz=01;31:*.bz2=01;31:*.cab=01;31:*.cpio=01;31:*.crate=01;31:*.deb=01;31:*.drpm=01;31:*.dwm=01;31:*.dz=01;31:*.ear=01;31:*.egg=01;31:*.esd=01;31:*.gz=01;31:*.jar=01;31:*.lha=01;31:*.lrz=01;31:*.lz=01;31:*.lz4=01;31:*.lzh=01;31:*.lzma=01;31:*.lzo=01;31:*.pyz=01;31:*.rar=01;31:*.rpm=01;31:*.rz=01;31:*.sar=01;31:*.swm=01;31:*.t7z=01;31:*.tar=01;31:*.taz=01;31:*.tbz=01;31:*.tbz2=01;31:*.tgz=01;31:*.tlz=01;31:*.txz=01;31:*.tz=01;31:*.tzo=01;31:*.tzst=01;31:*.udeb=01;31:*.war=01;31:*.whl=01;31:*.wim=01;31:*.xz=01;31:*.z=01;31:*.zip=01;31:*.zoo=01;31:*.zst=01;31:*.avif=01;35:*.jpg=01;35:*.jpeg=01;35:*.mjpg=01;35:*.mjpeg=01;35:*.gif=01;35:*.bmp=01;35:*.pbm=01;35:*.pgm=01;35:*.ppm=01;35:*.tga=01;35:*.xbm=01;35:*.xpm=01;35:*.tif=01;35:*.tiff=01;35:*.png=01;35:*.svg=01;35:*.svgz=01;35:*.mng=01;35:*.pcx=01;35:*.mov=01;35:*.mpg=01;35:*.mpeg=01;35:*.m2v=01;35:*.mkv=01;35:*.webm=01;35:*.webp=01;35:*.ogm=01;35:*.mp4=01;35:*.m4v=01;35:*.mp4v=01;35:*.vob=01;35:*.qt=01;35:*.nuv=01;35:*.wmv=01;35:*.asf=01;35:*.rm=01;35:*.rmvb=01;35:*.flc=01;35:*.avi=01;35:*.fli=01;35:*.flv=01;35:*.gl=01;35:*.dl=01;35:*.xcf=01;35:*.xwd=01;35:*.yuv=01;35:*.cgm=01;35:*.emf=01;35:*.ogv=01;35:*.ogx=01;35:*.aac=01;36:*.au=01;36:*.flac=01;36:*.m4a=01;36:*.mid=01;36:*.midi=01;36:*.mka=01;36:*.mp3=01;36:*.mpc=01;36:*.ogg=01;36:*.ra=01;36:*.wav=01;36:*.oga=01;36:*.opus=01;36:*.spx=01;36:*.xspf=01;36:*~=00;90:*#=00;90:*.bak=00;90:*.crdownload=00;90:*.dpkg-dist=00;90:*.dpkg-new=00;90:*.dpkg-old=00;90:*.dpkg-tmp=00;90:*.old=00;90:*.orig=00;90:*.part=00;90:*.rej=00;90:*.rpmnew=00;90:*.rpmorig=00;90:*.rpmsave=00;90:*.swp=00;90:*.tmp=00;90:*.ucf-dist=00;90:*.ucf-new=00;90:*.ucf-old=00;90:
    [SSH_CONNECTION] => 192.168.1.79 51368 192.168.1.126 22
    [MOZ_GMP_PATH] => /usr/lib64/mozilla/plugins/gmp-gmpopenh264/system-installed:/var/lib/widevine/gmp-widevinecdm/system-installed
    [XDG_SESSION_CLASS] => user
    [SELINUX_ROLE_REQUESTED] => 
    [TERM] => xterm-256color
    [LC_IDENTIFICATION] => ja_JP.utf8
    [LESSOPEN] => ||/usr/bin/lesspipe.sh %s
    [USER] => kn
    [SELINUX_USE_CURRENT_RANGE] => 
    [SHLVL] => 1
    [LC_TELEPHONE] => ja_JP.utf8
    [LC_MEASUREMENT] => ja_JP.utf8
    [XDG_SESSION_ID] => 15
    [XDG_RUNTIME_DIR] => /run/user/1000
    [SSH_CLIENT] => 192.168.1.79 51368 22
    [DEBUGINFOD_URLS] => https://debuginfod.fedoraproject.org/ 
    [LC_TIME] => ja_JP.utf8
    [DEBUGINFOD_IMA_CERT_PATH] => /etc/keys/ima:
    [KDEDIRS] => /usr
    [XDG_DATA_DIRS] => /home/kn/.local/share/flatpak/exports/share:/var/lib/flatpak/exports/share:/usr/local/share:/usr/share
    [PATH] => /home/kn/.local/bin:/home/kn/bin:/usr/local/bin:/usr/bin
    [SELINUX_LEVEL_REQUESTED] => 
    [DBUS_SESSION_BUS_ADDRESS] => unix:path=/run/user/1000/bus
    [MAIL] => /var/spool/mail/kn
    [SSH_TTY] => /dev/pts/1
    [LC_NUMERIC] => ja_JP.utf8
    [OLDPWD] => /var/www/html/result
    [PHP_SELF] => /var/www/cgi-bin/kendo-realtime/src/wsServer.php
    [SCRIPT_NAME] => /var/www/cgi-bin/kendo-realtime/src/wsServer.php
    [SCRIPT_FILENAME] => /var/www/cgi-bin/kendo-realtime/src/wsServer.php
    [PATH_TRANSLATED] => /var/www/cgi-bin/kendo-realtime/src/wsServer.php
    [DOCUMENT_ROOT] => 
    [REQUEST_TIME_FLOAT] => 1768686442.0477
    [REQUEST_TIME] => 1768686442
    [argv] => Array
        (
            [0] => /var/www/cgi-bin/kendo-realtime/src/wsServer.php
        )

    [argc] => 1
)

msg:onMessage: {"mode":1,"navi":1004,"places":["1","2","3","4","5","6"]}

[2026/01/18 17:12:49]--------------------------------------------------
server:Array
(
    [SHELL] => /bin/bash
    [HISTCONTROL] => ignoredups
    [HOSTNAME] => kn-macbookair
    [HISTSIZE] => 1000
    [LC_ADDRESS] => ja_JP.utf8
    [LC_NAME] => ja_JP.utf8
    [LC_MONETARY] => ja_JP.utf8
    [GPG_TTY] => /dev/pts/1
    [EDITOR] => /usr/bin/nano
    [PWD] => /var/www/cgi-bin
    [LOGNAME] => kn
    [XDG_SESSION_TYPE] => tty
    [_] => /usr/bin/nohup
    [MOTD_SHOWN] => pam
    [HOME] => /home/kn
    [SSH_ASKPASS] => /usr/bin/ksshaskpass
    [LANG] => ja_JP.utf8
    [LC_PAPER] => ja_JP.utf8
    [LS_COLORS] => rs=0:di=01;34:ln=01;36:mh=00:pi=40;33:so=01;35:do=01;35:bd=40;33;01:cd=40;33;01:or=40;31;01:mi=01;37;41:su=37;41:sg=30;43:ca=00:tw=30;42:ow=34;42:st=37;44:ex=01;32:*.7z=01;31:*.ace=01;31:*.alz=01;31:*.apk=01;31:*.arc=01;31:*.arj=01;31:*.bz=01;31:*.bz2=01;31:*.cab=01;31:*.cpio=01;31:*.crate=01;31:*.deb=01;31:*.drpm=01;31:*.dwm=01;31:*.dz=01;31:*.ear=01;31:*.egg=01;31:*.esd=01;31:*.gz=01;31:*.jar=01;31:*.lha=01;31:*.lrz=01;31:*.lz=01;31:*.lz4=01;31:*.lzh=01;31:*.lzma=01;31:*.lzo=01;31:*.pyz=01;31:*.rar=01;31:*.rpm=01;31:*.rz=01;31:*.sar=01;31:*.swm=01;31:*.t7z=01;31:*.tar=01;31:*.taz=01;31:*.tbz=01;31:*.tbz2=01;31:*.tgz=01;31:*.tlz=01;31:*.txz=01;31:*.tz=01;31:*.tzo=01;31:*.tzst=01;31:*.udeb=01;31:*.war=01;31:*.whl=01;31:*.wim=01;31:*.xz=01;31:*.z=01;31:*.zip=01;31:*.zoo=01;31:*.zst=01;31:*.avif=01;35:*.jpg=01;35:*.jpeg=01;35:*.mjpg=01;35:*.mjpeg=01;35:*.gif=01;35:*.bmp=01;35:*.pbm=01;35:*.pgm=01;35:*.ppm=01;35:*.tga=01;35:*.xbm=01;35:*.xpm=01;35:*.tif=01;35:*.tiff=01;35:*.png=01;35:*.svg=01;35:*.svgz=01;35:*.mng=01;35:*.pcx=01;35:*.mov=01;35:*.mpg=01;35:*.mpeg=01;35:*.m2v=01;35:*.mkv=01;35:*.webm=01;35:*.webp=01;35:*.ogm=01;35:*.mp4=01;35:*.m4v=01;35:*.mp4v=01;35:*.vob=01;35:*.qt=01;35:*.nuv=01;35:*.wmv=01;35:*.asf=01;35:*.rm=01;35:*.rmvb=01;35:*.flc=01;35:*.avi=01;35:*.fli=01;35:*.flv=01;35:*.gl=01;35:*.dl=01;35:*.xcf=01;35:*.xwd=01;35:*.yuv=01;35:*.cgm=01;35:*.emf=01;35:*.ogv=01;35:*.ogx=01;35:*.aac=01;36:*.au=01;36:*.flac=01;36:*.m4a=01;36:*.mid=01;36:*.midi=01;36:*.mka=01;36:*.mp3=01;36:*.mpc=01;36:*.ogg=01;36:*.ra=01;36:*.wav=01;36:*.oga=01;36:*.opus=01;36:*.spx=01;36:*.xspf=01;36:*~=00;90:*#=00;90:*.bak=00;90:*.crdownload=00;90:*.dpkg-dist=00;90:*.dpkg-new=00;90:*.dpkg-old=00;90:*.dpkg-tmp=00;90:*.old=00;90:*.orig=00;90:*.part=00;90:*.rej=00;90:*.rpmnew=00;90:*.rpmorig=00;90:*.rpmsave=00;90:*.swp=00;90:*.tmp=00;90:*.ucf-dist=00;90:*.ucf-new=00;90:*.ucf-old=00;90:
    [SSH_CONNECTION] => 192.168.1.79 51368 192.168.1.126 22
    [MOZ_GMP_PATH] => /usr/lib64/mozilla/plugins/gmp-gmpopenh264/system-installed:/var/lib/widevine/gmp-widevinecdm/system-installed
    [XDG_SESSION_CLASS] => user
    [SELINUX_ROLE_REQUESTED] => 
    [TERM] => xterm-256color
    [LC_IDENTIFICATION] => ja_JP.utf8
    [LESSOPEN] => ||/usr/bin/lesspipe.sh %s
    [USER] => kn
    [SELINUX_USE_CURRENT_RANGE] => 
    [SHLVL] => 1
    [LC_TELEPHONE] => ja_JP.utf8
    [LC_MEASUREMENT] => ja_JP.utf8
    [XDG_SESSION_ID] => 15
    [XDG_RUNTIME_DIR] => /run/user/1000
    [SSH_CLIENT] => 192.168.1.79 51368 22
    [DEBUGINFOD_URLS] => https://debuginfod.fedoraproject.org/ 
    [LC_TIME] => ja_JP.utf8
    [DEBUGINFOD_IMA_CERT_PATH] => /etc/keys/ima:
    [KDEDIRS] => /usr
    [XDG_DATA_DIRS] => /home/kn/.local/share/flatpak/exports/share:/var/lib/flatpak/exports/share:/usr/local/share:/usr/share
    [PATH] => /home/kn/.local/bin:/home/kn/bin:/usr/local/bin:/usr/bin
    [SELINUX_LEVEL_REQUESTED] => 
    [DBUS_SESSION_BUS_ADDRESS] => unix:path=/run/user/1000/bus
    [MAIL] => /var/spool/mail/kn
    [SSH_TTY] => /dev/pts/1
    [LC_NUMERIC] => ja_JP.utf8
    [OLDPWD] => /var/www/html/result
    [PHP_SELF] => /var/www/cgi-bin/kendo-realtime/src/wsServer.php
    [SCRIPT_NAME] => /var/www/cgi-bin/kendo-realtime/src/wsServer.php
    [SCRIPT_FILENAME] => /var/www/cgi-bin/kendo-realtime/src/wsServer.php
    [PATH_TRANSLATED] => /var/www/cgi-bin/kendo-realtime/src/wsServer.php
    [DOCUMENT_ROOT] => 
    [REQUEST_TIME_FLOAT] => 1768686442.0477
    [REQUEST_TIME] => 1768686442
    [argv] => Array
        (
            [0] => /var/www/cgi-bin/kendo-realtime/src/wsServer.php
        )

    [argc] => 1
)

msg:New Connection (291:0)

[2026/01/18 17:12:49]--------------------------------------------------
server:Array
(
    [SHELL] => /bin/bash
    [HISTCONTROL] => ignoredups
    [HOSTNAME] => kn-macbookair
    [HISTSIZE] => 1000
    [LC_ADDRESS] => ja_JP.utf8
    [LC_NAME] => ja_JP.utf8
    [LC_MONETARY] => ja_JP.utf8
    [GPG_TTY] => /dev/pts/1
    [EDITOR] => /usr/bin/nano
    [PWD] => /var/www/cgi-bin
    [LOGNAME] => kn
    [XDG_SESSION_TYPE] => tty
    [_] => /usr/bin/nohup
    [MOTD_SHOWN] => pam
    [HOME] => /home/kn
    [SSH_ASKPASS] => /usr/bin/ksshaskpass
    [LANG] => ja_JP.utf8
    [LC_PAPER] => ja_JP.utf8
    [LS_COLORS] => rs=0:di=01;34:ln=01;36:mh=00:pi=40;33:so=01;35:do=01;35:bd=40;33;01:cd=40;33;01:or=40;31;01:mi=01;37;41:su=37;41:sg=30;43:ca=00:tw=30;42:ow=34;42:st=37;44:ex=01;32:*.7z=01;31:*.ace=01;31:*.alz=01;31:*.apk=01;31:*.arc=01;31:*.arj=01;31:*.bz=01;31:*.bz2=01;31:*.cab=01;31:*.cpio=01;31:*.crate=01;31:*.deb=01;31:*.drpm=01;31:*.dwm=01;31:*.dz=01;31:*.ear=01;31:*.egg=01;31:*.esd=01;31:*.gz=01;31:*.jar=01;31:*.lha=01;31:*.lrz=01;31:*.lz=01;31:*.lz4=01;31:*.lzh=01;31:*.lzma=01;31:*.lzo=01;31:*.pyz=01;31:*.rar=01;31:*.rpm=01;31:*.rz=01;31:*.sar=01;31:*.swm=01;31:*.t7z=01;31:*.tar=01;31:*.taz=01;31:*.tbz=01;31:*.tbz2=01;31:*.tgz=01;31:*.tlz=01;31:*.txz=01;31:*.tz=01;31:*.tzo=01;31:*.tzst=01;31:*.udeb=01;31:*.war=01;31:*.whl=01;31:*.wim=01;31:*.xz=01;31:*.z=01;31:*.zip=01;31:*.zoo=01;31:*.zst=01;31:*.avif=01;35:*.jpg=01;35:*.jpeg=01;35:*.mjpg=01;35:*.mjpeg=01;35:*.gif=01;35:*.bmp=01;35:*.pbm=01;35:*.pgm=01;35:*.ppm=01;35:*.tga=01;35:*.xbm=01;35:*.xpm=01;35:*.tif=01;35:*.tiff=01;35:*.png=01;35:*.svg=01;35:*.svgz=01;35:*.mng=01;35:*.pcx=01;35:*.mov=01;35:*.mpg=01;35:*.mpeg=01;35:*.m2v=01;35:*.mkv=01;35:*.webm=01;35:*.webp=01;35:*.ogm=01;35:*.mp4=01;35:*.m4v=01;35:*.mp4v=01;35:*.vob=01;35:*.qt=01;35:*.nuv=01;35:*.wmv=01;35:*.asf=01;35:*.rm=01;35:*.rmvb=01;35:*.flc=01;35:*.avi=01;35:*.fli=01;35:*.flv=01;35:*.gl=01;35:*.dl=01;35:*.xcf=01;35:*.xwd=01;35:*.yuv=01;35:*.cgm=01;35:*.emf=01;35:*.ogv=01;35:*.ogx=01;35:*.aac=01;36:*.au=01;36:*.flac=01;36:*.m4a=01;36:*.mid=01;36:*.midi=01;36:*.mka=01;36:*.mp3=01;36:*.mpc=01;36:*.ogg=01;36:*.ra=01;36:*.wav=01;36:*.oga=01;36:*.opus=01;36:*.spx=01;36:*.xspf=01;36:*~=00;90:*#=00;90:*.bak=00;90:*.crdownload=00;90:*.dpkg-dist=00;90:*.dpkg-new=00;90:*.dpkg-old=00;90:*.dpkg-tmp=00;90:*.old=00;90:*.orig=00;90:*.part=00;90:*.rej=00;90:*.rpmnew=00;90:*.rpmorig=00;90:*.rpmsave=00;90:*.swp=00;90:*.tmp=00;90:*.ucf-dist=00;90:*.ucf-new=00;90:*.ucf-old=00;90:
    [SSH_CONNECTION] => 192.168.1.79 51368 192.168.1.126 22
    [MOZ_GMP_PATH] => /usr/lib64/mozilla/plugins/gmp-gmpopenh264/system-installed:/var/lib/widevine/gmp-widevinecdm/system-installed
    [XDG_SESSION_CLASS] => user
    [SELINUX_ROLE_REQUESTED] => 
    [TERM] => xterm-256color
    [LC_IDENTIFICATION] => ja_JP.utf8
    [LESSOPEN] => ||/usr/bin/lesspipe.sh %s
    [USER] => kn
    [SELINUX_USE_CURRENT_RANGE] => 
    [SHLVL] => 1
    [LC_TELEPHONE] => ja_JP.utf8
    [LC_MEASUREMENT] => ja_JP.utf8
    [XDG_SESSION_ID] => 15
    [XDG_RUNTIME_DIR] => /run/user/1000
    [SSH_CLIENT] => 192.168.1.79 51368 22
    [DEBUGINFOD_URLS] => https://debuginfod.fedoraproject.org/ 
    [LC_TIME] => ja_JP.utf8
    [DEBUGINFOD_IMA_CERT_PATH] => /etc/keys/ima:
    [KDEDIRS] => /usr
    [XDG_DATA_DIRS] => /home/kn/.local/share/flatpak/exports/share:/var/lib/flatpak/exports/share:/usr/local/share:/usr/share
    [PATH] => /home/kn/.local/bin:/home/kn/bin:/usr/local/bin:/usr/bin
    [SELINUX_LEVEL_REQUESTED] => 
    [DBUS_SESSION_BUS_ADDRESS] => unix:path=/run/user/1000/bus
    [MAIL] => /var/spool/mail/kn
    [SSH_TTY] => /dev/pts/1
    [LC_NUMERIC] => ja_JP.utf8
    [OLDPWD] => /var/www/html/result
    [PHP_SELF] => /var/www/cgi-bin/kendo-realtime/src/wsServer.php
    [SCRIPT_NAME] => /var/www/cgi-bin/kendo-realtime/src/wsServer.php
    [SCRIPT_FILENAME] => /var/www/cgi-bin/kendo-realtime/src/wsServer.php
    [PATH_TRANSLATED] => /var/www/cgi-bin/kendo-realtime/src/wsServer.php
    [DOCUMENT_ROOT] => 
    [REQUEST_TIME_FLOAT] => 1768686442.0477
    [REQUEST_TIME] => 1768686442
    [argv] => Array
        (
            [0] => /var/www/cgi-bin/kendo-realtime/src/wsServer.php
        )

    [argc] => 1
)

msg:onMessage: {"mode":1,"navi":1004,"places":[2]}

[2026/01/18 17:31:58]--------------------------------------------------
server:Array
(
    [SHELL] => /bin/bash
    [HISTCONTROL] => ignoredups
    [HOSTNAME] => kn-macbookair
    [HISTSIZE] => 1000
    [LC_ADDRESS] => ja_JP.utf8
    [LC_NAME] => ja_JP.utf8
    [LC_MONETARY] => ja_JP.utf8
    [GPG_TTY] => /dev/pts/1
    [EDITOR] => /usr/bin/nano
    [PWD] => /var/www/cgi-bin
    [LOGNAME] => kn
    [XDG_SESSION_TYPE] => tty
    [_] => /usr/bin/nohup
    [MOTD_SHOWN] => pam
    [HOME] => /home/kn
    [SSH_ASKPASS] => /usr/bin/ksshaskpass
    [LANG] => ja_JP.utf8
    [LC_PAPER] => ja_JP.utf8
    [LS_COLORS] => rs=0:di=01;34:ln=01;36:mh=00:pi=40;33:so=01;35:do=01;35:bd=40;33;01:cd=40;33;01:or=40;31;01:mi=01;37;41:su=37;41:sg=30;43:ca=00:tw=30;42:ow=34;42:st=37;44:ex=01;32:*.7z=01;31:*.ace=01;31:*.alz=01;31:*.apk=01;31:*.arc=01;31:*.arj=01;31:*.bz=01;31:*.bz2=01;31:*.cab=01;31:*.cpio=01;31:*.crate=01;31:*.deb=01;31:*.drpm=01;31:*.dwm=01;31:*.dz=01;31:*.ear=01;31:*.egg=01;31:*.esd=01;31:*.gz=01;31:*.jar=01;31:*.lha=01;31:*.lrz=01;31:*.lz=01;31:*.lz4=01;31:*.lzh=01;31:*.lzma=01;31:*.lzo=01;31:*.pyz=01;31:*.rar=01;31:*.rpm=01;31:*.rz=01;31:*.sar=01;31:*.swm=01;31:*.t7z=01;31:*.tar=01;31:*.taz=01;31:*.tbz=01;31:*.tbz2=01;31:*.tgz=01;31:*.tlz=01;31:*.txz=01;31:*.tz=01;31:*.tzo=01;31:*.tzst=01;31:*.udeb=01;31:*.war=01;31:*.whl=01;31:*.wim=01;31:*.xz=01;31:*.z=01;31:*.zip=01;31:*.zoo=01;31:*.zst=01;31:*.avif=01;35:*.jpg=01;35:*.jpeg=01;35:*.mjpg=01;35:*.mjpeg=01;35:*.gif=01;35:*.bmp=01;35:*.pbm=01;35:*.pgm=01;35:*.ppm=01;35:*.tga=01;35:*.xbm=01;35:*.xpm=01;35:*.tif=01;35:*.tiff=01;35:*.png=01;35:*.svg=01;35:*.svgz=01;35:*.mng=01;35:*.pcx=01;35:*.mov=01;35:*.mpg=01;35:*.mpeg=01;35:*.m2v=01;35:*.mkv=01;35:*.webm=01;35:*.webp=01;35:*.ogm=01;35:*.mp4=01;35:*.m4v=01;35:*.mp4v=01;35:*.vob=01;35:*.qt=01;35:*.nuv=01;35:*.wmv=01;35:*.asf=01;35:*.rm=01;35:*.rmvb=01;35:*.flc=01;35:*.avi=01;35:*.fli=01;35:*.flv=01;35:*.gl=01;35:*.dl=01;35:*.xcf=01;35:*.xwd=01;35:*.yuv=01;35:*.cgm=01;35:*.emf=01;35:*.ogv=01;35:*.ogx=01;35:*.aac=01;36:*.au=01;36:*.flac=01;36:*.m4a=01;36:*.mid=01;36:*.midi=01;36:*.mka=01;36:*.mp3=01;36:*.mpc=01;36:*.ogg=01;36:*.ra=01;36:*.wav=01;36:*.oga=01;36:*.opus=01;36:*.spx=01;36:*.xspf=01;36:*~=00;90:*#=00;90:*.bak=00;90:*.crdownload=00;90:*.dpkg-dist=00;90:*.dpkg-new=00;90:*.dpkg-old=00;90:*.dpkg-tmp=00;90:*.old=00;90:*.orig=00;90:*.part=00;90:*.rej=00;90:*.rpmnew=00;90:*.rpmorig=00;90:*.rpmsave=00;90:*.swp=00;90:*.tmp=00;90:*.ucf-dist=00;90:*.ucf-new=00;90:*.ucf-old=00;90:
    [SSH_CONNECTION] => 192.168.1.79 51368 192.168.1.126 22
    [MOZ_GMP_PATH] => /usr/lib64/mozilla/plugins/gmp-gmpopenh264/system-installed:/var/lib/widevine/gmp-widevinecdm/system-installed
    [XDG_SESSION_CLASS] => user
    [SELINUX_ROLE_REQUESTED] => 
    [TERM] => xterm-256color
    [LC_IDENTIFICATION] => ja_JP.utf8
    [LESSOPEN] => ||/usr/bin/lesspipe.sh %s
    [USER] => kn
    [SELINUX_USE_CURRENT_RANGE] => 
    [SHLVL] => 1
    [LC_TELEPHONE] => ja_JP.utf8
    [LC_MEASUREMENT] => ja_JP.utf8
    [XDG_SESSION_ID] => 15
    [XDG_RUNTIME_DIR] => /run/user/1000
    [SSH_CLIENT] => 192.168.1.79 51368 22
    [DEBUGINFOD_URLS] => https://debuginfod.fedoraproject.org/ 
    [LC_TIME] => ja_JP.utf8
    [DEBUGINFOD_IMA_CERT_PATH] => /etc/keys/ima:
    [KDEDIRS] => /usr
    [XDG_DATA_DIRS] => /home/kn/.local/share/flatpak/exports/share:/var/lib/flatpak/exports/share:/usr/local/share:/usr/share
    [PATH] => /home/kn/.local/bin:/home/kn/bin:/usr/local/bin:/usr/bin
    [SELINUX_LEVEL_REQUESTED] => 
    [DBUS_SESSION_BUS_ADDRESS] => unix:path=/run/user/1000/bus
    [MAIL] => /var/spool/mail/kn
    [SSH_TTY] => /dev/pts/1
    [LC_NUMERIC] => ja_JP.utf8
    [OLDPWD] => /var/www/html/result
    [PHP_SELF] => /var/www/cgi-bin/kendo-realtime/src/wsServer.php
    [SCRIPT_NAME] => /var/www/cgi-bin/kendo-realtime/src/wsServer.php
    [SCRIPT_FILENAME] => /var/www/cgi-bin/kendo-realtime/src/wsServer.php
    [PATH_TRANSLATED] => /var/www/cgi-bin/kendo-realtime/src/wsServer.php
    [DOCUMENT_ROOT] => 
    [REQUEST_TIME_FLOAT] => 1768686442.0477
    [REQUEST_TIME] => 1768686442
    [argv] => Array
        (
            [0] => /var/www/cgi-bin/kendo-realtime/src/wsServer.php
        )

    [argc] => 1
)

msg:New Connection (297:0)

[2026/01/18 17:31:58]--------------------------------------------------
server:Array
(
    [SHELL] => /bin/bash
    [HISTCONTROL] => ignoredups
    [HOSTNAME] => kn-macbookair
    [HISTSIZE] => 1000
    [LC_ADDRESS] => ja_JP.utf8
    [LC_NAME] => ja_JP.utf8
    [LC_MONETARY] => ja_JP.utf8
    [GPG_TTY] => /dev/pts/1
    [EDITOR] => /usr/bin/nano
    [PWD] => /var/www/cgi-bin
    [LOGNAME] => kn
    [XDG_SESSION_TYPE] => tty
    [_] => /usr/bin/nohup
    [MOTD_SHOWN] => pam
    [HOME] => /home/kn
    [SSH_ASKPASS] => /usr/bin/ksshaskpass
    [LANG] => ja_JP.utf8
    [LC_PAPER] => ja_JP.utf8
    [LS_COLORS] => rs=0:di=01;34:ln=01;36:mh=00:pi=40;33:so=01;35:do=01;35:bd=40;33;01:cd=40;33;01:or=40;31;01:mi=01;37;41:su=37;41:sg=30;43:ca=00:tw=30;42:ow=34;42:st=37;44:ex=01;32:*.7z=01;31:*.ace=01;31:*.alz=01;31:*.apk=01;31:*.arc=01;31:*.arj=01;31:*.bz=01;31:*.bz2=01;31:*.cab=01;31:*.cpio=01;31:*.crate=01;31:*.deb=01;31:*.drpm=01;31:*.dwm=01;31:*.dz=01;31:*.ear=01;31:*.egg=01;31:*.esd=01;31:*.gz=01;31:*.jar=01;31:*.lha=01;31:*.lrz=01;31:*.lz=01;31:*.lz4=01;31:*.lzh=01;31:*.lzma=01;31:*.lzo=01;31:*.pyz=01;31:*.rar=01;31:*.rpm=01;31:*.rz=01;31:*.sar=01;31:*.swm=01;31:*.t7z=01;31:*.tar=01;31:*.taz=01;31:*.tbz=01;31:*.tbz2=01;31:*.tgz=01;31:*.tlz=01;31:*.txz=01;31:*.tz=01;31:*.tzo=01;31:*.tzst=01;31:*.udeb=01;31:*.war=01;31:*.whl=01;31:*.wim=01;31:*.xz=01;31:*.z=01;31:*.zip=01;31:*.zoo=01;31:*.zst=01;31:*.avif=01;35:*.jpg=01;35:*.jpeg=01;35:*.mjpg=01;35:*.mjpeg=01;35:*.gif=01;35:*.bmp=01;35:*.pbm=01;35:*.pgm=01;35:*.ppm=01;35:*.tga=01;35:*.xbm=01;35:*.xpm=01;35:*.tif=01;35:*.tiff=01;35:*.png=01;35:*.svg=01;35:*.svgz=01;35:*.mng=01;35:*.pcx=01;35:*.mov=01;35:*.mpg=01;35:*.mpeg=01;35:*.m2v=01;35:*.mkv=01;35:*.webm=01;35:*.webp=01;35:*.ogm=01;35:*.mp4=01;35:*.m4v=01;35:*.mp4v=01;35:*.vob=01;35:*.qt=01;35:*.nuv=01;35:*.wmv=01;35:*.asf=01;35:*.rm=01;35:*.rmvb=01;35:*.flc=01;35:*.avi=01;35:*.fli=01;35:*.flv=01;35:*.gl=01;35:*.dl=01;35:*.xcf=01;35:*.xwd=01;35:*.yuv=01;35:*.cgm=01;35:*.emf=01;35:*.ogv=01;35:*.ogx=01;35:*.aac=01;36:*.au=01;36:*.flac=01;36:*.m4a=01;36:*.mid=01;36:*.midi=01;36:*.mka=01;36:*.mp3=01;36:*.mpc=01;36:*.ogg=01;36:*.ra=01;36:*.wav=01;36:*.oga=01;36:*.opus=01;36:*.spx=01;36:*.xspf=01;36:*~=00;90:*#=00;90:*.bak=00;90:*.crdownload=00;90:*.dpkg-dist=00;90:*.dpkg-new=00;90:*.dpkg-old=00;90:*.dpkg-tmp=00;90:*.old=00;90:*.orig=00;90:*.part=00;90:*.rej=00;90:*.rpmnew=00;90:*.rpmorig=00;90:*.rpmsave=00;90:*.swp=00;90:*.tmp=00;90:*.ucf-dist=00;90:*.ucf-new=00;90:*.ucf-old=00;90:
    [SSH_CONNECTION] => 192.168.1.79 51368 192.168.1.126 22
    [MOZ_GMP_PATH] => /usr/lib64/mozilla/plugins/gmp-gmpopenh264/system-installed:/var/lib/widevine/gmp-widevinecdm/system-installed
    [XDG_SESSION_CLASS] => user
    [SELINUX_ROLE_REQUESTED] => 
    [TERM] => xterm-256color
    [LC_IDENTIFICATION] => ja_JP.utf8
    [LESSOPEN] => ||/usr/bin/lesspipe.sh %s
    [USER] => kn
    [SELINUX_USE_CURRENT_RANGE] => 
    [SHLVL] => 1
    [LC_TELEPHONE] => ja_JP.utf8
    [LC_MEASUREMENT] => ja_JP.utf8
    [XDG_SESSION_ID] => 15
    [XDG_RUNTIME_DIR] => /run/user/1000
    [SSH_CLIENT] => 192.168.1.79 51368 22
    [DEBUGINFOD_URLS] => https://debuginfod.fedoraproject.org/ 
    [LC_TIME] => ja_JP.utf8
    [DEBUGINFOD_IMA_CERT_PATH] => /etc/keys/ima:
    [KDEDIRS] => /usr
    [XDG_DATA_DIRS] => /home/kn/.local/share/flatpak/exports/share:/var/lib/flatpak/exports/share:/usr/local/share:/usr/share
    [PATH] => /home/kn/.local/bin:/home/kn/bin:/usr/local/bin:/usr/bin
    [SELINUX_LEVEL_REQUESTED] => 
    [DBUS_SESSION_BUS_ADDRESS] => unix:path=/run/user/1000/bus
    [MAIL] => /var/spool/mail/kn
    [SSH_TTY] => /dev/pts/1
    [LC_NUMERIC] => ja_JP.utf8
    [OLDPWD] => /var/www/html/result
    [PHP_SELF] => /var/www/cgi-bin/kendo-realtime/src/wsServer.php
    [SCRIPT_NAME] => /var/www/cgi-bin/kendo-realtime/src/wsServer.php
    [SCRIPT_FILENAME] => /var/www/cgi-bin/kendo-realtime/src/wsServer.php
    [PATH_TRANSLATED] => /var/www/cgi-bin/kendo-realtime/src/wsServer.php
    [DOCUMENT_ROOT] => 
    [REQUEST_TIME_FLOAT] => 1768686442.0477
    [REQUEST_TIME] => 1768686442
    [argv] => Array
        (
            [0] => /var/www/cgi-bin/kendo-realtime/src/wsServer.php
        )

    [argc] => 1
)

msg:onMessage: {"mode":1,"navi":1004,"places":[2]}

[2026/01/18 17:34:32]--------------------------------------------------
server:Array
(
    [SHELL] => /bin/bash
    [HISTCONTROL] => ignoredups
    [HOSTNAME] => kn-macbookair
    [HISTSIZE] => 1000
    [LC_ADDRESS] => ja_JP.utf8
    [LC_NAME] => ja_JP.utf8
    [LC_MONETARY] => ja_JP.utf8
    [GPG_TTY] => /dev/pts/1
    [EDITOR] => /usr/bin/nano
    [PWD] => /var/www/cgi-bin
    [LOGNAME] => kn
    [XDG_SESSION_TYPE] => tty
    [_] => /usr/bin/nohup
    [MOTD_SHOWN] => pam
    [HOME] => /home/kn
    [SSH_ASKPASS] => /usr/bin/ksshaskpass
    [LANG] => ja_JP.utf8
    [LC_PAPER] => ja_JP.utf8
    [LS_COLORS] => rs=0:di=01;34:ln=01;36:mh=00:pi=40;33:so=01;35:do=01;35:bd=40;33;01:cd=40;33;01:or=40;31;01:mi=01;37;41:su=37;41:sg=30;43:ca=00:tw=30;42:ow=34;42:st=37;44:ex=01;32:*.7z=01;31:*.ace=01;31:*.alz=01;31:*.apk=01;31:*.arc=01;31:*.arj=01;31:*.bz=01;31:*.bz2=01;31:*.cab=01;31:*.cpio=01;31:*.crate=01;31:*.deb=01;31:*.drpm=01;31:*.dwm=01;31:*.dz=01;31:*.ear=01;31:*.egg=01;31:*.esd=01;31:*.gz=01;31:*.jar=01;31:*.lha=01;31:*.lrz=01;31:*.lz=01;31:*.lz4=01;31:*.lzh=01;31:*.lzma=01;31:*.lzo=01;31:*.pyz=01;31:*.rar=01;31:*.rpm=01;31:*.rz=01;31:*.sar=01;31:*.swm=01;31:*.t7z=01;31:*.tar=01;31:*.taz=01;31:*.tbz=01;31:*.tbz2=01;31:*.tgz=01;31:*.tlz=01;31:*.txz=01;31:*.tz=01;31:*.tzo=01;31:*.tzst=01;31:*.udeb=01;31:*.war=01;31:*.whl=01;31:*.wim=01;31:*.xz=01;31:*.z=01;31:*.zip=01;31:*.zoo=01;31:*.zst=01;31:*.avif=01;35:*.jpg=01;35:*.jpeg=01;35:*.mjpg=01;35:*.mjpeg=01;35:*.gif=01;35:*.bmp=01;35:*.pbm=01;35:*.pgm=01;35:*.ppm=01;35:*.tga=01;35:*.xbm=01;35:*.xpm=01;35:*.tif=01;35:*.tiff=01;35:*.png=01;35:*.svg=01;35:*.svgz=01;35:*.mng=01;35:*.pcx=01;35:*.mov=01;35:*.mpg=01;35:*.mpeg=01;35:*.m2v=01;35:*.mkv=01;35:*.webm=01;35:*.webp=01;35:*.ogm=01;35:*.mp4=01;35:*.m4v=01;35:*.mp4v=01;35:*.vob=01;35:*.qt=01;35:*.nuv=01;35:*.wmv=01;35:*.asf=01;35:*.rm=01;35:*.rmvb=01;35:*.flc=01;35:*.avi=01;35:*.fli=01;35:*.flv=01;35:*.gl=01;35:*.dl=01;35:*.xcf=01;35:*.xwd=01;35:*.yuv=01;35:*.cgm=01;35:*.emf=01;35:*.ogv=01;35:*.ogx=01;35:*.aac=01;36:*.au=01;36:*.flac=01;36:*.m4a=01;36:*.mid=01;36:*.midi=01;36:*.mka=01;36:*.mp3=01;36:*.mpc=01;36:*.ogg=01;36:*.ra=01;36:*.wav=01;36:*.oga=01;36:*.opus=01;36:*.spx=01;36:*.xspf=01;36:*~=00;90:*#=00;90:*.bak=00;90:*.crdownload=00;90:*.dpkg-dist=00;90:*.dpkg-new=00;90:*.dpkg-old=00;90:*.dpkg-tmp=00;90:*.old=00;90:*.orig=00;90:*.part=00;90:*.rej=00;90:*.rpmnew=00;90:*.rpmorig=00;90:*.rpmsave=00;90:*.swp=00;90:*.tmp=00;90:*.ucf-dist=00;90:*.ucf-new=00;90:*.ucf-old=00;90:
    [SSH_CONNECTION] => 192.168.1.79 51368 192.168.1.126 22
    [MOZ_GMP_PATH] => /usr/lib64/mozilla/plugins/gmp-gmpopenh264/system-installed:/var/lib/widevine/gmp-widevinecdm/system-installed
    [XDG_SESSION_CLASS] => user
    [SELINUX_ROLE_REQUESTED] => 
    [TERM] => xterm-256color
    [LC_IDENTIFICATION] => ja_JP.utf8
    [LESSOPEN] => ||/usr/bin/lesspipe.sh %s
    [USER] => kn
    [SELINUX_USE_CURRENT_RANGE] => 
    [SHLVL] => 1
    [LC_TELEPHONE] => ja_JP.utf8
    [LC_MEASUREMENT] => ja_JP.utf8
    [XDG_SESSION_ID] => 15
    [XDG_RUNTIME_DIR] => /run/user/1000
    [SSH_CLIENT] => 192.168.1.79 51368 22
    [DEBUGINFOD_URLS] => https://debuginfod.fedoraproject.org/ 
    [LC_TIME] => ja_JP.utf8
    [DEBUGINFOD_IMA_CERT_PATH] => /etc/keys/ima:
    [KDEDIRS] => /usr
    [XDG_DATA_DIRS] => /home/kn/.local/share/flatpak/exports/share:/var/lib/flatpak/exports/share:/usr/local/share:/usr/share
    [PATH] => /home/kn/.local/bin:/home/kn/bin:/usr/local/bin:/usr/bin
    [SELINUX_LEVEL_REQUESTED] => 
    [DBUS_SESSION_BUS_ADDRESS] => unix:path=/run/user/1000/bus
    [MAIL] => /var/spool/mail/kn
    [SSH_TTY] => /dev/pts/1
    [LC_NUMERIC] => ja_JP.utf8
    [OLDPWD] => /var/www/html/result
    [PHP_SELF] => /var/www/cgi-bin/kendo-realtime/src/wsServer.php
    [SCRIPT_NAME] => /var/www/cgi-bin/kendo-realtime/src/wsServer.php
    [SCRIPT_FILENAME] => /var/www/cgi-bin/kendo-realtime/src/wsServer.php
    [PATH_TRANSLATED] => /var/www/cgi-bin/kendo-realtime/src/wsServer.php
    [DOCUMENT_ROOT] => 
    [REQUEST_TIME_FLOAT] => 1768686442.0477
    [REQUEST_TIME] => 1768686442
    [argv] => Array
        (
            [0] => /var/www/cgi-bin/kendo-realtime/src/wsServer.php
        )

    [argc] => 1
)

msg:New Connection (303:0)

[2026/01/18 17:34:32]--------------------------------------------------
server:Array
(
    [SHELL] => /bin/bash
    [HISTCONTROL] => ignoredups
    [HOSTNAME] => kn-macbookair
    [HISTSIZE] => 1000
    [LC_ADDRESS] => ja_JP.utf8
    [LC_NAME] => ja_JP.utf8
    [LC_MONETARY] => ja_JP.utf8
    [GPG_TTY] => /dev/pts/1
    [EDITOR] => /usr/bin/nano
    [PWD] => /var/www/cgi-bin
    [LOGNAME] => kn
    [XDG_SESSION_TYPE] => tty
    [_] => /usr/bin/nohup
    [MOTD_SHOWN] => pam
    [HOME] => /home/kn
    [SSH_ASKPASS] => /usr/bin/ksshaskpass
    [LANG] => ja_JP.utf8
    [LC_PAPER] => ja_JP.utf8
    [LS_COLORS] => rs=0:di=01;34:ln=01;36:mh=00:pi=40;33:so=01;35:do=01;35:bd=40;33;01:cd=40;33;01:or=40;31;01:mi=01;37;41:su=37;41:sg=30;43:ca=00:tw=30;42:ow=34;42:st=37;44:ex=01;32:*.7z=01;31:*.ace=01;31:*.alz=01;31:*.apk=01;31:*.arc=01;31:*.arj=01;31:*.bz=01;31:*.bz2=01;31:*.cab=01;31:*.cpio=01;31:*.crate=01;31:*.deb=01;31:*.drpm=01;31:*.dwm=01;31:*.dz=01;31:*.ear=01;31:*.egg=01;31:*.esd=01;31:*.gz=01;31:*.jar=01;31:*.lha=01;31:*.lrz=01;31:*.lz=01;31:*.lz4=01;31:*.lzh=01;31:*.lzma=01;31:*.lzo=01;31:*.pyz=01;31:*.rar=01;31:*.rpm=01;31:*.rz=01;31:*.sar=01;31:*.swm=01;31:*.t7z=01;31:*.tar=01;31:*.taz=01;31:*.tbz=01;31:*.tbz2=01;31:*.tgz=01;31:*.tlz=01;31:*.txz=01;31:*.tz=01;31:*.tzo=01;31:*.tzst=01;31:*.udeb=01;31:*.war=01;31:*.whl=01;31:*.wim=01;31:*.xz=01;31:*.z=01;31:*.zip=01;31:*.zoo=01;31:*.zst=01;31:*.avif=01;35:*.jpg=01;35:*.jpeg=01;35:*.mjpg=01;35:*.mjpeg=01;35:*.gif=01;35:*.bmp=01;35:*.pbm=01;35:*.pgm=01;35:*.ppm=01;35:*.tga=01;35:*.xbm=01;35:*.xpm=01;35:*.tif=01;35:*.tiff=01;35:*.png=01;35:*.svg=01;35:*.svgz=01;35:*.mng=01;35:*.pcx=01;35:*.mov=01;35:*.mpg=01;35:*.mpeg=01;35:*.m2v=01;35:*.mkv=01;35:*.webm=01;35:*.webp=01;35:*.ogm=01;35:*.mp4=01;35:*.m4v=01;35:*.mp4v=01;35:*.vob=01;35:*.qt=01;35:*.nuv=01;35:*.wmv=01;35:*.asf=01;35:*.rm=01;35:*.rmvb=01;35:*.flc=01;35:*.avi=01;35:*.fli=01;35:*.flv=01;35:*.gl=01;35:*.dl=01;35:*.xcf=01;35:*.xwd=01;35:*.yuv=01;35:*.cgm=01;35:*.emf=01;35:*.ogv=01;35:*.ogx=01;35:*.aac=01;36:*.au=01;36:*.flac=01;36:*.m4a=01;36:*.mid=01;36:*.midi=01;36:*.mka=01;36:*.mp3=01;36:*.mpc=01;36:*.ogg=01;36:*.ra=01;36:*.wav=01;36:*.oga=01;36:*.opus=01;36:*.spx=01;36:*.xspf=01;36:*~=00;90:*#=00;90:*.bak=00;90:*.crdownload=00;90:*.dpkg-dist=00;90:*.dpkg-new=00;90:*.dpkg-old=00;90:*.dpkg-tmp=00;90:*.old=00;90:*.orig=00;90:*.part=00;90:*.rej=00;90:*.rpmnew=00;90:*.rpmorig=00;90:*.rpmsave=00;90:*.swp=00;90:*.tmp=00;90:*.ucf-dist=00;90:*.ucf-new=00;90:*.ucf-old=00;90:
    [SSH_CONNECTION] => 192.168.1.79 51368 192.168.1.126 22
    [MOZ_GMP_PATH] => /usr/lib64/mozilla/plugins/gmp-gmpopenh264/system-installed:/var/lib/widevine/gmp-widevinecdm/system-installed
    [XDG_SESSION_CLASS] => user
    [SELINUX_ROLE_REQUESTED] => 
    [TERM] => xterm-256color
    [LC_IDENTIFICATION] => ja_JP.utf8
    [LESSOPEN] => ||/usr/bin/lesspipe.sh %s
    [USER] => kn
    [SELINUX_USE_CURRENT_RANGE] => 
    [SHLVL] => 1
    [LC_TELEPHONE] => ja_JP.utf8
    [LC_MEASUREMENT] => ja_JP.utf8
    [XDG_SESSION_ID] => 15
    [XDG_RUNTIME_DIR] => /run/user/1000
    [SSH_CLIENT] => 192.168.1.79 51368 22
    [DEBUGINFOD_URLS] => https://debuginfod.fedoraproject.org/ 
    [LC_TIME] => ja_JP.utf8
    [DEBUGINFOD_IMA_CERT_PATH] => /etc/keys/ima:
    [KDEDIRS] => /usr
    [XDG_DATA_DIRS] => /home/kn/.local/share/flatpak/exports/share:/var/lib/flatpak/exports/share:/usr/local/share:/usr/share
    [PATH] => /home/kn/.local/bin:/home/kn/bin:/usr/local/bin:/usr/bin
    [SELINUX_LEVEL_REQUESTED] => 
    [DBUS_SESSION_BUS_ADDRESS] => unix:path=/run/user/1000/bus
    [MAIL] => /var/spool/mail/kn
    [SSH_TTY] => /dev/pts/1
    [LC_NUMERIC] => ja_JP.utf8
    [OLDPWD] => /var/www/html/result
    [PHP_SELF] => /var/www/cgi-bin/kendo-realtime/src/wsServer.php
    [SCRIPT_NAME] => /var/www/cgi-bin/kendo-realtime/src/wsServer.php
    [SCRIPT_FILENAME] => /var/www/cgi-bin/kendo-realtime/src/wsServer.php
    [PATH_TRANSLATED] => /var/www/cgi-bin/kendo-realtime/src/wsServer.php
    [DOCUMENT_ROOT] => 
    [REQUEST_TIME_FLOAT] => 1768686442.0477
    [REQUEST_TIME] => 1768686442
    [argv] => Array
        (
            [0] => /var/www/cgi-bin/kendo-realtime/src/wsServer.php
        )

    [argc] => 1
)

msg:onMessage: {"mode":1,"navi":1004,"places":[2]}

[2026/01/18 17:41:26]--------------------------------------------------
server:Array
(
    [SHELL] => /bin/bash
    [HISTCONTROL] => ignoredups
    [HOSTNAME] => kn-macbookair
    [HISTSIZE] => 1000
    [LC_ADDRESS] => ja_JP.utf8
    [LC_NAME] => ja_JP.utf8
    [LC_MONETARY] => ja_JP.utf8
    [GPG_TTY] => /dev/pts/1
    [EDITOR] => /usr/bin/nano
    [PWD] => /var/www/cgi-bin
    [LOGNAME] => kn
    [XDG_SESSION_TYPE] => tty
    [_] => /usr/bin/nohup
    [MOTD_SHOWN] => pam
    [HOME] => /home/kn
    [SSH_ASKPASS] => /usr/bin/ksshaskpass
    [LANG] => ja_JP.utf8
    [LC_PAPER] => ja_JP.utf8
    [LS_COLORS] => rs=0:di=01;34:ln=01;36:mh=00:pi=40;33:so=01;35:do=01;35:bd=40;33;01:cd=40;33;01:or=40;31;01:mi=01;37;41:su=37;41:sg=30;43:ca=00:tw=30;42:ow=34;42:st=37;44:ex=01;32:*.7z=01;31:*.ace=01;31:*.alz=01;31:*.apk=01;31:*.arc=01;31:*.arj=01;31:*.bz=01;31:*.bz2=01;31:*.cab=01;31:*.cpio=01;31:*.crate=01;31:*.deb=01;31:*.drpm=01;31:*.dwm=01;31:*.dz=01;31:*.ear=01;31:*.egg=01;31:*.esd=01;31:*.gz=01;31:*.jar=01;31:*.lha=01;31:*.lrz=01;31:*.lz=01;31:*.lz4=01;31:*.lzh=01;31:*.lzma=01;31:*.lzo=01;31:*.pyz=01;31:*.rar=01;31:*.rpm=01;31:*.rz=01;31:*.sar=01;31:*.swm=01;31:*.t7z=01;31:*.tar=01;31:*.taz=01;31:*.tbz=01;31:*.tbz2=01;31:*.tgz=01;31:*.tlz=01;31:*.txz=01;31:*.tz=01;31:*.tzo=01;31:*.tzst=01;31:*.udeb=01;31:*.war=01;31:*.whl=01;31:*.wim=01;31:*.xz=01;31:*.z=01;31:*.zip=01;31:*.zoo=01;31:*.zst=01;31:*.avif=01;35:*.jpg=01;35:*.jpeg=01;35:*.mjpg=01;35:*.mjpeg=01;35:*.gif=01;35:*.bmp=01;35:*.pbm=01;35:*.pgm=01;35:*.ppm=01;35:*.tga=01;35:*.xbm=01;35:*.xpm=01;35:*.tif=01;35:*.tiff=01;35:*.png=01;35:*.svg=01;35:*.svgz=01;35:*.mng=01;35:*.pcx=01;35:*.mov=01;35:*.mpg=01;35:*.mpeg=01;35:*.m2v=01;35:*.mkv=01;35:*.webm=01;35:*.webp=01;35:*.ogm=01;35:*.mp4=01;35:*.m4v=01;35:*.mp4v=01;35:*.vob=01;35:*.qt=01;35:*.nuv=01;35:*.wmv=01;35:*.asf=01;35:*.rm=01;35:*.rmvb=01;35:*.flc=01;35:*.avi=01;35:*.fli=01;35:*.flv=01;35:*.gl=01;35:*.dl=01;35:*.xcf=01;35:*.xwd=01;35:*.yuv=01;35:*.cgm=01;35:*.emf=01;35:*.ogv=01;35:*.ogx=01;35:*.aac=01;36:*.au=01;36:*.flac=01;36:*.m4a=01;36:*.mid=01;36:*.midi=01;36:*.mka=01;36:*.mp3=01;36:*.mpc=01;36:*.ogg=01;36:*.ra=01;36:*.wav=01;36:*.oga=01;36:*.opus=01;36:*.spx=01;36:*.xspf=01;36:*~=00;90:*#=00;90:*.bak=00;90:*.crdownload=00;90:*.dpkg-dist=00;90:*.dpkg-new=00;90:*.dpkg-old=00;90:*.dpkg-tmp=00;90:*.old=00;90:*.orig=00;90:*.part=00;90:*.rej=00;90:*.rpmnew=00;90:*.rpmorig=00;90:*.rpmsave=00;90:*.swp=00;90:*.tmp=00;90:*.ucf-dist=00;90:*.ucf-new=00;90:*.ucf-old=00;90:
    [SSH_CONNECTION] => 192.168.1.79 51368 192.168.1.126 22
    [MOZ_GMP_PATH] => /usr/lib64/mozilla/plugins/gmp-gmpopenh264/system-installed:/var/lib/widevine/gmp-widevinecdm/system-installed
    [XDG_SESSION_CLASS] => user
    [SELINUX_ROLE_REQUESTED] => 
    [TERM] => xterm-256color
    [LC_IDENTIFICATION] => ja_JP.utf8
    [LESSOPEN] => ||/usr/bin/lesspipe.sh %s
    [USER] => kn
    [SELINUX_USE_CURRENT_RANGE] => 
    [SHLVL] => 1
    [LC_TELEPHONE] => ja_JP.utf8
    [LC_MEASUREMENT] => ja_JP.utf8
    [XDG_SESSION_ID] => 15
    [XDG_RUNTIME_DIR] => /run/user/1000
    [SSH_CLIENT] => 192.168.1.79 51368 22
    [DEBUGINFOD_URLS] => https://debuginfod.fedoraproject.org/ 
    [LC_TIME] => ja_JP.utf8
    [DEBUGINFOD_IMA_CERT_PATH] => /etc/keys/ima:
    [KDEDIRS] => /usr
    [XDG_DATA_DIRS] => /home/kn/.local/share/flatpak/exports/share:/var/lib/flatpak/exports/share:/usr/local/share:/usr/share
    [PATH] => /home/kn/.local/bin:/home/kn/bin:/usr/local/bin:/usr/bin
    [SELINUX_LEVEL_REQUESTED] => 
    [DBUS_SESSION_BUS_ADDRESS] => unix:path=/run/user/1000/bus
    [MAIL] => /var/spool/mail/kn
    [SSH_TTY] => /dev/pts/1
    [LC_NUMERIC] => ja_JP.utf8
    [OLDPWD] => /var/www/html/result
    [PHP_SELF] => /var/www/cgi-bin/kendo-realtime/src/wsServer.php
    [SCRIPT_NAME] => /var/www/cgi-bin/kendo-realtime/src/wsServer.php
    [SCRIPT_FILENAME] => /var/www/cgi-bin/kendo-realtime/src/wsServer.php
    [PATH_TRANSLATED] => /var/www/cgi-bin/kendo-realtime/src/wsServer.php
    [DOCUMENT_ROOT] => 
    [REQUEST_TIME_FLOAT] => 1768686442.0477
    [REQUEST_TIME] => 1768686442
    [argv] => Array
        (
            [0] => /var/www/cgi-bin/kendo-realtime/src/wsServer.php
        )

    [argc] => 1
)

msg:New Connection (309:0)

[2026/01/18 17:41:26]--------------------------------------------------
server:Array
(
    [SHELL] => /bin/bash
    [HISTCONTROL] => ignoredups
    [HOSTNAME] => kn-macbookair
    [HISTSIZE] => 1000
    [LC_ADDRESS] => ja_JP.utf8
    [LC_NAME] => ja_JP.utf8
    [LC_MONETARY] => ja_JP.utf8
    [GPG_TTY] => /dev/pts/1
    [EDITOR] => /usr/bin/nano
    [PWD] => /var/www/cgi-bin
    [LOGNAME] => kn
    [XDG_SESSION_TYPE] => tty
    [_] => /usr/bin/nohup
    [MOTD_SHOWN] => pam
    [HOME] => /home/kn
    [SSH_ASKPASS] => /usr/bin/ksshaskpass
    [LANG] => ja_JP.utf8
    [LC_PAPER] => ja_JP.utf8
    [LS_COLORS] => rs=0:di=01;34:ln=01;36:mh=00:pi=40;33:so=01;35:do=01;35:bd=40;33;01:cd=40;33;01:or=40;31;01:mi=01;37;41:su=37;41:sg=30;43:ca=00:tw=30;42:ow=34;42:st=37;44:ex=01;32:*.7z=01;31:*.ace=01;31:*.alz=01;31:*.apk=01;31:*.arc=01;31:*.arj=01;31:*.bz=01;31:*.bz2=01;31:*.cab=01;31:*.cpio=01;31:*.crate=01;31:*.deb=01;31:*.drpm=01;31:*.dwm=01;31:*.dz=01;31:*.ear=01;31:*.egg=01;31:*.esd=01;31:*.gz=01;31:*.jar=01;31:*.lha=01;31:*.lrz=01;31:*.lz=01;31:*.lz4=01;31:*.lzh=01;31:*.lzma=01;31:*.lzo=01;31:*.pyz=01;31:*.rar=01;31:*.rpm=01;31:*.rz=01;31:*.sar=01;31:*.swm=01;31:*.t7z=01;31:*.tar=01;31:*.taz=01;31:*.tbz=01;31:*.tbz2=01;31:*.tgz=01;31:*.tlz=01;31:*.txz=01;31:*.tz=01;31:*.tzo=01;31:*.tzst=01;31:*.udeb=01;31:*.war=01;31:*.whl=01;31:*.wim=01;31:*.xz=01;31:*.z=01;31:*.zip=01;31:*.zoo=01;31:*.zst=01;31:*.avif=01;35:*.jpg=01;35:*.jpeg=01;35:*.mjpg=01;35:*.mjpeg=01;35:*.gif=01;35:*.bmp=01;35:*.pbm=01;35:*.pgm=01;35:*.ppm=01;35:*.tga=01;35:*.xbm=01;35:*.xpm=01;35:*.tif=01;35:*.tiff=01;35:*.png=01;35:*.svg=01;35:*.svgz=01;35:*.mng=01;35:*.pcx=01;35:*.mov=01;35:*.mpg=01;35:*.mpeg=01;35:*.m2v=01;35:*.mkv=01;35:*.webm=01;35:*.webp=01;35:*.ogm=01;35:*.mp4=01;35:*.m4v=01;35:*.mp4v=01;35:*.vob=01;35:*.qt=01;35:*.nuv=01;35:*.wmv=01;35:*.asf=01;35:*.rm=01;35:*.rmvb=01;35:*.flc=01;35:*.avi=01;35:*.fli=01;35:*.flv=01;35:*.gl=01;35:*.dl=01;35:*.xcf=01;35:*.xwd=01;35:*.yuv=01;35:*.cgm=01;35:*.emf=01;35:*.ogv=01;35:*.ogx=01;35:*.aac=01;36:*.au=01;36:*.flac=01;36:*.m4a=01;36:*.mid=01;36:*.midi=01;36:*.mka=01;36:*.mp3=01;36:*.mpc=01;36:*.ogg=01;36:*.ra=01;36:*.wav=01;36:*.oga=01;36:*.opus=01;36:*.spx=01;36:*.xspf=01;36:*~=00;90:*#=00;90:*.bak=00;90:*.crdownload=00;90:*.dpkg-dist=00;90:*.dpkg-new=00;90:*.dpkg-old=00;90:*.dpkg-tmp=00;90:*.old=00;90:*.orig=00;90:*.part=00;90:*.rej=00;90:*.rpmnew=00;90:*.rpmorig=00;90:*.rpmsave=00;90:*.swp=00;90:*.tmp=00;90:*.ucf-dist=00;90:*.ucf-new=00;90:*.ucf-old=00;90:
    [SSH_CONNECTION] => 192.168.1.79 51368 192.168.1.126 22
    [MOZ_GMP_PATH] => /usr/lib64/mozilla/plugins/gmp-gmpopenh264/system-installed:/var/lib/widevine/gmp-widevinecdm/system-installed
    [XDG_SESSION_CLASS] => user
    [SELINUX_ROLE_REQUESTED] => 
    [TERM] => xterm-256color
    [LC_IDENTIFICATION] => ja_JP.utf8
    [LESSOPEN] => ||/usr/bin/lesspipe.sh %s
    [USER] => kn
    [SELINUX_USE_CURRENT_RANGE] => 
    [SHLVL] => 1
    [LC_TELEPHONE] => ja_JP.utf8
    [LC_MEASUREMENT] => ja_JP.utf8
    [XDG_SESSION_ID] => 15
    [XDG_RUNTIME_DIR] => /run/user/1000
    [SSH_CLIENT] => 192.168.1.79 51368 22
    [DEBUGINFOD_URLS] => https://debuginfod.fedoraproject.org/ 
    [LC_TIME] => ja_JP.utf8
    [DEBUGINFOD_IMA_CERT_PATH] => /etc/keys/ima:
    [KDEDIRS] => /usr
    [XDG_DATA_DIRS] => /home/kn/.local/share/flatpak/exports/share:/var/lib/flatpak/exports/share:/usr/local/share:/usr/share
    [PATH] => /home/kn/.local/bin:/home/kn/bin:/usr/local/bin:/usr/bin
    [SELINUX_LEVEL_REQUESTED] => 
    [DBUS_SESSION_BUS_ADDRESS] => unix:path=/run/user/1000/bus
    [MAIL] => /var/spool/mail/kn
    [SSH_TTY] => /dev/pts/1
    [LC_NUMERIC] => ja_JP.utf8
    [OLDPWD] => /var/www/html/result
    [PHP_SELF] => /var/www/cgi-bin/kendo-realtime/src/wsServer.php
    [SCRIPT_NAME] => /var/www/cgi-bin/kendo-realtime/src/wsServer.php
    [SCRIPT_FILENAME] => /var/www/cgi-bin/kendo-realtime/src/wsServer.php
    [PATH_TRANSLATED] => /var/www/cgi-bin/kendo-realtime/src/wsServer.php
    [DOCUMENT_ROOT] => 
    [REQUEST_TIME_FLOAT] => 1768686442.0477
    [REQUEST_TIME] => 1768686442
    [argv] => Array
        (
            [0] => /var/www/cgi-bin/kendo-realtime/src/wsServer.php
        )

    [argc] => 1
)

msg:onMessage: {"mode":1,"navi":1004,"places":[2]}

[2026/01/18 17:44:43]--------------------------------------------------
server:Array
(
    [SHELL] => /bin/bash
    [HISTCONTROL] => ignoredups
    [HOSTNAME] => kn-macbookair
    [HISTSIZE] => 1000
    [LC_ADDRESS] => ja_JP.utf8
    [LC_NAME] => ja_JP.utf8
    [LC_MONETARY] => ja_JP.utf8
    [GPG_TTY] => /dev/pts/1
    [EDITOR] => /usr/bin/nano
    [PWD] => /var/www/cgi-bin
    [LOGNAME] => kn
    [XDG_SESSION_TYPE] => tty
    [_] => /usr/bin/nohup
    [MOTD_SHOWN] => pam
    [HOME] => /home/kn
    [SSH_ASKPASS] => /usr/bin/ksshaskpass
    [LANG] => ja_JP.utf8
    [LC_PAPER] => ja_JP.utf8
    [LS_COLORS] => rs=0:di=01;34:ln=01;36:mh=00:pi=40;33:so=01;35:do=01;35:bd=40;33;01:cd=40;33;01:or=40;31;01:mi=01;37;41:su=37;41:sg=30;43:ca=00:tw=30;42:ow=34;42:st=37;44:ex=01;32:*.7z=01;31:*.ace=01;31:*.alz=01;31:*.apk=01;31:*.arc=01;31:*.arj=01;31:*.bz=01;31:*.bz2=01;31:*.cab=01;31:*.cpio=01;31:*.crate=01;31:*.deb=01;31:*.drpm=01;31:*.dwm=01;31:*.dz=01;31:*.ear=01;31:*.egg=01;31:*.esd=01;31:*.gz=01;31:*.jar=01;31:*.lha=01;31:*.lrz=01;31:*.lz=01;31:*.lz4=01;31:*.lzh=01;31:*.lzma=01;31:*.lzo=01;31:*.pyz=01;31:*.rar=01;31:*.rpm=01;31:*.rz=01;31:*.sar=01;31:*.swm=01;31:*.t7z=01;31:*.tar=01;31:*.taz=01;31:*.tbz=01;31:*.tbz2=01;31:*.tgz=01;31:*.tlz=01;31:*.txz=01;31:*.tz=01;31:*.tzo=01;31:*.tzst=01;31:*.udeb=01;31:*.war=01;31:*.whl=01;31:*.wim=01;31:*.xz=01;31:*.z=01;31:*.zip=01;31:*.zoo=01;31:*.zst=01;31:*.avif=01;35:*.jpg=01;35:*.jpeg=01;35:*.mjpg=01;35:*.mjpeg=01;35:*.gif=01;35:*.bmp=01;35:*.pbm=01;35:*.pgm=01;35:*.ppm=01;35:*.tga=01;35:*.xbm=01;35:*.xpm=01;35:*.tif=01;35:*.tiff=01;35:*.png=01;35:*.svg=01;35:*.svgz=01;35:*.mng=01;35:*.pcx=01;35:*.mov=01;35:*.mpg=01;35:*.mpeg=01;35:*.m2v=01;35:*.mkv=01;35:*.webm=01;35:*.webp=01;35:*.ogm=01;35:*.mp4=01;35:*.m4v=01;35:*.mp4v=01;35:*.vob=01;35:*.qt=01;35:*.nuv=01;35:*.wmv=01;35:*.asf=01;35:*.rm=01;35:*.rmvb=01;35:*.flc=01;35:*.avi=01;35:*.fli=01;35:*.flv=01;35:*.gl=01;35:*.dl=01;35:*.xcf=01;35:*.xwd=01;35:*.yuv=01;35:*.cgm=01;35:*.emf=01;35:*.ogv=01;35:*.ogx=01;35:*.aac=01;36:*.au=01;36:*.flac=01;36:*.m4a=01;36:*.mid=01;36:*.midi=01;36:*.mka=01;36:*.mp3=01;36:*.mpc=01;36:*.ogg=01;36:*.ra=01;36:*.wav=01;36:*.oga=01;36:*.opus=01;36:*.spx=01;36:*.xspf=01;36:*~=00;90:*#=00;90:*.bak=00;90:*.crdownload=00;90:*.dpkg-dist=00;90:*.dpkg-new=00;90:*.dpkg-old=00;90:*.dpkg-tmp=00;90:*.old=00;90:*.orig=00;90:*.part=00;90:*.rej=00;90:*.rpmnew=00;90:*.rpmorig=00;90:*.rpmsave=00;90:*.swp=00;90:*.tmp=00;90:*.ucf-dist=00;90:*.ucf-new=00;90:*.ucf-old=00;90:
    [SSH_CONNECTION] => 192.168.1.79 51368 192.168.1.126 22
    [MOZ_GMP_PATH] => /usr/lib64/mozilla/plugins/gmp-gmpopenh264/system-installed:/var/lib/widevine/gmp-widevinecdm/system-installed
    [XDG_SESSION_CLASS] => user
    [SELINUX_ROLE_REQUESTED] => 
    [TERM] => xterm-256color
    [LC_IDENTIFICATION] => ja_JP.utf8
    [LESSOPEN] => ||/usr/bin/lesspipe.sh %s
    [USER] => kn
    [SELINUX_USE_CURRENT_RANGE] => 
    [SHLVL] => 1
    [LC_TELEPHONE] => ja_JP.utf8
    [LC_MEASUREMENT] => ja_JP.utf8
    [XDG_SESSION_ID] => 15
    [XDG_RUNTIME_DIR] => /run/user/1000
    [SSH_CLIENT] => 192.168.1.79 51368 22
    [DEBUGINFOD_URLS] => https://debuginfod.fedoraproject.org/ 
    [LC_TIME] => ja_JP.utf8
    [DEBUGINFOD_IMA_CERT_PATH] => /etc/keys/ima:
    [KDEDIRS] => /usr
    [XDG_DATA_DIRS] => /home/kn/.local/share/flatpak/exports/share:/var/lib/flatpak/exports/share:/usr/local/share:/usr/share
    [PATH] => /home/kn/.local/bin:/home/kn/bin:/usr/local/bin:/usr/bin
    [SELINUX_LEVEL_REQUESTED] => 
    [DBUS_SESSION_BUS_ADDRESS] => unix:path=/run/user/1000/bus
    [MAIL] => /var/spool/mail/kn
    [SSH_TTY] => /dev/pts/1
    [LC_NUMERIC] => ja_JP.utf8
    [OLDPWD] => /var/www/html/result
    [PHP_SELF] => /var/www/cgi-bin/kendo-realtime/src/wsServer.php
    [SCRIPT_NAME] => /var/www/cgi-bin/kendo-realtime/src/wsServer.php
    [SCRIPT_FILENAME] => /var/www/cgi-bin/kendo-realtime/src/wsServer.php
    [PATH_TRANSLATED] => /var/www/cgi-bin/kendo-realtime/src/wsServer.php
    [DOCUMENT_ROOT] => 
    [REQUEST_TIME_FLOAT] => 1768686442.0477
    [REQUEST_TIME] => 1768686442
    [argv] => Array
        (
            [0] => /var/www/cgi-bin/kendo-realtime/src/wsServer.php
        )

    [argc] => 1
)

msg:New Connection (315:0)

[2026/01/18 17:44:43]--------------------------------------------------
server:Array
(
    [SHELL] => /bin/bash
    [HISTCONTROL] => ignoredups
    [HOSTNAME] => kn-macbookair
    [HISTSIZE] => 1000
    [LC_ADDRESS] => ja_JP.utf8
    [LC_NAME] => ja_JP.utf8
    [LC_MONETARY] => ja_JP.utf8
    [GPG_TTY] => /dev/pts/1
    [EDITOR] => /usr/bin/nano
    [PWD] => /var/www/cgi-bin
    [LOGNAME] => kn
    [XDG_SESSION_TYPE] => tty
    [_] => /usr/bin/nohup
    [MOTD_SHOWN] => pam
    [HOME] => /home/kn
    [SSH_ASKPASS] => /usr/bin/ksshaskpass
    [LANG] => ja_JP.utf8
    [LC_PAPER] => ja_JP.utf8
    [LS_COLORS] => rs=0:di=01;34:ln=01;36:mh=00:pi=40;33:so=01;35:do=01;35:bd=40;33;01:cd=40;33;01:or=40;31;01:mi=01;37;41:su=37;41:sg=30;43:ca=00:tw=30;42:ow=34;42:st=37;44:ex=01;32:*.7z=01;31:*.ace=01;31:*.alz=01;31:*.apk=01;31:*.arc=01;31:*.arj=01;31:*.bz=01;31:*.bz2=01;31:*.cab=01;31:*.cpio=01;31:*.crate=01;31:*.deb=01;31:*.drpm=01;31:*.dwm=01;31:*.dz=01;31:*.ear=01;31:*.egg=01;31:*.esd=01;31:*.gz=01;31:*.jar=01;31:*.lha=01;31:*.lrz=01;31:*.lz=01;31:*.lz4=01;31:*.lzh=01;31:*.lzma=01;31:*.lzo=01;31:*.pyz=01;31:*.rar=01;31:*.rpm=01;31:*.rz=01;31:*.sar=01;31:*.swm=01;31:*.t7z=01;31:*.tar=01;31:*.taz=01;31:*.tbz=01;31:*.tbz2=01;31:*.tgz=01;31:*.tlz=01;31:*.txz=01;31:*.tz=01;31:*.tzo=01;31:*.tzst=01;31:*.udeb=01;31:*.war=01;31:*.whl=01;31:*.wim=01;31:*.xz=01;31:*.z=01;31:*.zip=01;31:*.zoo=01;31:*.zst=01;31:*.avif=01;35:*.jpg=01;35:*.jpeg=01;35:*.mjpg=01;35:*.mjpeg=01;35:*.gif=01;35:*.bmp=01;35:*.pbm=01;35:*.pgm=01;35:*.ppm=01;35:*.tga=01;35:*.xbm=01;35:*.xpm=01;35:*.tif=01;35:*.tiff=01;35:*.png=01;35:*.svg=01;35:*.svgz=01;35:*.mng=01;35:*.pcx=01;35:*.mov=01;35:*.mpg=01;35:*.mpeg=01;35:*.m2v=01;35:*.mkv=01;35:*.webm=01;35:*.webp=01;35:*.ogm=01;35:*.mp4=01;35:*.m4v=01;35:*.mp4v=01;35:*.vob=01;35:*.qt=01;35:*.nuv=01;35:*.wmv=01;35:*.asf=01;35:*.rm=01;35:*.rmvb=01;35:*.flc=01;35:*.avi=01;35:*.fli=01;35:*.flv=01;35:*.gl=01;35:*.dl=01;35:*.xcf=01;35:*.xwd=01;35:*.yuv=01;35:*.cgm=01;35:*.emf=01;35:*.ogv=01;35:*.ogx=01;35:*.aac=01;36:*.au=01;36:*.flac=01;36:*.m4a=01;36:*.mid=01;36:*.midi=01;36:*.mka=01;36:*.mp3=01;36:*.mpc=01;36:*.ogg=01;36:*.ra=01;36:*.wav=01;36:*.oga=01;36:*.opus=01;36:*.spx=01;36:*.xspf=01;36:*~=00;90:*#=00;90:*.bak=00;90:*.crdownload=00;90:*.dpkg-dist=00;90:*.dpkg-new=00;90:*.dpkg-old=00;90:*.dpkg-tmp=00;90:*.old=00;90:*.orig=00;90:*.part=00;90:*.rej=00;90:*.rpmnew=00;90:*.rpmorig=00;90:*.rpmsave=00;90:*.swp=00;90:*.tmp=00;90:*.ucf-dist=00;90:*.ucf-new=00;90:*.ucf-old=00;90:
    [SSH_CONNECTION] => 192.168.1.79 51368 192.168.1.126 22
    [MOZ_GMP_PATH] => /usr/lib64/mozilla/plugins/gmp-gmpopenh264/system-installed:/var/lib/widevine/gmp-widevinecdm/system-installed
    [XDG_SESSION_CLASS] => user
    [SELINUX_ROLE_REQUESTED] => 
    [TERM] => xterm-256color
    [LC_IDENTIFICATION] => ja_JP.utf8
    [LESSOPEN] => ||/usr/bin/lesspipe.sh %s
    [USER] => kn
    [SELINUX_USE_CURRENT_RANGE] => 
    [SHLVL] => 1
    [LC_TELEPHONE] => ja_JP.utf8
    [LC_MEASUREMENT] => ja_JP.utf8
    [XDG_SESSION_ID] => 15
    [XDG_RUNTIME_DIR] => /run/user/1000
    [SSH_CLIENT] => 192.168.1.79 51368 22
    [DEBUGINFOD_URLS] => https://debuginfod.fedoraproject.org/ 
    [LC_TIME] => ja_JP.utf8
    [DEBUGINFOD_IMA_CERT_PATH] => /etc/keys/ima:
    [KDEDIRS] => /usr
    [XDG_DATA_DIRS] => /home/kn/.local/share/flatpak/exports/share:/var/lib/flatpak/exports/share:/usr/local/share:/usr/share
    [PATH] => /home/kn/.local/bin:/home/kn/bin:/usr/local/bin:/usr/bin
    [SELINUX_LEVEL_REQUESTED] => 
    [DBUS_SESSION_BUS_ADDRESS] => unix:path=/run/user/1000/bus
    [MAIL] => /var/spool/mail/kn
    [SSH_TTY] => /dev/pts/1
    [LC_NUMERIC] => ja_JP.utf8
    [OLDPWD] => /var/www/html/result
    [PHP_SELF] => /var/www/cgi-bin/kendo-realtime/src/wsServer.php
    [SCRIPT_NAME] => /var/www/cgi-bin/kendo-realtime/src/wsServer.php
    [SCRIPT_FILENAME] => /var/www/cgi-bin/kendo-realtime/src/wsServer.php
    [PATH_TRANSLATED] => /var/www/cgi-bin/kendo-realtime/src/wsServer.php
    [DOCUMENT_ROOT] => 
    [REQUEST_TIME_FLOAT] => 1768686442.0477
    [REQUEST_TIME] => 1768686442
    [argv] => Array
        (
            [0] => /var/www/cgi-bin/kendo-realtime/src/wsServer.php
        )

    [argc] => 1
)

msg:onMessage: {"mode":1,"navi":1004,"places":[2]}

[2026/01/18 17:54:40]--------------------------------------------------
server:Array
(
    [SHELL] => /bin/bash
    [HISTCONTROL] => ignoredups
    [HOSTNAME] => kn-macbookair
    [HISTSIZE] => 1000
    [LC_ADDRESS] => ja_JP.utf8
    [LC_NAME] => ja_JP.utf8
    [LC_MONETARY] => ja_JP.utf8
    [GPG_TTY] => /dev/pts/1
    [EDITOR] => /usr/bin/nano
    [PWD] => /var/www/cgi-bin
    [LOGNAME] => kn
    [XDG_SESSION_TYPE] => tty
    [_] => /usr/bin/nohup
    [MOTD_SHOWN] => pam
    [HOME] => /home/kn
    [SSH_ASKPASS] => /usr/bin/ksshaskpass
    [LANG] => ja_JP.utf8
    [LC_PAPER] => ja_JP.utf8
    [LS_COLORS] => rs=0:di=01;34:ln=01;36:mh=00:pi=40;33:so=01;35:do=01;35:bd=40;33;01:cd=40;33;01:or=40;31;01:mi=01;37;41:su=37;41:sg=30;43:ca=00:tw=30;42:ow=34;42:st=37;44:ex=01;32:*.7z=01;31:*.ace=01;31:*.alz=01;31:*.apk=01;31:*.arc=01;31:*.arj=01;31:*.bz=01;31:*.bz2=01;31:*.cab=01;31:*.cpio=01;31:*.crate=01;31:*.deb=01;31:*.drpm=01;31:*.dwm=01;31:*.dz=01;31:*.ear=01;31:*.egg=01;31:*.esd=01;31:*.gz=01;31:*.jar=01;31:*.lha=01;31:*.lrz=01;31:*.lz=01;31:*.lz4=01;31:*.lzh=01;31:*.lzma=01;31:*.lzo=01;31:*.pyz=01;31:*.rar=01;31:*.rpm=01;31:*.rz=01;31:*.sar=01;31:*.swm=01;31:*.t7z=01;31:*.tar=01;31:*.taz=01;31:*.tbz=01;31:*.tbz2=01;31:*.tgz=01;31:*.tlz=01;31:*.txz=01;31:*.tz=01;31:*.tzo=01;31:*.tzst=01;31:*.udeb=01;31:*.war=01;31:*.whl=01;31:*.wim=01;31:*.xz=01;31:*.z=01;31:*.zip=01;31:*.zoo=01;31:*.zst=01;31:*.avif=01;35:*.jpg=01;35:*.jpeg=01;35:*.mjpg=01;35:*.mjpeg=01;35:*.gif=01;35:*.bmp=01;35:*.pbm=01;35:*.pgm=01;35:*.ppm=01;35:*.tga=01;35:*.xbm=01;35:*.xpm=01;35:*.tif=01;35:*.tiff=01;35:*.png=01;35:*.svg=01;35:*.svgz=01;35:*.mng=01;35:*.pcx=01;35:*.mov=01;35:*.mpg=01;35:*.mpeg=01;35:*.m2v=01;35:*.mkv=01;35:*.webm=01;35:*.webp=01;35:*.ogm=01;35:*.mp4=01;35:*.m4v=01;35:*.mp4v=01;35:*.vob=01;35:*.qt=01;35:*.nuv=01;35:*.wmv=01;35:*.asf=01;35:*.rm=01;35:*.rmvb=01;35:*.flc=01;35:*.avi=01;35:*.fli=01;35:*.flv=01;35:*.gl=01;35:*.dl=01;35:*.xcf=01;35:*.xwd=01;35:*.yuv=01;35:*.cgm=01;35:*.emf=01;35:*.ogv=01;35:*.ogx=01;35:*.aac=01;36:*.au=01;36:*.flac=01;36:*.m4a=01;36:*.mid=01;36:*.midi=01;36:*.mka=01;36:*.mp3=01;36:*.mpc=01;36:*.ogg=01;36:*.ra=01;36:*.wav=01;36:*.oga=01;36:*.opus=01;36:*.spx=01;36:*.xspf=01;36:*~=00;90:*#=00;90:*.bak=00;90:*.crdownload=00;90:*.dpkg-dist=00;90:*.dpkg-new=00;90:*.dpkg-old=00;90:*.dpkg-tmp=00;90:*.old=00;90:*.orig=00;90:*.part=00;90:*.rej=00;90:*.rpmnew=00;90:*.rpmorig=00;90:*.rpmsave=00;90:*.swp=00;90:*.tmp=00;90:*.ucf-dist=00;90:*.ucf-new=00;90:*.ucf-old=00;90:
    [SSH_CONNECTION] => 192.168.1.79 51368 192.168.1.126 22
    [MOZ_GMP_PATH] => /usr/lib64/mozilla/plugins/gmp-gmpopenh264/system-installed:/var/lib/widevine/gmp-widevinecdm/system-installed
    [XDG_SESSION_CLASS] => user
    [SELINUX_ROLE_REQUESTED] => 
    [TERM] => xterm-256color
    [LC_IDENTIFICATION] => ja_JP.utf8
    [LESSOPEN] => ||/usr/bin/lesspipe.sh %s
    [USER] => kn
    [SELINUX_USE_CURRENT_RANGE] => 
    [SHLVL] => 1
    [LC_TELEPHONE] => ja_JP.utf8
    [LC_MEASUREMENT] => ja_JP.utf8
    [XDG_SESSION_ID] => 15
    [XDG_RUNTIME_DIR] => /run/user/1000
    [SSH_CLIENT] => 192.168.1.79 51368 22
    [DEBUGINFOD_URLS] => https://debuginfod.fedoraproject.org/ 
    [LC_TIME] => ja_JP.utf8
    [DEBUGINFOD_IMA_CERT_PATH] => /etc/keys/ima:
    [KDEDIRS] => /usr
    [XDG_DATA_DIRS] => /home/kn/.local/share/flatpak/exports/share:/var/lib/flatpak/exports/share:/usr/local/share:/usr/share
    [PATH] => /home/kn/.local/bin:/home/kn/bin:/usr/local/bin:/usr/bin
    [SELINUX_LEVEL_REQUESTED] => 
    [DBUS_SESSION_BUS_ADDRESS] => unix:path=/run/user/1000/bus
    [MAIL] => /var/spool/mail/kn
    [SSH_TTY] => /dev/pts/1
    [LC_NUMERIC] => ja_JP.utf8
    [OLDPWD] => /var/www/html/result
    [PHP_SELF] => /var/www/cgi-bin/kendo-realtime/src/wsServer.php
    [SCRIPT_NAME] => /var/www/cgi-bin/kendo-realtime/src/wsServer.php
    [SCRIPT_FILENAME] => /var/www/cgi-bin/kendo-realtime/src/wsServer.php
    [PATH_TRANSLATED] => /var/www/cgi-bin/kendo-realtime/src/wsServer.php
    [DOCUMENT_ROOT] => 
    [REQUEST_TIME_FLOAT] => 1768686442.0477
    [REQUEST_TIME] => 1768686442
    [argv] => Array
        (
            [0] => /var/www/cgi-bin/kendo-realtime/src/wsServer.php
        )

    [argc] => 1
)

msg:New Connection (321:0)

[2026/01/18 17:54:40]--------------------------------------------------
server:Array
(
    [SHELL] => /bin/bash
    [HISTCONTROL] => ignoredups
    [HOSTNAME] => kn-macbookair
    [HISTSIZE] => 1000
    [LC_ADDRESS] => ja_JP.utf8
    [LC_NAME] => ja_JP.utf8
    [LC_MONETARY] => ja_JP.utf8
    [GPG_TTY] => /dev/pts/1
    [EDITOR] => /usr/bin/nano
    [PWD] => /var/www/cgi-bin
    [LOGNAME] => kn
    [XDG_SESSION_TYPE] => tty
    [_] => /usr/bin/nohup
    [MOTD_SHOWN] => pam
    [HOME] => /home/kn
    [SSH_ASKPASS] => /usr/bin/ksshaskpass
    [LANG] => ja_JP.utf8
    [LC_PAPER] => ja_JP.utf8
    [LS_COLORS] => rs=0:di=01;34:ln=01;36:mh=00:pi=40;33:so=01;35:do=01;35:bd=40;33;01:cd=40;33;01:or=40;31;01:mi=01;37;41:su=37;41:sg=30;43:ca=00:tw=30;42:ow=34;42:st=37;44:ex=01;32:*.7z=01;31:*.ace=01;31:*.alz=01;31:*.apk=01;31:*.arc=01;31:*.arj=01;31:*.bz=01;31:*.bz2=01;31:*.cab=01;31:*.cpio=01;31:*.crate=01;31:*.deb=01;31:*.drpm=01;31:*.dwm=01;31:*.dz=01;31:*.ear=01;31:*.egg=01;31:*.esd=01;31:*.gz=01;31:*.jar=01;31:*.lha=01;31:*.lrz=01;31:*.lz=01;31:*.lz4=01;31:*.lzh=01;31:*.lzma=01;31:*.lzo=01;31:*.pyz=01;31:*.rar=01;31:*.rpm=01;31:*.rz=01;31:*.sar=01;31:*.swm=01;31:*.t7z=01;31:*.tar=01;31:*.taz=01;31:*.tbz=01;31:*.tbz2=01;31:*.tgz=01;31:*.tlz=01;31:*.txz=01;31:*.tz=01;31:*.tzo=01;31:*.tzst=01;31:*.udeb=01;31:*.war=01;31:*.whl=01;31:*.wim=01;31:*.xz=01;31:*.z=01;31:*.zip=01;31:*.zoo=01;31:*.zst=01;31:*.avif=01;35:*.jpg=01;35:*.jpeg=01;35:*.mjpg=01;35:*.mjpeg=01;35:*.gif=01;35:*.bmp=01;35:*.pbm=01;35:*.pgm=01;35:*.ppm=01;35:*.tga=01;35:*.xbm=01;35:*.xpm=01;35:*.tif=01;35:*.tiff=01;35:*.png=01;35:*.svg=01;35:*.svgz=01;35:*.mng=01;35:*.pcx=01;35:*.mov=01;35:*.mpg=01;35:*.mpeg=01;35:*.m2v=01;35:*.mkv=01;35:*.webm=01;35:*.webp=01;35:*.ogm=01;35:*.mp4=01;35:*.m4v=01;35:*.mp4v=01;35:*.vob=01;35:*.qt=01;35:*.nuv=01;35:*.wmv=01;35:*.asf=01;35:*.rm=01;35:*.rmvb=01;35:*.flc=01;35:*.avi=01;35:*.fli=01;35:*.flv=01;35:*.gl=01;35:*.dl=01;35:*.xcf=01;35:*.xwd=01;35:*.yuv=01;35:*.cgm=01;35:*.emf=01;35:*.ogv=01;35:*.ogx=01;35:*.aac=01;36:*.au=01;36:*.flac=01;36:*.m4a=01;36:*.mid=01;36:*.midi=01;36:*.mka=01;36:*.mp3=01;36:*.mpc=01;36:*.ogg=01;36:*.ra=01;36:*.wav=01;36:*.oga=01;36:*.opus=01;36:*.spx=01;36:*.xspf=01;36:*~=00;90:*#=00;90:*.bak=00;90:*.crdownload=00;90:*.dpkg-dist=00;90:*.dpkg-new=00;90:*.dpkg-old=00;90:*.dpkg-tmp=00;90:*.old=00;90:*.orig=00;90:*.part=00;90:*.rej=00;90:*.rpmnew=00;90:*.rpmorig=00;90:*.rpmsave=00;90:*.swp=00;90:*.tmp=00;90:*.ucf-dist=00;90:*.ucf-new=00;90:*.ucf-old=00;90:
    [SSH_CONNECTION] => 192.168.1.79 51368 192.168.1.126 22
    [MOZ_GMP_PATH] => /usr/lib64/mozilla/plugins/gmp-gmpopenh264/system-installed:/var/lib/widevine/gmp-widevinecdm/system-installed
    [XDG_SESSION_CLASS] => user
    [SELINUX_ROLE_REQUESTED] => 
    [TERM] => xterm-256color
    [LC_IDENTIFICATION] => ja_JP.utf8
    [LESSOPEN] => ||/usr/bin/lesspipe.sh %s
    [USER] => kn
    [SELINUX_USE_CURRENT_RANGE] => 
    [SHLVL] => 1
    [LC_TELEPHONE] => ja_JP.utf8
    [LC_MEASUREMENT] => ja_JP.utf8
    [XDG_SESSION_ID] => 15
    [XDG_RUNTIME_DIR] => /run/user/1000
    [SSH_CLIENT] => 192.168.1.79 51368 22
    [DEBUGINFOD_URLS] => https://debuginfod.fedoraproject.org/ 
    [LC_TIME] => ja_JP.utf8
    [DEBUGINFOD_IMA_CERT_PATH] => /etc/keys/ima:
    [KDEDIRS] => /usr
    [XDG_DATA_DIRS] => /home/kn/.local/share/flatpak/exports/share:/var/lib/flatpak/exports/share:/usr/local/share:/usr/share
    [PATH] => /home/kn/.local/bin:/home/kn/bin:/usr/local/bin:/usr/bin
    [SELINUX_LEVEL_REQUESTED] => 
    [DBUS_SESSION_BUS_ADDRESS] => unix:path=/run/user/1000/bus
    [MAIL] => /var/spool/mail/kn
    [SSH_TTY] => /dev/pts/1
    [LC_NUMERIC] => ja_JP.utf8
    [OLDPWD] => /var/www/html/result
    [PHP_SELF] => /var/www/cgi-bin/kendo-realtime/src/wsServer.php
    [SCRIPT_NAME] => /var/www/cgi-bin/kendo-realtime/src/wsServer.php
    [SCRIPT_FILENAME] => /var/www/cgi-bin/kendo-realtime/src/wsServer.php
    [PATH_TRANSLATED] => /var/www/cgi-bin/kendo-realtime/src/wsServer.php
    [DOCUMENT_ROOT] => 
    [REQUEST_TIME_FLOAT] => 1768686442.0477
    [REQUEST_TIME] => 1768686442
    [argv] => Array
        (
            [0] => /var/www/cgi-bin/kendo-realtime/src/wsServer.php
        )

    [argc] => 1
)

msg:onMessage: {"mode":1,"navi":1004,"places":[2]}

[2026/01/18 17:57:06]--------------------------------------------------
server:Array
(
    [SHELL] => /bin/bash
    [HISTCONTROL] => ignoredups
    [HOSTNAME] => kn-macbookair
    [HISTSIZE] => 1000
    [LC_ADDRESS] => ja_JP.utf8
    [LC_NAME] => ja_JP.utf8
    [LC_MONETARY] => ja_JP.utf8
    [GPG_TTY] => /dev/pts/1
    [EDITOR] => /usr/bin/nano
    [PWD] => /var/www/cgi-bin
    [LOGNAME] => kn
    [XDG_SESSION_TYPE] => tty
    [_] => /usr/bin/nohup
    [MOTD_SHOWN] => pam
    [HOME] => /home/kn
    [SSH_ASKPASS] => /usr/bin/ksshaskpass
    [LANG] => ja_JP.utf8
    [LC_PAPER] => ja_JP.utf8
    [LS_COLORS] => rs=0:di=01;34:ln=01;36:mh=00:pi=40;33:so=01;35:do=01;35:bd=40;33;01:cd=40;33;01:or=40;31;01:mi=01;37;41:su=37;41:sg=30;43:ca=00:tw=30;42:ow=34;42:st=37;44:ex=01;32:*.7z=01;31:*.ace=01;31:*.alz=01;31:*.apk=01;31:*.arc=01;31:*.arj=01;31:*.bz=01;31:*.bz2=01;31:*.cab=01;31:*.cpio=01;31:*.crate=01;31:*.deb=01;31:*.drpm=01;31:*.dwm=01;31:*.dz=01;31:*.ear=01;31:*.egg=01;31:*.esd=01;31:*.gz=01;31:*.jar=01;31:*.lha=01;31:*.lrz=01;31:*.lz=01;31:*.lz4=01;31:*.lzh=01;31:*.lzma=01;31:*.lzo=01;31:*.pyz=01;31:*.rar=01;31:*.rpm=01;31:*.rz=01;31:*.sar=01;31:*.swm=01;31:*.t7z=01;31:*.tar=01;31:*.taz=01;31:*.tbz=01;31:*.tbz2=01;31:*.tgz=01;31:*.tlz=01;31:*.txz=01;31:*.tz=01;31:*.tzo=01;31:*.tzst=01;31:*.udeb=01;31:*.war=01;31:*.whl=01;31:*.wim=01;31:*.xz=01;31:*.z=01;31:*.zip=01;31:*.zoo=01;31:*.zst=01;31:*.avif=01;35:*.jpg=01;35:*.jpeg=01;35:*.mjpg=01;35:*.mjpeg=01;35:*.gif=01;35:*.bmp=01;35:*.pbm=01;35:*.pgm=01;35:*.ppm=01;35:*.tga=01;35:*.xbm=01;35:*.xpm=01;35:*.tif=01;35:*.tiff=01;35:*.png=01;35:*.svg=01;35:*.svgz=01;35:*.mng=01;35:*.pcx=01;35:*.mov=01;35:*.mpg=01;35:*.mpeg=01;35:*.m2v=01;35:*.mkv=01;35:*.webm=01;35:*.webp=01;35:*.ogm=01;35:*.mp4=01;35:*.m4v=01;35:*.mp4v=01;35:*.vob=01;35:*.qt=01;35:*.nuv=01;35:*.wmv=01;35:*.asf=01;35:*.rm=01;35:*.rmvb=01;35:*.flc=01;35:*.avi=01;35:*.fli=01;35:*.flv=01;35:*.gl=01;35:*.dl=01;35:*.xcf=01;35:*.xwd=01;35:*.yuv=01;35:*.cgm=01;35:*.emf=01;35:*.ogv=01;35:*.ogx=01;35:*.aac=01;36:*.au=01;36:*.flac=01;36:*.m4a=01;36:*.mid=01;36:*.midi=01;36:*.mka=01;36:*.mp3=01;36:*.mpc=01;36:*.ogg=01;36:*.ra=01;36:*.wav=01;36:*.oga=01;36:*.opus=01;36:*.spx=01;36:*.xspf=01;36:*~=00;90:*#=00;90:*.bak=00;90:*.crdownload=00;90:*.dpkg-dist=00;90:*.dpkg-new=00;90:*.dpkg-old=00;90:*.dpkg-tmp=00;90:*.old=00;90:*.orig=00;90:*.part=00;90:*.rej=00;90:*.rpmnew=00;90:*.rpmorig=00;90:*.rpmsave=00;90:*.swp=00;90:*.tmp=00;90:*.ucf-dist=00;90:*.ucf-new=00;90:*.ucf-old=00;90:
    [SSH_CONNECTION] => 192.168.1.79 51368 192.168.1.126 22
    [MOZ_GMP_PATH] => /usr/lib64/mozilla/plugins/gmp-gmpopenh264/system-installed:/var/lib/widevine/gmp-widevinecdm/system-installed
    [XDG_SESSION_CLASS] => user
    [SELINUX_ROLE_REQUESTED] => 
    [TERM] => xterm-256color
    [LC_IDENTIFICATION] => ja_JP.utf8
    [LESSOPEN] => ||/usr/bin/lesspipe.sh %s
    [USER] => kn
    [SELINUX_USE_CURRENT_RANGE] => 
    [SHLVL] => 1
    [LC_TELEPHONE] => ja_JP.utf8
    [LC_MEASUREMENT] => ja_JP.utf8
    [XDG_SESSION_ID] => 15
    [XDG_RUNTIME_DIR] => /run/user/1000
    [SSH_CLIENT] => 192.168.1.79 51368 22
    [DEBUGINFOD_URLS] => https://debuginfod.fedoraproject.org/ 
    [LC_TIME] => ja_JP.utf8
    [DEBUGINFOD_IMA_CERT_PATH] => /etc/keys/ima:
    [KDEDIRS] => /usr
    [XDG_DATA_DIRS] => /home/kn/.local/share/flatpak/exports/share:/var/lib/flatpak/exports/share:/usr/local/share:/usr/share
    [PATH] => /home/kn/.local/bin:/home/kn/bin:/usr/local/bin:/usr/bin
    [SELINUX_LEVEL_REQUESTED] => 
    [DBUS_SESSION_BUS_ADDRESS] => unix:path=/run/user/1000/bus
    [MAIL] => /var/spool/mail/kn
    [SSH_TTY] => /dev/pts/1
    [LC_NUMERIC] => ja_JP.utf8
    [OLDPWD] => /var/www/html/result
    [PHP_SELF] => /var/www/cgi-bin/kendo-realtime/src/wsServer.php
    [SCRIPT_NAME] => /var/www/cgi-bin/kendo-realtime/src/wsServer.php
    [SCRIPT_FILENAME] => /var/www/cgi-bin/kendo-realtime/src/wsServer.php
    [PATH_TRANSLATED] => /var/www/cgi-bin/kendo-realtime/src/wsServer.php
    [DOCUMENT_ROOT] => 
    [REQUEST_TIME_FLOAT] => 1768686442.0477
    [REQUEST_TIME] => 1768686442
    [argv] => Array
        (
            [0] => /var/www/cgi-bin/kendo-realtime/src/wsServer.php
        )

    [argc] => 1
)

msg:New Connection (327:0)

[2026/01/18 17:57:06]--------------------------------------------------
server:Array
(
    [SHELL] => /bin/bash
    [HISTCONTROL] => ignoredups
    [HOSTNAME] => kn-macbookair
    [HISTSIZE] => 1000
    [LC_ADDRESS] => ja_JP.utf8
    [LC_NAME] => ja_JP.utf8
    [LC_MONETARY] => ja_JP.utf8
    [GPG_TTY] => /dev/pts/1
    [EDITOR] => /usr/bin/nano
    [PWD] => /var/www/cgi-bin
    [LOGNAME] => kn
    [XDG_SESSION_TYPE] => tty
    [_] => /usr/bin/nohup
    [MOTD_SHOWN] => pam
    [HOME] => /home/kn
    [SSH_ASKPASS] => /usr/bin/ksshaskpass
    [LANG] => ja_JP.utf8
    [LC_PAPER] => ja_JP.utf8
    [LS_COLORS] => rs=0:di=01;34:ln=01;36:mh=00:pi=40;33:so=01;35:do=01;35:bd=40;33;01:cd=40;33;01:or=40;31;01:mi=01;37;41:su=37;41:sg=30;43:ca=00:tw=30;42:ow=34;42:st=37;44:ex=01;32:*.7z=01;31:*.ace=01;31:*.alz=01;31:*.apk=01;31:*.arc=01;31:*.arj=01;31:*.bz=01;31:*.bz2=01;31:*.cab=01;31:*.cpio=01;31:*.crate=01;31:*.deb=01;31:*.drpm=01;31:*.dwm=01;31:*.dz=01;31:*.ear=01;31:*.egg=01;31:*.esd=01;31:*.gz=01;31:*.jar=01;31:*.lha=01;31:*.lrz=01;31:*.lz=01;31:*.lz4=01;31:*.lzh=01;31:*.lzma=01;31:*.lzo=01;31:*.pyz=01;31:*.rar=01;31:*.rpm=01;31:*.rz=01;31:*.sar=01;31:*.swm=01;31:*.t7z=01;31:*.tar=01;31:*.taz=01;31:*.tbz=01;31:*.tbz2=01;31:*.tgz=01;31:*.tlz=01;31:*.txz=01;31:*.tz=01;31:*.tzo=01;31:*.tzst=01;31:*.udeb=01;31:*.war=01;31:*.whl=01;31:*.wim=01;31:*.xz=01;31:*.z=01;31:*.zip=01;31:*.zoo=01;31:*.zst=01;31:*.avif=01;35:*.jpg=01;35:*.jpeg=01;35:*.mjpg=01;35:*.mjpeg=01;35:*.gif=01;35:*.bmp=01;35:*.pbm=01;35:*.pgm=01;35:*.ppm=01;35:*.tga=01;35:*.xbm=01;35:*.xpm=01;35:*.tif=01;35:*.tiff=01;35:*.png=01;35:*.svg=01;35:*.svgz=01;35:*.mng=01;35:*.pcx=01;35:*.mov=01;35:*.mpg=01;35:*.mpeg=01;35:*.m2v=01;35:*.mkv=01;35:*.webm=01;35:*.webp=01;35:*.ogm=01;35:*.mp4=01;35:*.m4v=01;35:*.mp4v=01;35:*.vob=01;35:*.qt=01;35:*.nuv=01;35:*.wmv=01;35:*.asf=01;35:*.rm=01;35:*.rmvb=01;35:*.flc=01;35:*.avi=01;35:*.fli=01;35:*.flv=01;35:*.gl=01;35:*.dl=01;35:*.xcf=01;35:*.xwd=01;35:*.yuv=01;35:*.cgm=01;35:*.emf=01;35:*.ogv=01;35:*.ogx=01;35:*.aac=01;36:*.au=01;36:*.flac=01;36:*.m4a=01;36:*.mid=01;36:*.midi=01;36:*.mka=01;36:*.mp3=01;36:*.mpc=01;36:*.ogg=01;36:*.ra=01;36:*.wav=01;36:*.oga=01;36:*.opus=01;36:*.spx=01;36:*.xspf=01;36:*~=00;90:*#=00;90:*.bak=00;90:*.crdownload=00;90:*.dpkg-dist=00;90:*.dpkg-new=00;90:*.dpkg-old=00;90:*.dpkg-tmp=00;90:*.old=00;90:*.orig=00;90:*.part=00;90:*.rej=00;90:*.rpmnew=00;90:*.rpmorig=00;90:*.rpmsave=00;90:*.swp=00;90:*.tmp=00;90:*.ucf-dist=00;90:*.ucf-new=00;90:*.ucf-old=00;90:
    [SSH_CONNECTION] => 192.168.1.79 51368 192.168.1.126 22
    [MOZ_GMP_PATH] => /usr/lib64/mozilla/plugins/gmp-gmpopenh264/system-installed:/var/lib/widevine/gmp-widevinecdm/system-installed
    [XDG_SESSION_CLASS] => user
    [SELINUX_ROLE_REQUESTED] => 
    [TERM] => xterm-256color
    [LC_IDENTIFICATION] => ja_JP.utf8
    [LESSOPEN] => ||/usr/bin/lesspipe.sh %s
    [USER] => kn
    [SELINUX_USE_CURRENT_RANGE] => 
    [SHLVL] => 1
    [LC_TELEPHONE] => ja_JP.utf8
    [LC_MEASUREMENT] => ja_JP.utf8
    [XDG_SESSION_ID] => 15
    [XDG_RUNTIME_DIR] => /run/user/1000
    [SSH_CLIENT] => 192.168.1.79 51368 22
    [DEBUGINFOD_URLS] => https://debuginfod.fedoraproject.org/ 
    [LC_TIME] => ja_JP.utf8
    [DEBUGINFOD_IMA_CERT_PATH] => /etc/keys/ima:
    [KDEDIRS] => /usr
    [XDG_DATA_DIRS] => /home/kn/.local/share/flatpak/exports/share:/var/lib/flatpak/exports/share:/usr/local/share:/usr/share
    [PATH] => /home/kn/.local/bin:/home/kn/bin:/usr/local/bin:/usr/bin
    [SELINUX_LEVEL_REQUESTED] => 
    [DBUS_SESSION_BUS_ADDRESS] => unix:path=/run/user/1000/bus
    [MAIL] => /var/spool/mail/kn
    [SSH_TTY] => /dev/pts/1
    [LC_NUMERIC] => ja_JP.utf8
    [OLDPWD] => /var/www/html/result
    [PHP_SELF] => /var/www/cgi-bin/kendo-realtime/src/wsServer.php
    [SCRIPT_NAME] => /var/www/cgi-bin/kendo-realtime/src/wsServer.php
    [SCRIPT_FILENAME] => /var/www/cgi-bin/kendo-realtime/src/wsServer.php
    [PATH_TRANSLATED] => /var/www/cgi-bin/kendo-realtime/src/wsServer.php
    [DOCUMENT_ROOT] => 
    [REQUEST_TIME_FLOAT] => 1768686442.0477
    [REQUEST_TIME] => 1768686442
    [argv] => Array
        (
            [0] => /var/www/cgi-bin/kendo-realtime/src/wsServer.php
        )

    [argc] => 1
)

msg:onMessage: {"mode":1,"navi":1004,"places":[2]}

